avgAnnCount,avgDeathsPerYear,incidenceRate,medIncome,popEst2015,povertyPercent,studyPerCap,MedianAge,MedianAgeMale,MedianAgeFemale,AvgHouseholdSize,PercentMarried,PctNoHS18_24,PctHS18_24,PctBachDeg18_24,PctHS25_Over,PctBachDeg25_Over,PctEmployed16_Over,PctUnemployed16_Over,PctPrivateCoverage,PctPrivateCoverageAlone,PctEmpPrivCoverage,PctPublicCoverage,PctPublicCoverageAlone,PctWhite,PctBlack,PctAsian,PctOtherRace,PctMarriedHouseholds,BirthRate,meanIncome
411.0,172,450.4,51303,87757,15.5,22.79020477,38.6,37.4,40.2,2.55,50.8,14.2,38.5,6.1,36.6,13.2,58.9,7.7,65.4,51.1,44.6,35.3,20.6,84.05855701,11.72329318,0.750395414,1.05126711,50.00462036,5.317306713,52796.0
8.0,4,214.8,32086,3379,26.7,0.0,39.6,40.4,36.8,3.06,50.2,26.3,33.9,1.8,24.5,6.4,44.1,5.7,34.9,28.0,24.6,46.0,34.2,90.69069069,1.261261261,0.780780781,5.405405405,53.82231405,8.859060403,28429.05
20.0,11,426.4,39936,3019,15.2,0.0,49.9,50.5,49.3,2.21,59.7,18.5,34.8,8.1,37.6,13.4,61.5,4.5,72.1,52.9,33.1,33.9,13.0,96.71251258,0.10063737,0.0,0.16772895,54.28790199,10.27131783,38888.25
45.0,19,387.7,40179,9145,13.8,0.0,42.1,42.1,42.1,2.27,45.9,10.8,23.3,16.7,21.4,22.8,58.4,4.9,65.0,49.5,42.7,29.8,13.0,93.22144017,1.331889551,0.0,2.111532214,40.9689441,1.812688822,38888.25
6346.0,2389,452.0,55803,1501335,18.1,239.1205161,35.5,34.2,36.8,2.76,45.0,13.9,29.5,7.2,22.3,19.1,55.3,11.8,63.2,48.7,45.4,35.2,21.6,59.58677393,9.957416675,15.04162824,6.8865327,44.78928273,5.384470827,58020.05
1962.667684,6,453.5494221,45341,2591,12.0,0.0,49.8,49.0,51.9,2.12,60.8,19.2,21.9,17.9,32.7,20.0,59.6,2.4,77.0,46.7,37.2,38.8,12.8,91.90127266,3.085229464,1.195526417,0.0,53.2889259,10.81081081,46611.3
401.0,181,449.2,42466,77170,19.2,699.7537903,40.6,39.7,41.9,2.52,49.2,20.9,40.1,3.7,42.8,9.3,48.3,11.3,62.1,47.2,44.2,40.4,24.8,90.33413505,5.22667908,0.531460936,0.315514521,51.75634087,4.967320261,41543.55
142.0,54,457.0,48994,21775,11.7,0.0,44.4,42.8,46.2,2.42,60.3,7.3,45.5,5.8,45.5,10.9,55.1,6.2,70.8,52.7,46.5,37.2,18.8,98.47614741,0.551661768,0.325570879,0.049739995,58.74613003,4.376511986,49534.0
1931.0,592,399.0,88516,716087,8.8,34.91195902,35.5,34.6,36.3,3.17,58.7,15.2,28.8,8.8,17.5,28.0,63.7,5.1,74.0,66.2,60.0,17.3,9.8,52.50671775,20.84468147,18.38740694,5.415664764,65.81954333,5.338507619,93564.75
113.0,59,375.9,30489,26589,33.4,0.0,37.5,36.6,39.6,2.51,37.4,20.7,31.3,2.7,39.7,7.1,42.4,11.7,45.2,34.1,27.7,48.4,32.4,43.44121412,51.87420004,0.288901079,2.062534284,37.06256628,6.906077348,28429.05
18.0,8,362.3,56139,3788,12.3,0.0,40.6,41.0,40.4,2.8,54.0,36.7,20.5,3.5,39.7,14.9,58.7,0.8,71.2,57.8,47.2,27.9,13.2,90.97883598,0.105820106,0.026455026,0.105820106,52.76119403,2.822580645,58020.05
83.0,23,402.7,75348,23125,7.7,0.0,38.0,38.2,37.9,2.63,47.7,7.4,25.2,26.7,17.9,37.8,76.5,2.6,77.0,67.2,46.1,14.4,5.5,93.1603245,0.32271077,1.900407871,2.783380395,50.5801881,1.745232098,93564.75
3168.0,1154,496.2,57732,556772,12.4,39.51348128,40.6,39.2,41.8,2.53,46.5,12.9,33.2,10.8,30.2,16.6,59.9,9.0,70.5,48.7,51.1,39.1,21.9,87.1416864,3.698691844,2.072316707,4.169237087,46.67333242,4.63936694,58020.05
518.0,191,449.4,75714,130475,9.2,176.2789806,36.7,35.7,37.8,2.97,56.0,11.8,40.1,10.8,31.7,17.9,63.3,6.2,78.3,62.8,53.8,21.9,9.4,74.25660383,15.97215152,2.534242821,3.81467762,61.33152745,6.051314143,93564.75
216.0,73,494.3,49809,34833,14.2,0.0,42.3,40.4,44.2,2.37,47.4,26.9,31.0,8.7,34.6,11.9,53.5,5.5,70.1,52.2,47.1,35.9,16.3,92.07261552,4.484407011,0.722740724,0.264625541,47.30477103,7.177836855,49534.0
87.0,46,455.0,30019,13802,25.1,0.0,41.6,40.2,43.0,2.57,55.1,19.5,25.2,0.5,39.1,6.3,49.2,10.1,46.7,32.5,28.2,48.4,28.6,96.44031451,0.235882773,0.057183703,0.214438885,53.19933616,7.130554599,28429.05
220.0,89,463.3,33509,45844,26.5,0.0,35.5,34.4,36.8,2.86,47.2,36.5,37.0,2.1,36.7,8.1,52.7,8.3,41.2,31.2,27.9,39.5,26.2,68.40778724,23.09881801,0.230314618,6.28585086,49.62191015,6.092124814,28429.05
205.0,134,296.0,45448,58615,14.3,0.0,39.7,38.4,40.9,2.62,57.6,13.6,32.3,5.1,33.1,11.8,56.8,6.1,66.0,50.1,42.9,32.4,15.7,90.95564592,0.976572469,1.444442554,0.515507767,57.9788197,4.480398258,46611.3
39.0,18,387.6,53828,7290,12.1,411.5226337,45.2,44.1,46.2,2.45,59.5,19.6,40.5,6.9,43.0,12.2,60.8,4.6,70.5,48.7,45.1,34.7,15.7,98.11448725,0.352685838,0.244167119,0.203472599,58.93703453,6.083916084,52796.0
561.0,227,477.3,40124,104173,20.1,28.79824907,39.0,37.6,40.5,2.62,46.9,18.0,36.1,5.0,33.1,13.3,54.0,8.3,63.4,48.4,40.0,36.7,20.7,69.70656982,26.4251357,0.764966098,0.823883942,46.61581243,5.664585192,38888.25
10411.0,3927,528.7,41434,1759335,24.1,470.063973,37.8,36.1,39.2,2.63,38.1,18.8,30.7,7.1,30.3,13.4,49.9,14.9,58.4,44.6,41.0,42.0,26.0,53.34252592,39.41434617,2.904772371,1.728810339,37.15664456,5.676241281,41543.55
657.0,228,484.6,58473,109561,11.5,100.40069,43.1,42.2,44.2,2.38,50.8,9.2,26.2,9.1,28.3,17.2,60.0,6.4,75.4,58.1,53.5,33.3,15.5,93.36398271,2.50659389,1.199721591,0.970767089,49.43957335,5.349606951,58020.05
48.0,24,378.7,34201,11299,25.9,0.0,37.1,35.6,37.9,2.71,53.5,42.3,29.0,4.6,40.5,7.9,52.3,4.4,51.6,40.7,34.4,39.2,26.2,77.93619676,14.95277134,1.220816254,4.330778827,52.49303974,3.53909465,28429.05
322.0,138,399.4,36241,71130,24.0,0.0,39.3,38.2,40.4,2.81,53.5,24.1,30.6,2.8,35.2,6.3,50.1,7.7,57.7,44.2,37.6,37.6,20.6,86.4172342,1.822198458,0.308155569,6.945460686,55.41918203,6.414172266,35815.95
160.0,72,455.5,36375,25594,19.6,0.0,43.4,42.3,44.7,2.39,57.9,14.7,44.2,1.3,48.0,8.2,46.5,8.4,61.6,48.7,42.2,44.1,23.5,99.32896259,0.034708831,0.208252989,0.0,55.74302401,3.346456693,35815.95
256.0,110,485.3,36003,40021,22.2,0.0,40.9,38.5,43.1,2.51,44.0,22.8,40.2,2.1,40.5,11.0,47.6,7.6,52.8,37.3,32.4,42.4,25.1,63.5620553,34.32552872,0.337297191,0.182189724,42.25182366,6.027155315,35815.95
87.0,36,477.4,35940,13555,19.5,0.0,43.8,43.2,45.1,2.45,52.3,18.9,40.0,3.4,36.3,5.8,47.4,9.4,60.3,40.6,34.2,42.5,21.6,81.73893773,14.50099727,0.0,1.418334934,50.80273113,5.245114844,35815.95
157.0,65,482.8,41093,29534,25.5,0.0,37.3,36.7,38.4,2.77,47.6,26.2,32.6,0.4,42.1,7.8,44.9,11.3,53.3,40.7,35.0,35.8,20.9,74.35931572,20.89795647,0.103175131,2.09012847,51.61931254,5.499843309,41543.55
212.0,91,429.9,53211,42461,8.0,0.0,41.2,40.0,42.3,2.55,58.4,14.8,32.7,11.6,41.9,12.9,65.7,3.3,78.8,64.9,60.7,24.8,12.4,95.33943392,0.387789364,0.645527417,2.91314937,59.08585547,6.889676562,52796.0
104.0,39,492.1,49886,16950,16.2,0.0,40.1,38.8,41.6,2.57,47.5,11.2,23.8,1.4,39.8,10.4,52.8,6.4,68.1,52.7,46.7,40.2,22.4,90.75261364,5.556518223,0.808640906,0.519840582,52.40728692,5.736868944,49534.0
595.0,243,332.2,37935,269721,32.3,44.49041788,28.3,26.8,29.6,3.73,46.6,20.8,32.4,4.3,24.4,11.9,54.3,6.0,36.0,30.5,26.4,36.3,28.6,94.19527371,0.393920631,0.587652089,3.873869425,52.84922777,6.921416298,38888.25
50.0,23,409.2,54137,9296,9.5,0.0,42.0,40.1,44.6,2.4,60.3,19.2,28.6,5.1,33.0,16.9,64.4,1.7,77.2,58.7,47.5,29.5,11.6,97.08116319,0.151909722,0.130208333,0.401475694,57.53755365,2.548476454,52796.0
154.0,62,483.9,44385,26503,14.5,0.0,40.4,40.1,40.9,2.54,57.8,22.0,37.0,4.7,44.9,9.6,55.5,7.8,68.0,53.3,48.7,33.5,16.8,97.38064903,0.236078843,0.074945664,0.266057109,57.87336878,8.386023295,43962.7
81.0,49,334.0,34863,22643,22.2,0.0,37.0,36.1,37.8,2.71,52.9,32.4,29.3,3.7,34.2,8.4,54.6,8.7,50.7,38.9,34.7,37.0,22.8,89.43900189,1.541976014,1.37503844,0.751219084,52.00769416,7.439480417,35815.95
77.0,26,426.1,58225,15559,12.3,64.27148274,39.0,38.2,39.8,2.44,53.2,17.6,41.6,6.6,35.6,13.6,63.5,4.3,71.2,57.0,51.5,27.1,13.0,91.59412923,1.410508927,0.21602389,1.855263994,51.06417813,5.625,58020.05
435.0,166,356.1,47520,118737,21.0,202.1273908,34.2,33.1,35.2,3.04,46.6,23.0,31.0,1.5,32.1,9.1,54.6,9.2,50.4,40.2,36.4,37.1,24.4,53.09790383,0.552212446,0.51465241,5.154515595,48.79315011,6.09617959,46611.3
1456.0,579,458.5,44050,297302,17.7,531.4461389,38.2,36.9,39.3,2.58,49.2,14.5,32.8,8.6,29.8,14.6,55.8,8.9,62.6,49.1,43.7,34.3,19.9,72.99306414,20.80414778,2.230119489,1.95886554,48.6859826,5.772383445,43962.7
22.0,12,385.1,36929,5200,22.5,0.0,36.7,31.5,44.1,3.09,48.4,31.5,20.3,0.0,30.2,9.3,44.5,16.5,48.4,35.1,30.7,37.9,20.6,94.67455621,1.259782401,0.0,3.054017942,55.45023697,17.26057906,35815.95
20.0,6,468.1,40639,3876,24.9,0.0,35.5,34.4,36.8,2.74,46.9,32.0,32.0,7.3,36.5,13.4,60.1,7.4,55.0,43.4,32.5,34.7,20.7,57.72739119,0.0,0.99035705,0.0,46.05451937,5.548037889,41543.55
93.0,44,470.4,47937,15028,16.6,0.0,42.0,42.1,41.9,2.39,52.9,20.9,52.1,3.1,42.6,13.0,54.2,5.1,69.1,48.7,43.7,33.6,15.6,94.42893232,2.606036431,0.491955857,0.325754554,53.20602663,7.023060797,46611.3
2001.0,741,484.0,58283,360685,12.8,177.4401486,39.5,38.1,40.7,2.6,48.3,13.6,33.5,9.5,33.1,17.3,59.9,8.5,70.0,55.9,50.4,32.8,17.9,79.30350155,6.530794156,3.16967339,7.834766619,48.97730666,5.408652416,58020.05
76.0,30,377.4,37156,12414,20.5,0.0,47.6,46.9,48.4,2.26,48.3,25.5,31.3,2.5,33.9,14.9,45.8,9.5,57.1,34.7,27.6,50.0,26.1,85.49665307,0.415480495,1.123336155,9.332922982,44.21204472,5.741042345,35815.95
3438.0,1118,493.4,71890,772501,9.9,138.5111476,37.6,36.6,38.7,2.68,52.1,15.4,33.3,8.3,24.3,20.9,62.1,7.5,73.3,61.6,54.3,25.9,14.1,78.83273756,2.595851085,9.51151338,2.252719804,52.72049671,4.729251068,93564.75
522.0,181,484.1,77364,87850,5.0,330.1081389,43.8,42.7,44.8,2.5,60.5,14.3,28.5,15.9,22.5,30.3,64.8,4.5,85.2,69.5,61.4,24.4,9.5,94.59855855,1.364683235,2.091139299,0.311665693,60.59983209,4.880531448,93564.75
2221.0,750,474.7,76584,396488,5.8,534.6946188,42.8,41.5,43.9,2.51,59.7,11.0,29.4,15.1,24.3,27.5,66.3,4.2,84.6,48.7,63.9,23.7,9.8,92.88095401,1.423047531,2.960852864,0.981534657,60.15575098,4.334726295,93564.75
108.0,57,278.5,68471,40889,10.8,24.45645528,35.9,36.1,35.8,2.51,51.5,5.8,18.6,5.8,32.6,19.1,68.1,3.6,79.4,67.4,61.0,23.5,12.0,96.4141278,0.485306012,1.107870291,0.428932082,55.33372867,4.109589041,93564.75
45.0,21,463.1,32705,8518,28.9,0.0,38.4,37.4,41.2,2.4,43.2,7.8,29.4,3.9,36.6,9.8,37.1,9.4,61.3,48.7,41.2,39.0,18.8,81.55946321,10.89773253,0.323924109,1.353540028,52.58746356,2.328431373,28429.05
198.0,89,426.3,42000,38012,19.4,0.0,40.9,39.5,42.5,2.55,45.6,18.6,32.1,6.4,34.9,10.7,51.9,10.2,63.4,47.5,42.1,39.3,21.5,61.70867604,30.00530645,0.644733351,5.444414964,46.41282285,5.557586837,41543.55
68.0,29,429.8,45644,10806,13.4,9439.200444,43.8,42.0,45.5,2.25,62.4,26.9,33.2,1.9,32.8,14.6,66.0,2.3,71.2,51.3,36.6,34.1,14.3,97.35234216,0.805406406,0.379559341,0.555452694,56.33298209,7.021791768,46611.3
822.0,315,508.1,44973,139142,18.0,64.6821233,40.3,38.8,41.5,2.6,49.1,17.6,30.0,4.9,32.8,12.3,51.2,11.5,59.1,44.6,38.8,38.8,23.1,78.11738857,16.14110913,0.908493,2.792694473,49.51174146,4.889016456,43962.7
1962.667684,31,453.5494221,50905,14219,9.3,0.0,39.1,36.6,40.3,2.34,49.7,13.4,27.5,6.3,36.0,11.8,68.5,3.0,75.5,58.4,52.1,33.9,17.6,93.75620128,1.658398299,0.836286322,0.290574061,45.21959459,5.893845653,49534.0
68.0,17,389.4,44508,12352,14.7,0.0,49.6,48.0,51.6,2.25,60.6,20.1,44.8,2.2,26.0,23.5,54.5,8.2,51.8,35.1,24.3,42.8,23.6,87.36651881,0.903564975,0.747494661,7.548874651,56.39295088,4.115421003,43962.7
138.0,43,486.9,86610,22253,7.5,0.0,47.2,46.1,48.4,2.5,62.8,19.2,20.9,14.7,26.9,24.3,57.3,5.0,81.6,48.7,53.5,27.4,11.1,78.78550711,17.81225542,1.325905805,0.23019198,67.68532155,2.75862069,93564.75
90.0,45,451.5,41294,15843,14.9,0.0,42.2,40.8,42.8,2.29,45.9,8.9,31.3,6.0,35.0,14.6,58.2,7.9,62.7,46.2,39.4,42.5,23.9,84.96217095,0.525229788,0.518977052,0.175076596,42.79547484,6.460336538,41543.55
890.0,343,482.8,56508,154604,13.2,19.40441386,39.9,38.4,41.6,2.65,44.8,14.5,27.1,9.9,30.0,16.4,54.5,7.4,71.5,56.2,51.0,35.1,19.1,78.42838316,10.18372568,4.272074214,3.317915192,45.67653277,5.183987725,58020.05
36.0,14,468.4,34884,5677,20.6,0.0,45.8,45.1,47.4,2.61,51.8,10.4,52.5,3.3,50.1,7.5,47.8,11.2,57.9,48.7,36.0,41.1,24.1,97.05146533,0.553967119,0.750536097,0.0,56.03038936,4.545454545,35815.95
1962.667684,24,453.5494221,49152,9977,14.7,0.0,37.9,35.3,41.9,2.42,56.4,20.5,22.2,4.6,30.5,14.0,61.9,5.5,70.1,54.3,47.4,30.5,15.0,90.37347713,1.807469543,0.489314959,4.054323946,55.39809327,5.697730565,49534.0
29.0,10,456.8,41595,4169,15.7,0.0,47.9,45.6,49.1,2.26,60.8,20.0,30.2,4.4,37.3,15.3,52.5,6.3,62.5,41.0,29.2,35.2,13.6,87.20902328,0.0,0.0,0.719942405,55.58628319,9.448818898,41543.55
67.0,27,436.3,51097,11630,12.3,0.0,42.5,40.5,43.8,2.2,48.5,11.4,21.5,9.6,30.2,18.1,63.5,1.2,75.8,58.0,48.9,29.7,11.2,87.25574961,0.095106346,0.579284109,0.181566661,43.30143541,2.600671141,52796.0
645.0,231,455.2,70358,158192,6.4,113.7857793,37.4,36.3,38.5,2.76,57.9,19.5,34.8,9.0,28.9,23.5,65.1,5.3,82.3,69.5,63.8,19.8,8.4,89.29579301,5.765959527,2.396454525,0.847264314,60.63639025,4.891733624,93564.75
1415.0,558,483.8,58697,229245,8.9,235.5558464,43.2,41.6,44.7,2.39,52.2,13.9,29.0,11.5,33.9,17.3,62.8,6.0,77.0,61.9,56.8,28.7,13.6,92.55220387,3.702105589,1.268322023,0.535659026,50.14290988,4.694264339,58020.05
156.0,67,527.4,28574,23123,30.1,129.7409506,41.6,41.0,42.8,2.44,55.2,24.7,28.5,1.0,36.1,7.1,38.0,12.6,47.0,33.1,30.9,52.3,34.6,98.33974061,0.190106037,0.646360526,0.147860251,52.30400334,5.618408437,28429.05
41.0,20,512.7,25402,7307,43.0,0.0,33.3,32.1,36.8,2.26,28.1,39.7,47.0,0.7,38.5,6.6,32.0,19.2,36.3,26.1,22.5,51.1,36.3,28.74283429,69.71070524,0.15997867,0.15997867,28.8648245,4.305555556,28429.05
376.0,139,458.6,51885,76720,13.3,808.1334724,38.0,36.8,39.4,2.44,49.3,18.7,29.9,7.3,31.1,21.0,59.1,4.9,75.5,61.0,56.4,27.6,13.1,83.18503129,11.62243738,1.136764533,1.74957208,48.27492529,6.328460877,52796.0
114.0,50,470.4,35055,22745,31.1,0.0,36.0,34.4,37.2,2.81,42.9,32.0,36.3,3.8,39.9,5.6,49.6,8.2,50.0,48.7,34.7,41.9,27.8,47.82892163,49.81092711,0.204285652,1.612552701,42.3475685,5.410413193,35815.95
29.0,13,389.7,46551,5211,12.4,4221.838419,47.1,46.6,47.6,2.35,57.3,0.0,63.5,0.0,48.4,11.8,51.4,4.1,65.8,47.1,43.4,40.4,19.8,95.97083653,0.153491942,0.402916347,0.019186493,50.81300813,6.776556777,46611.3
41.0,22,417.3,50358,8692,13.8,0.0,41.6,39.7,42.3,2.62,57.2,12.3,26.9,3.2,46.8,7.2,54.3,5.9,70.0,53.2,49.2,36.2,18.7,96.79317107,1.291959857,0.0,0.19610105,57.61102603,3.907074974,49534.0
1962.667684,796,453.5494221,76104,580159,6.6,449.8766717,36.8,35.6,38.1,2.56,56.8,11.5,25.0,17.1,15.2,33.6,69.2,4.5,84.0,48.7,63.0,18.9,8.0,86.91210873,4.488774095,4.460193291,0.918290656,55.46135117,5.529393013,93564.75
31.0,13,447.1,47224,5281,14.8,0.0,40.8,38.9,41.9,2.47,58.1,26.9,28.7,4.0,30.4,16.2,62.2,2.6,71.6,55.8,37.9,30.6,14.5,86.15384615,0.0,0.0,0.075046904,56.55539429,7.258064516,46611.3
250.0,100,506.5,44435,35699,16.5,2240.959131,42.2,39.7,44.8,2.37,49.9,17.4,29.2,6.9,35.9,11.6,52.3,7.9,70.2,51.1,47.4,39.3,18.9,94.50761226,3.551468766,0.261542273,0.316603805,50.28173913,5.418650238,43962.7
1962.667684,17,453.5494221,48179,5903,10.5,0.0,46.3,44.5,48.2,2.32,60.1,15.7,29.4,10.9,33.4,14.6,61.1,3.6,73.5,52.3,38.6,41.2,18.7,97.53397081,0.0,0.301962758,0.369065593,55.41501976,8.227848101,49534.0
1159.0,340,409.9,71546,319372,13.3,629.3601192,35.8,34.4,37.1,2.45,47.7,5.6,19.0,15.9,12.7,31.8,65.5,6.1,78.3,67.7,53.6,21.8,11.8,88.40216494,0.904100222,4.313748258,2.842287248,47.57827549,4.171506363,93564.75
90.0,45,424.4,34411,15593,21.6,0.0,43.4,42.1,44.6,2.6,51.8,34.1,31.4,1.3,39.2,8.4,47.5,9.2,50.3,35.3,28.5,44.7,25.3,96.47066359,0.397130413,0.614911606,0.070458622,51.46959459,6.869058571,35815.95
66.0,21,475.6,50924,11185,11.1,0.0,40.8,40.3,41.4,2.58,56.4,20.2,31.6,6.2,37.3,9.7,63.1,4.8,75.0,57.6,50.4,32.7,15.6,92.25445834,0.913849703,2.537485582,3.37148434,56.80816516,7.112970711,49534.0
420.0,182,495.5,46614,70892,15.8,28.211928,40.6,39.2,41.8,2.67,54.5,21.6,42.5,3.9,40.0,10.5,53.4,5.7,60.5,47.4,34.8,35.3,21.3,79.68513729,2.321900482,0.501688783,0.907279434,54.45351855,5.479185579,46611.3
245.0,96,448.8,52508,46857,10.9,704.2704398,39.5,37.5,41.5,2.67,54.8,28.0,33.2,6.7,40.5,11.5,59.2,8.3,65.7,52.9,47.3,30.1,16.4,93.33290746,0.589838593,0.623908692,3.91593203,54.84299238,5.134211811,52796.0
84.0,55,324.9,33600,15431,20.9,0.0,48.3,45.1,51.3,2.1,46.0,15.6,32.0,2.3,38.4,12.3,42.2,9.5,61.0,38.7,34.3,47.0,21.8,90.88725986,4.5690091,0.499241658,0.120070779,44.13291796,2.773556231,28429.05
267.0,127,407.6,48569,45749,14.1,808.7608472,44.3,43.4,45.4,2.37,51.3,18.9,32.0,5.2,35.3,11.5,58.1,9.9,63.4,45.9,40.1,44.1,26.0,86.2691689,9.192493298,0.838605898,0.932975871,48.01803202,3.816793893,49534.0
15.0,7,330.7,40837,4081,26.5,0.0,40.8,39.3,47.0,3.3,50.7,33.0,46.7,5.8,30.1,8.2,27.8,2.8,58.6,41.0,37.4,43.9,24.3,93.53891336,0.513950073,0.783162017,4.478707783,61.13161132,11.55660377,41543.55
147.0,72,434.4,39980,26928,22.6,0.0,39.6,36.8,44.9,2.72,39.5,27.5,32.8,6.3,37.0,7.8,41.0,12.4,57.4,48.7,35.4,38.7,20.6,77.59247695,20.04554972,0.404070088,0.139587849,45.24515393,2.467138524,38888.25
173.0,80,409.9,44076,36223,20.3,0.0,39.2,38.0,40.0,2.65,57.4,13.0,41.1,2.8,37.3,10.5,55.3,7.1,55.2,48.7,34.5,35.0,19.9,84.95441156,6.834058073,0.709776967,5.271426568,56.56596097,7.914410931,43962.7
24.0,13,369.7,36294,3615,20.0,0.0,47.6,46.8,48.4,2.3,57.8,28.9,22.6,5.4,31.6,14.3,56.6,4.5,51.2,33.0,24.3,51.4,30.5,95.75790327,1.188867874,0.081059173,0.297216968,52.80612245,5.028735632,35815.95
95.0,44,437.7,38887,14394,23.2,0.0,44.5,40.6,47.4,2.41,48.4,15.5,22.6,12.6,33.7,12.0,47.7,12.7,56.0,36.3,28.9,44.5,26.3,63.05267467,34.15665939,0.211517467,0.784661572,46.13708731,7.658119658,38888.25
4974.0,1809,506.5,54865,864840,12.3,154.9419546,40.8,39.4,42.1,2.52,49.5,13.6,29.2,9.2,30.6,15.2,58.2,9.0,73.6,57.5,51.5,31.9,15.0,83.1942379,10.2884207,3.465120061,0.554002684,48.70666718,4.707995158,58020.05
55.0,27,435.0,38338,9183,20.3,108.8968747,43.0,42.4,43.8,2.4,57.4,17.9,53.0,8.1,37.9,7.2,49.7,7.1,61.7,45.2,41.3,38.2,18.3,97.40837129,1.225330731,0.043374539,0.086749078,54.51398136,4.350132626,38888.25
261.0,100,488.0,44674,36317,14.4,55.07062808,46.1,44.8,47.3,2.25,51.3,10.7,38.8,5.5,30.7,21.5,59.3,5.7,61.9,42.5,36.5,50.6,28.0,96.35136243,0.491951133,0.486485009,0.327967422,49.07904835,3.885024281,43962.7
106.0,45,415.1,37026,22131,19.1,0.0,38.4,36.9,40.8,0.0261,56.1,12.6,38.5,1.9,32.0,7.4,49.3,12.2,56.9,43.3,36.1,40.0,22.7,81.25056679,16.00163236,0.244853541,0.312868414,56.40196431,5.683802134,35815.95
40.0,17,381.3,32815,8330,25.4,960.3841537,42.6,38.4,44.5,2.39,43.8,40.8,18.1,1.8,36.5,6.6,42.0,20.6,49.5,48.7,27.3,44.6,25.4,58.69539341,39.24532794,0.0,1.773598381,42.67254038,3.978779841,28429.05
1962.667684,9,453.5494221,41797,2679,11.5,0.0,49.6,46.4,52.5,2.09,61.8,21.4,18.5,12.7,31.5,16.9,59.7,1.9,79.7,53.3,39.3,33.5,9.7,94.7054437,0.0,1.15585384,3.243847875,52.77337559,10.77586207,41543.55
112.0,54,428.7,36591,18171,19.9,0.0,42.9,40.5,45.4,2.55,44.3,7.7,39.7,3.0,35.9,10.5,46.2,4.4,46.0,25.8,20.2,46.4,28.3,92.90157137,2.837189,0.360104758,2.018769096,45.43318649,4.01891253,35815.95
324.0,106,503.6,52195,49453,11.4,0.0,43.6,41.7,44.8,2.5,55.2,13.9,37.7,9.5,35.9,14.5,59.1,6.9,74.2,57.2,53.3,33.9,16.5,96.81666965,0.751010976,0.549811749,0.233072372,54.53401771,6.184505988,52796.0
570.0,189,499.8,68421,133378,7.7,0.0,35.7,35.0,36.4,2.88,55.1,14.0,34.0,6.8,29.3,18.6,65.6,4.5,76.5,63.1,55.8,23.7,11.6,82.15511161,2.296482372,3.052467253,2.875753806,58.40512737,5.36432284,93564.75
286.0,122,393.0,41736,64362,20.2,15.53711818,35.6,33.1,37.9,2.63,49.1,16.0,34.1,3.7,29.5,9.0,43.2,12.7,53.2,48.7,19.5,47.2,27.5,75.95609174,3.708013105,1.345723996,8.291741939,48.6479635,8.221797323,41543.55
1962.667684,145,453.5494221,45639,54521,19.3,36.68311293,42.6,41.2,44.4,2.43,45.1,17.4,33.7,5.1,28.6,12.8,52.9,11.3,61.3,45.9,41.5,35.6,18.7,82.83653317,0.965456481,2.988142873,7.250100951,42.93785311,4.262413265,46611.3
189.0,71,529.8,55882,27800,10.9,0.0,43.1,41.8,44.2,2.52,51.1,15.7,35.0,7.7,48.2,12.2,56.5,7.6,73.3,55.1,48.3,35.1,16.2,97.26791488,0.728319181,0.436991509,0.27356379,51.57885074,4.585798817,58020.05
430.0,269,460.5,66671,103465,13.1,19.33020828,37.0,35.4,37.8,2.65,52.3,15.4,22.5,10.9,16.0,26.7,62.9,5.4,75.2,62.5,51.2,26.6,13.5,56.73240055,38.23775973,2.318317,1.872218119,51.2302261,4.789430223,93564.75
124.0,58,434.1,35237,25205,26.2,0.0,39.1,36.7,41.2,2.7,47.3,20.8,38.3,0.8,36.8,7.4,47.7,10.5,44.2,32.3,26.0,43.4,27.9,64.72685497,28.73667948,0.348611496,4.072416115,47.69147789,3.794871795,35815.95
28.0,14,335.8,38000,5901,20.3,0.0,42.1,39.0,48.1,2.45,50.1,26.7,29.0,7.8,30.7,10.8,48.2,4.9,64.0,44.3,39.2,38.3,18.2,90.98930935,3.359918547,0.271508569,3.919904972,48.96519285,6.763787721,38888.25
67.0,28,473.8,31963,10152,24.7,0.0,41.7,40.5,42.9,0.0243,48.2,26.9,45.3,3.0,32.1,10.6,43.8,8.5,53.7,38.8,34.9,48.1,28.3,53.5454893,45.04013761,0.181574924,0.0,46.30368458,7.049608355,28429.05
143.0,61,430.9,35525,24932,21.4,0.0,43.3,40.7,44.9,2.52,46.8,11.2,40.0,3.2,37.5,8.6,45.9,10.7,56.6,41.8,37.6,43.8,25.9,69.88838661,27.94735368,0.0,0.240028803,47.29969706,5.823783581,35815.95
125.0,54,540.5,37287,23892,23.4,41.85501423,32.2,30.9,33.0,2.44,41.6,9.0,16.0,4.0,31.0,11.1,51.5,6.5,61.2,50.0,43.6,34.8,20.5,94.90850559,1.702812606,0.465943748,1.016604541,45.80894404,4.886769964,35815.95
83.0,33,453.6,32867,12385,26.8,0.0,45.1,44.6,45.3,2.4,45.2,29.6,22.7,5.3,38.0,6.1,43.2,15.5,53.1,37.4,32.5,46.9,26.7,46.71613514,48.91064099,0.0,2.194505841,42.52300614,3.122648608,28429.05
102.0,45,341.0,40680,32874,24.9,0.0,35.3,34.9,36.3,2.85,39.9,25.6,40.9,0.5,33.1,6.3,39.3,7.0,52.1,39.5,35.3,35.8,23.1,82.20704859,8.720413975,0.232707676,6.797513702,47.26089934,8.618283322,41543.55
760.0,318,480.9,40877,156761,23.6,140.3410287,34.7,33.5,35.9,2.55,41.9,17.0,29.6,5.4,32.9,15.9,53.8,8.0,55.1,43.6,38.7,35.6,22.5,60.10631127,37.27314164,0.898766764,0.479556266,41.69526781,6.070254725,41543.55
306.0,104,473.2,68246,49084,8.0,0.0,43.9,41.9,45.5,2.38,52.4,4.9,23.7,11.7,22.4,23.9,60.7,6.8,80.8,48.7,55.4,27.0,11.1,95.29648609,1.26484464,1.6390109,0.248088498,54.26127527,4.448655477,93564.75
71.0,33,385.7,50998,13192,10.5,151.6070346,45.0,45.1,44.9,2.29,59.0,14.5,39.0,5.5,42.5,12.4,64.7,3.7,73.4,56.7,49.3,34.5,16.0,97.49230423,0.473008484,0.090096854,0.848412043,54.08074857,7.17472119,49534.0
56.0,19,446.4,38478,11310,23.6,0.0,37.5,37.4,37.7,2.85,51.0,26.8,47.0,2.2,36.9,6.9,49.7,11.7,48.7,36.5,29.8,35.5,20.6,88.51636748,0.079197466,0.16719465,4.59345301,52.37974039,9.079391892,38888.25
24965.0,9445,470.8,55058,5238216,17.1,371.1187168,35.9,34.7,37.1,2.65,41.9,14.9,26.7,15.5,24.0,21.5,59.0,10.7,61.5,48.7,46.3,32.6,22.0,56.84258229,23.98259642,6.772830076,9.847732972,41.00879123,4.994880839,58020.05
102.0,39,426.3,50719,20493,12.4,0.0,35.9,34.7,36.9,2.55,53.1,15.5,22.4,2.3,31.0,12.3,67.6,3.7,70.7,48.7,48.1,31.3,16.4,81.00160921,2.877066368,7.748573658,5.456673331,51.84020956,6.872775801,49534.0
22.0,12,386.3,37263,3499,19.4,0.0,42.9,39.3,46.7,2.53,46.3,7.2,26.6,0.2,33.5,9.6,47.6,3.9,58.1,43.2,36.7,39.2,21.7,92.33556299,5.657748049,0.418060201,0.08361204,48.74141876,0.284090909,35815.95
238.0,92,470.8,60751,52812,12.1,37.87018102,37.2,36.0,37.9,2.83,48.7,21.7,31.7,6.1,36.7,14.9,60.9,7.7,66.5,56.1,50.7,28.2,18.6,70.57884838,26.34358555,1.105644104,0.678204373,50.8948485,6.11124004,58020.05
33.0,17,448.1,57741,5599,10.0,0.0,42.8,41.0,43.9,2.37,59.8,15.0,28.7,6.0,33.2,17.0,69.0,2.1,80.6,61.2,45.9,29.0,11.0,96.77534295,0.37413148,0.0,0.783894531,56.99067909,7.191448008,58020.05
57.0,21,337.1,31103,14035,30.4,0.0,41.4,38.9,43.2,2.52,40.3,27.3,45.8,1.9,43.4,6.7,41.8,11.7,48.3,48.7,32.9,40.4,23.9,44.12649549,50.17840901,0.195900091,4.442734206,43.40527578,1.972242513,28429.05
58.0,27,401.8,36893,10824,20.0,0.0,41.4,41.2,41.7,2.5,56.9,18.5,40.4,4.5,35.6,8.4,51.0,6.6,48.7,48.7,28.4,46.5,30.0,89.2847479,3.13881122,0.496076486,5.068999729,52.49138921,8.52225021,35815.95
626.0,208,442.6,51573,160580,17.9,392.3278117,30.3,29.3,31.8,2.47,40.6,3.7,23.5,10.9,31.6,21.7,55.2,5.1,83.5,69.8,59.5,21.4,8.4,88.37558531,3.841645388,5.549254545,0.500560755,46.5592921,3.704047746,52796.0
17.0,7,404.4,43858,2429,12.7,0.0,46.0,45.3,46.9,2.46,59.7,29.0,16.6,13.8,39.8,10.7,58.1,1.9,71.4,51.1,32.8,38.1,17.1,98.34410339,0.686591276,0.282714055,0.040387722,56.88442211,6.637168142,43962.7
208.0,77,506.6,52578,34371,11.8,1862.034855,38.9,36.7,41.0,2.54,54.1,14.3,31.3,13.0,36.4,14.7,64.1,5.4,73.4,56.0,47.0,34.4,17.4,97.78049633,0.340789934,0.544681347,0.562157754,54.01350338,4.731034483,52796.0
81.0,36,427.3,38742,15107,17.9,0.0,37.9,34.9,42.1,2.62,49.7,17.3,51.6,3.1,34.8,8.9,54.9,7.7,54.5,39.6,35.3,37.9,21.2,87.92244871,4.176349512,0.351902264,4.335701481,46.70476871,7.608695652,38888.25
518.0,193,469.0,69203,82423,9.5,72.79521493,43.9,42.0,45.6,2.27,49.7,10.0,28.1,17.1,23.1,26.4,59.2,6.9,79.0,59.3,48.7,30.1,11.0,89.60478086,3.51668824,1.739593288,1.512163846,46.93813131,2.872784433,93564.75
107.0,52,451.2,47358,18976,12.3,158.0944351,41.0,40.3,41.5,2.48,58.6,16.1,41.3,4.7,50.1,8.4,57.1,6.6,70.2,52.5,48.2,37.0,19.0,94.90738325,1.017479781,0.412209757,1.65927472,56.20210417,7.380254154,46611.3
204.0,76,438.5,55602,45996,13.8,21.74102096,38.5,37.4,39.9,2.83,55.1,14.6,30.2,7.4,34.4,17.7,57.5,6.0,64.8,48.7,43.9,31.0,17.4,82.04661407,9.111545636,0.58660913,0.78888814,60.01590352,4.945382324,58020.05
144.0,64,420.6,27268,24518,30.6,0.0,39.0,38.3,39.2,2.7,47.1,21.1,44.3,0.5,31.6,6.9,44.4,13.8,37.5,24.2,21.8,55.1,37.9,89.47517044,1.173907782,0.383234499,5.66783654,44.70367094,8.62924023,28429.05
81.0,20,432.5,65207,29161,7.1,205.7542608,33.0,32.5,33.2,3.27,59.1,12.1,37.8,4.7,20.7,22.5,66.2,4.7,75.6,65.5,52.5,18.1,9.3,96.38798245,0.060012753,1.440306065,0.570121151,64.6571958,3.613892365,93564.75
36.0,17,450.6,35276,5854,25.1,0.0,41.0,40.3,43.7,0.0242,49.6,23.7,42.2,3.4,40.3,8.1,50.6,6.5,52.6,38.6,33.3,43.6,26.8,68.66576819,31.06469003,0.0,0.101078167,46.04377104,2.32,35815.95
121.0,53,578.9,40260,17099,18.6,0.0,41.1,39.3,42.6,2.52,53.3,18.3,31.8,7.6,38.3,7.5,52.4,6.2,63.6,48.7,43.5,38.7,20.8,89.8993987,6.805041628,0.300647549,0.046253469,51.97446556,5.546875,38888.25
549.0,210,493.9,39905,95946,17.7,10.42252934,42.2,40.8,43.7,2.52,54.1,15.9,40.2,8.5,37.5,10.4,54.5,7.4,56.5,42.4,35.2,36.9,21.2,94.51808966,0.660136514,1.189954816,1.861841332,52.99180216,6.406013616,38888.25
473.0,201,430.1,46071,124648,18.6,216.6099737,31.8,30.6,33.3,2.69,45.7,11.8,41.0,7.3,33.2,14.1,54.5,8.6,66.1,47.1,29.6,33.5,16.5,64.45818164,16.87790267,2.141303742,2.103066175,46.07076781,6.253896381,46611.3
732.0,260,472.1,60460,173166,14.3,1253.132832,32.7,32.2,33.2,2.53,47.6,5.8,15.4,9.6,25.7,30.1,65.3,5.5,80.4,65.6,57.8,24.3,12.6,83.96028051,8.002241298,4.6997932,0.975080005,49.15220518,4.528860796,58020.05
570.0,170,511.8,94334,99042,6.3,30.29017992,42.8,41.6,44.0,2.84,57.4,8.0,24.7,20.6,27.3,21.8,63.9,6.8,81.9,68.1,62.9,22.5,8.8,90.12443712,2.296759408,2.329929238,2.52191219,63.06541508,4.066933111,93564.75
111.0,47,428.6,61961,21016,8.2,333.0795584,41.4,40.6,42.4,2.56,60.4,10.8,29.0,18.0,33.0,16.1,65.4,3.5,80.2,62.5,50.7,28.5,11.5,97.25051403,0.655094917,0.272557739,0.535552049,59.45375543,6.021555764,93564.75
17.0,6,405.2,45710,2359,10.2,0.0,47.6,46.1,49.8,2.14,66.7,10.8,38.4,8.6,35.1,18.1,64.7,1.2,78.8,56.7,41.6,31.9,11.3,93.25074754,1.324220419,1.238786843,0.55531824,60.82474227,4.047619048,46611.3
77.0,39,402.1,31607,14638,26.4,0.0,39.4,36.1,43.4,2.58,46.0,9.8,29.0,0.0,41.0,6.6,46.0,11.1,50.4,48.7,31.3,42.3,24.7,53.19134731,45.1862732,0.260381893,0.574175457,45.33935081,4.465958776,28429.05
663.0,267,451.1,43212,126302,16.7,47.50518598,39.8,39.5,40.1,2.29,50.8,7.4,29.7,12.1,30.7,18.0,55.5,6.2,68.0,52.8,46.2,33.9,17.0,92.13913515,3.945194986,1.363741551,0.430907219,47.87605912,4.081698817,43962.7
116.0,55,472.2,42079,15552,13.4,0.0,49.2,49.1,49.4,2.16,59.3,13.6,51.1,6.3,38.8,14.1,52.9,6.6,64.8,43.9,38.0,45.3,22.4,95.53503185,0.535031847,0.541401274,0.299363057,53.25584652,5.452638937,41543.55
639.0,229,459.7,50305,174974,19.5,200.0297187,30.1,29.6,30.8,2.41,43.8,3.9,13.2,17.1,20.2,26.8,65.3,5.0,80.4,64.4,55.4,20.6,9.9,82.06769339,8.444691691,4.049891667,0.778239738,44.31173485,5.073280722,49534.0
114.0,36,397.6,42838,37956,24.0,0.0,26.6,26.1,27.0,2.26,39.8,1.4,14.7,9.9,17.0,27.7,64.5,4.7,79.8,69.4,58.0,19.0,9.1,89.4875549,1.280447225,3.069346466,2.611473446,39.24786107,4.074920055,43962.7
36.0,22,413.7,28524,7576,41.9,0.0,40.3,38.8,45.0,2.38,32.9,30.4,51.0,5.0,44.6,5.9,27.9,10.1,45.4,32.5,27.0,52.1,36.7,68.73943021,26.81149994,0.286197476,1.74320281,43.73804971,4.662698413,28429.05
12.0,4,366.9,42366,2692,14.1,0.0,40.3,40.2,40.3,2.74,67.3,24.4,8.0,0.0,25.3,17.1,61.2,2.1,68.2,44.6,39.2,24.7,9.7,96.36296841,0.661278472,0.698016165,0.918442322,66.35802469,11.13360324,41543.55
227.0,81,432.9,47996,44954,13.4,578.3689994,38.6,37.4,40.6,2.38,47.0,6.9,16.2,6.3,41.2,12.3,46.7,6.1,73.0,54.4,49.3,31.3,13.8,87.89981761,7.042128209,1.250055607,1.445793852,54.37784929,4.739182301,46611.3
878.0,340,478.1,48024,146133,16.3,540.6034229,40.0,38.5,41.7,2.36,48.1,12.6,30.2,9.8,31.8,14.5,58.2,7.9,69.0,51.2,46.7,38.1,20.1,82.14676443,9.449514477,2.146628523,2.839067416,44.42383799,5.929944203,49534.0
1962.667684,111,453.5494221,88500,98741,4.8,638.0328334,36.9,36.1,37.6,2.76,62.3,13.1,26.7,14.5,21.2,32.0,73.2,3.8,87.5,76.6,68.6,17.0,7.4,93.04706681,1.187901583,2.522070731,0.607010395,64.90514511,5.473379087,93564.75
164.0,80,374.4,39256,30313,19.1,0.0,43.3,41.5,45.0,2.56,50.7,13.7,43.0,3.5,44.0,9.7,49.3,9.2,54.8,39.5,34.6,39.7,21.5,79.06554999,17.27446584,0.422052229,1.381561593,50.08125909,3.991528185,38888.25
73.0,28,391.6,49780,21489,13.6,0.0,31.5,30.6,32.4,2.93,54.9,28.7,29.4,1.8,28.4,14.9,68.7,3.5,65.5,54.9,50.3,22.9,12.5,64.71187697,2.329998147,3.77987771,25.50491014,53.06008644,4.818560381,49534.0
72.0,30,486.9,37748,11715,23.9,0.0,38.5,35.9,47.3,2.08,32.0,38.5,42.8,0.3,40.3,5.5,25.0,6.9,66.2,48.7,37.8,44.2,23.7,39.0340526,57.09710047,0.143290627,1.348617667,41.31470308,3.682946357,38888.25
468.0,193,434.0,43113,97610,20.9,133.1830755,37.6,36.4,39.0,2.56,45.8,10.2,30.0,6.1,32.9,17.0,55.2,8.4,62.7,48.7,42.8,37.2,22.6,59.87126212,37.0549173,1.186547706,0.407398354,46.36348801,5.831783426,43962.7
1962.667684,50,453.5494221,52444,20834,11.6,0.0,43.0,41.7,44.4,2.4,59.1,21.7,31.1,5.9,35.7,13.8,64.5,4.3,74.8,56.1,46.5,33.2,14.3,98.26320587,0.407810776,0.38861968,0.196708727,55.92544836,5.655206776,52796.0
291.0,120,429.9,45567,57673,17.5,0.0,40.7,39.6,41.9,2.74,59.0,19.4,33.3,3.0,33.4,8.6,48.4,7.7,66.2,49.9,44.7,35.9,19.0,95.09790331,1.531796916,0.143822561,0.961705077,59.43985396,6.894123171,46611.3
573.0,219,463.3,60955,128911,10.1,23.27186974,40.1,39.1,40.9,2.72,56.6,13.6,40.3,7.1,32.1,19.9,61.5,6.5,74.0,61.1,51.9,26.8,14.5,88.27555229,6.762219772,1.325493079,1.636653191,58.3677686,4.280356467,58020.05
154.0,59,470.1,47542,26957,14.3,593.5378566,41.4,40.4,42.3,0.0254,56.0,18.5,35.1,9.0,45.3,8.7,55.6,8.3,68.3,52.2,45.9,36.1,19.4,96.8035688,0.918006194,0.446099395,0.645185076,56.38106082,5.441478439,46611.3
828.0,285,470.6,58291,175989,11.3,102.2791197,39.4,38.3,40.4,2.7,55.6,14.0,35.1,9.0,32.8,16.5,61.9,6.0,70.2,57.6,49.4,30.0,17.5,88.66663129,6.919462573,1.271643586,1.194413493,56.95154185,5.056955471,58020.05
71.0,36,529.6,27484,12307,40.6,0.0,38.1,35.6,41.8,2.57,51.4,19.8,52.0,0.2,39.5,2.5,23.9,20.6,39.2,28.3,26.6,56.5,39.7,94.34724092,4.72646663,0.00791703,0.316681181,52.68518519,4.36746988,28429.05
205.0,88,460.2,64350,36314,10.2,0.0,44.5,43.4,46.0,2.57,58.1,14.1,36.2,7.5,27.7,17.3,59.4,8.3,76.5,57.5,48.0,29.2,12.6,71.82148853,22.77560157,0.948517068,1.175153889,59.93899339,3.667228197,93564.75
120.0,70,460.1,28647,24620,35.0,0.0,33.5,31.0,35.2,2.62,31.4,16.3,23.6,3.1,27.6,12.6,46.2,20.3,42.7,31.9,27.8,49.9,34.6,22.61027956,75.89688762,0.566246931,0.134632137,29.76495727,6.156510786,28429.05
50.0,25,457.0,39753,8149,19.1,122.7144435,43.2,41.3,43.8,2.49,56.7,19.3,36.5,4.2,46.3,8.4,45.6,8.1,59.0,43.0,35.3,43.4,25.0,94.31845597,2.689987937,0.180940893,0.241254524,54.88142901,3.771361226,38888.25
3959.0,1229,381.8,110507,1142234,6.7,153.208537,37.4,36.4,38.4,2.85,56.0,14.0,22.4,22.2,13.0,30.9,68.1,4.9,81.8,66.6,56.3,17.1,6.6,62.90432897,9.363244448,18.36696724,4.488439137,58.25617107,5.344658861,93564.75
5129.0,1741,486.8,65809,895841,12.2,222.1376338,40.1,38.2,41.7,2.51,46.8,14.0,26.6,14.2,27.1,20.5,60.7,9.3,71.3,58.1,53.3,33.4,19.5,72.63181718,13.39795282,4.791051382,5.702146067,46.28481184,5.248472648,93564.75
99.0,41,457.4,35470,18023,24.7,0.0,39.9,37.3,41.4,2.57,43.0,24.2,50.6,1.9,42.1,7.2,49.8,10.5,56.1,48.7,35.5,43.5,26.4,46.15848312,49.34239369,0.0,2.498903989,42.75114155,4.488542405,35815.95
325.0,121,430.2,53572,66418,12.0,813.0326116,40.9,39.8,42.4,2.38,51.7,13.6,31.7,5.3,23.7,24.3,63.1,4.9,74.1,58.3,50.6,30.3,13.2,93.63954894,0.526339948,0.627323776,0.2585798,49.23186185,5.247084953,52796.0
86.0,36,432.6,44397,15414,15.1,0.0,42.3,41.6,43.4,2.55,54.3,10.8,45.2,5.8,36.1,10.1,53.3,6.6,68.0,52.5,44.5,35.3,18.7,77.50526039,20.28537612,0.111783272,0.24986849,54.81369078,4.406073236,43962.7
85.0,48,383.8,40788,17199,19.8,0.0,42.0,36.5,45.8,2.54,47.3,39.5,34.9,2.0,38.8,7.7,44.8,10.4,50.2,37.2,33.3,40.2,22.5,91.59016008,6.10287194,0.476694915,0.258945386,52.06077259,6.283213504,41543.55
26.0,9,381.7,45784,4864,11.4,0.0,44.4,41.8,45.6,2.3,60.9,22.7,41.4,2.6,35.1,12.6,56.2,5.1,67.2,51.8,39.7,37.0,19.4,96.0375391,0.583941606,0.458811262,1.147028154,58.32908813,6.155507559,46611.3
238.0,93,404.2,42902,41373,17.2,0.0,47.6,46.4,48.9,2.43,53.2,26.3,28.8,6.1,33.9,16.6,51.6,8.2,59.2,48.7,27.9,41.0,20.1,95.58337212,0.301300737,0.543811087,0.320897533,51.43251847,3.969171484,43962.7
51.0,25,468.0,38583,8490,22.5,0.0,38.0,35.2,40.3,2.41,34.9,31.3,22.8,0.6,24.9,16.1,51.8,13.7,59.4,41.9,37.1,40.5,22.3,38.85538607,58.60234126,0.591226203,0.744945016,30.84274544,4.927099045,38888.25
282.0,100,522.0,48357,48494,13.8,41.24221553,36.1,35.7,36.4,2.54,42.2,3.5,18.1,7.2,34.7,13.4,59.6,6.1,75.3,59.5,54.3,31.6,15.4,94.28868544,1.765797362,0.913484085,0.776869278,45.19096738,3.084671073,49534.0
164.0,69,481.6,43572,23350,15.1,0.0,45.9,44.1,48.0,2.26,50.3,11.1,30.6,3.8,43.7,11.0,51.9,6.4,68.3,49.5,46.4,39.7,19.4,96.81808578,1.745193323,0.515529263,0.063384745,47.58723829,4.970530452,43962.7
76.0,36,377.1,32456,13239,25.8,0.0,46.3,46.9,46.0,2.22,53.5,20.0,46.2,8.4,40.5,7.6,42.2,10.0,60.2,38.7,35.2,49.6,24.7,93.04489073,5.06497342,0.147666864,0.191966923,50.44770774,3.812668868,28429.05
4749.0,1672,490.8,79576,819264,7.1,239.2391219,41.1,39.5,42.5,2.57,53.9,11.4,28.8,17.9,24.8,26.3,64.0,6.4,83.4,68.4,60.0,24.3,9.6,80.69633566,8.869576983,7.028672645,1.096350419,55.17681595,4.502231194,93564.75
210.0,78,475.8,60556,37786,9.9,0.0,40.1,38.5,42.2,2.59,53.0,17.4,25.4,8.6,32.7,15.2,62.7,4.9,80.2,63.6,55.3,28.1,12.4,93.88067178,3.445912099,0.54312004,0.51675499,57.13255445,3.719306692,58020.05
157.0,74,421.7,33881,31696,23.1,0.0,38.8,36.8,39.9,2.62,50.3,23.3,33.7,3.7,37.5,7.4,49.4,9.8,58.6,44.9,40.3,38.3,21.7,88.27211228,4.912435987,0.091673516,4.194853638,49.02337229,3.264508929,28429.05
137.0,70,457.1,24707,19835,34.9,0.0,44.1,41.5,46.5,2.39,46.0,32.3,51.6,3.1,43.9,3.2,27.0,13.3,39.7,24.3,23.4,58.5,37.7,89.35679262,9.157773291,0.0,0.572060379,44.26650367,3.860072376,28429.05
110.0,52,471.5,33623,17662,26.3,0.0,42.9,41.0,44.2,2.48,49.9,16.1,36.5,2.5,36.6,6.7,54.5,11.8,50.7,33.2,27.4,49.2,27.9,96.53630653,0.277321863,0.113192597,1.080989303,46.04255319,3.919463087,28429.05
126.0,53,408.0,47631,28360,13.4,0.0,36.4,35.6,37.3,2.67,54.7,27.0,41.8,2.7,32.1,8.9,61.7,6.2,62.9,49.4,42.9,36.6,21.9,89.98906873,2.609400896,0.412567439,3.230015163,53.60330103,5.340817963,46611.3
146.0,66,380.4,36964,27704,17.9,0.0,44.2,43.7,44.9,2.49,56.1,23.0,45.9,4.2,35.0,10.5,51.9,6.2,54.4,37.9,32.0,43.8,24.3,94.36222182,0.564501538,0.383571558,0.933598697,54.6597431,6.345497034,35815.95
894.0,325,460.9,68405,176395,7.0,317.469316,41.4,40.4,42.2,2.63,58.1,13.1,38.8,9.7,32.4,20.9,54.5,5.0,80.9,67.0,60.7,24.3,11.2,95.7713449,1.423660564,1.143389902,0.29743009,59.46637981,4.599000327,93564.75
257.0,114,550.3,30127,37756,31.1,0.0,40.5,38.8,42.3,2.45,50.1,16.2,40.0,5.1,34.7,6.0,38.1,9.7,46.2,48.7,29.8,53.0,34.6,97.94820047,0.804677999,0.274263241,0.049160392,48.28122973,4.732510288,28429.05
37.0,20,338.2,45808,17946,23.8,0.0,26.7,27.0,26.5,3.86,39.0,41.3,40.5,2.0,43.6,7.6,51.7,17.6,35.2,25.8,25.1,47.3,36.1,12.01620162,0.798829883,1.175742574,0.343159316,45.52139037,9.156279962,46611.3
1397.0,469,489.8,61898,260131,11.2,499.7482038,39.3,36.9,41.7,2.54,52.5,11.5,39.5,6.9,23.2,19.6,51.9,8.0,75.1,48.7,41.6,32.9,14.0,81.78052858,2.594728333,4.821857102,1.843478533,52.85607588,6.118831029,93564.75
48.0,17,397.2,40328,7829,19.3,0.0,579.6,48.2,48.5,2.08,52.6,7.7,54.0,4.5,33.4,12.1,45.9,10.6,54.7,36.5,29.9,48.3,25.6,90.28309105,0.612088753,0.816118337,2.384595766,47.56097561,2.9390681,38888.25
11.0,4,375.0,33387,1358,23.3,0.0,56.5,58.6,55.0,1.97,60.6,12.5,22.2,19.4,36.1,10.7,46.7,8.5,74.4,43.2,32.3,46.6,11.9,96.81008902,0.0,0.370919881,0.370919881,54.69448584,1.754385965,28429.05
569.0,242,482.0,41260,107896,20.2,185.3636835,36.0,34.7,37.9,2.45,42.6,11.8,26.8,6.9,33.6,13.8,53.6,8.9,63.7,49.6,44.6,34.3,19.6,87.51616359,6.092289504,1.894373222,0.850666864,43.98362892,4.964180034,41543.55
119.0,60,430.8,36176,20838,22.7,0.0,41.4,40.2,42.1,2.52,53.0,16.0,35.9,3.6,41.4,9.0,46.7,11.8,48.7,48.7,29.3,48.5,31.0,70.83235197,25.98803523,0.05652645,2.176268312,50.99075297,5.180598555,35815.95
383.0,165,513.8,40376,66520,20.3,435.95911,38.9,37.4,40.8,2.33,48.2,24.6,35.8,3.7,34.2,8.4,47.6,8.3,64.3,48.7,41.6,38.9,18.9,93.13285866,4.784123618,0.384790183,0.36661112,49.40247032,4.612961296,41543.55
1962.667684,27,453.5494221,42697,9219,14.0,0.0,42.3,40.1,45.5,2.24,49.1,14.8,25.3,2.7,34.2,10.6,58.9,6.8,71.6,50.9,41.7,34.4,14.7,94.96734126,0.428311382,0.813791627,1.766784452,45.56004036,7.08200213,41543.55
269.0,124,460.6,41514,45366,18.2,0.0,38.8,37.4,40.7,2.46,49.3,25.1,35.5,2.6,34.0,13.0,55.3,7.8,58.6,42.5,37.5,38.7,21.4,79.2331147,1.882115515,0.633952662,2.66523351,46.08887662,6.042169307,41543.55
23.0,8,357.5,46765,7485,16.0,0.0,39.0,38.9,39.0,2.38,52.5,17.5,29.3,8.6,35.5,20.0,69.7,5.7,59.7,51.3,44.4,28.2,20.1,87.06873132,0.067916327,0.65199674,9.766367835,49.25619835,4.060324826,46611.3
1758.0,570,518.8,79653,301777,6.1,72.90151337,43.5,42.6,44.3,2.51,56.8,13.5,30.9,16.9,26.9,24.6,68.0,5.6,82.7,48.7,62.1,22.3,9.0,95.2281894,0.748145522,1.856484485,0.490291165,57.13535713,4.370734571,93564.75
117.0,49,526.2,37453,19119,22.6,0.0,41.0,40.5,41.9,2.59,55.8,11.1,49.3,4.4,44.2,6.0,44.4,9.5,54.1,40.6,35.2,44.9,27.9,98.02052786,0.56032677,0.057603687,0.068077084,54.80690222,3.464419476,38888.25
384.0,149,427.6,56797,70928,13.9,0.0,46.3,44.3,48.1,2.47,57.0,16.9,34.4,10.8,23.3,19.1,53.9,9.0,66.5,48.3,40.4,36.4,16.7,78.99037535,12.27773576,1.389568596,4.478652252,55.72558779,5.81829259,58020.05
107.0,47,435.6,46705,21895,17.3,0.0,38.1,37.7,38.7,2.68,54.3,22.9,36.8,3.7,31.8,10.7,56.5,7.2,61.2,48.1,44.4,31.9,18.6,87.63038863,2.880088618,3.540108926,1.075417705,52.47685764,7.088398929,46611.3
92.0,37,425.0,42056,16901,17.5,0.0,41.8,42.5,41.1,2.58,49.3,31.0,29.3,5.7,40.5,9.1,48.6,7.8,62.1,47.3,41.2,36.5,20.4,96.18284913,2.086865026,0.081837844,0.134447887,54.77898249,5.194197473,41543.55
1962.667684,4,453.5494221,52394,1893,8.8,0.0,47.8,46.3,49.3,2.36,65.5,24.5,34.3,2.0,25.9,18.4,65.0,2.5,79.2,48.7,47.0,28.2,9.5,96.02888087,0.0,2.372356885,0.0,61.28236745,9.393939394,52796.0
844.0,270,482.4,52238,193535,16.8,258.3512026,35.6,34.4,36.6,3.0,52.2,20.6,36.3,3.8,28.1,14.2,58.8,7.5,61.5,49.3,43.8,29.4,17.1,82.72845314,7.546456928,1.747057196,5.992571149,56.16692476,6.393153226,52796.0
68.0,35,365.2,33707,9201,22.1,0.0,53.5,53.2,53.8,2.25,58.3,21.7,41.4,4.7,42.7,6.5,37.9,12.6,50.7,25.9,20.6,53.2,24.8,96.74343867,0.171397965,0.257096947,0.224959829,54.73812424,1.330671989,28429.05
122.0,51,506.0,40957,17408,17.9,0.0,43.6,40.6,44.9,2.53,52.1,14.6,33.4,3.6,31.0,13.0,51.5,7.0,60.1,48.7,39.3,44.1,25.7,94.66697054,1.521280839,0.421628397,1.74918808,52.53277712,5.211459754,41543.55
1860.0,628,503.5,69228,377647,13.4,66.19938726,36.8,34.9,38.6,2.9,49.9,13.2,31.5,9.1,29.3,17.2,59.5,7.3,71.9,48.7,54.5,31.1,17.9,75.09536901,10.05636894,2.59574196,8.511018051,54.25001996,5.163242125,93564.75
298.0,112,463.5,45453,57611,15.4,0.0,42.1,41.6,42.9,2.67,51.7,22.0,32.2,6.9,31.2,14.0,52.4,9.8,63.1,48.7,37.9,35.8,17.9,76.27705471,17.11924011,0.208461734,3.681615488,52.10630899,3.014449427,46611.3
460.0,160,450.5,92647,142003,5.9,0.0,34.7,33.5,35.9,3.08,57.4,11.1,36.1,14.7,23.7,22.2,61.8,5.5,84.1,65.8,51.8,18.4,7.0,70.13161253,17.12931569,2.939954063,5.125232418,66.38405714,4.970818505,93564.75
1962.667684,48,453.5494221,54354,23102,10.0,0.0,42.0,41.8,42.2,2.48,60.4,20.2,37.2,4.5,38.3,13.6,63.6,4.7,75.7,58.0,49.8,32.6,13.4,97.32802975,0.436681223,0.419386917,0.237796705,57.3795509,6.093113066,52796.0
39.0,21,492.8,32170,6263,24.0,0.0,40.9,41.7,40.4,2.54,46.7,13.9,49.1,4.2,31.3,7.2,48.7,9.7,47.2,36.7,30.0,43.1,26.6,95.84659453,0.063653724,0.0,0.254614895,44.55768447,2.629656684,28429.05
134.0,56,493.4,32101,16912,21.6,0.0,47.2,46.5,47.9,2.37,53.9,25.6,24.6,1.3,45.9,5.9,41.3,8.8,47.4,29.1,24.9,54.0,31.5,95.69041337,0.404573439,0.603928467,0.134857813,49.83117614,6.62707096,28429.05
146.0,57,463.1,50861,21900,11.0,0.0,44.6,42.9,46.1,2.3,57.8,15.3,37.0,6.4,34.6,14.1,63.2,4.3,75.9,58.2,48.7,33.2,13.4,96.66330553,0.426253552,0.417086809,0.572921441,54.4047619,6.416861827,49534.0
243.0,93,440.0,37884,34201,18.1,0.0,49.0,46.4,50.9,2.16,58.1,24.7,24.8,9.3,29.8,14.9,47.3,7.3,55.4,35.2,27.1,44.4,21.7,92.19316607,1.105575046,0.71936083,4.263097379,51.66065911,5.212083268,38888.25
20.0,10,527.2,29477,2302,29.5,0.0,49.2,46.8,52.2,2.29,40.2,11.8,53.9,0.0,40.7,6.3,38.9,11.2,48.8,26.7,24.7,53.6,27.8,49.61306965,49.22613929,0.386930353,0.0,38.52216749,8.61618799,28429.05
90.0,39,561.9,34494,12447,23.4,0.0,41.5,39.8,43.0,2.39,49.5,9.7,44.8,4.1,38.5,5.5,51.5,5.7,55.4,40.8,36.3,45.1,25.7,59.20361845,39.64946289,0.169614732,0.08076892,46.03019016,5.540488183,35815.95
174.0,67,453.4,45964,32416,16.2,0.0,40.7,40.2,41.1,2.37,49.9,18.9,36.6,1.2,39.5,10.7,54.3,9.2,68.1,48.7,48.2,33.9,15.3,94.90339876,1.938187533,0.83505377,0.961390318,49.27524815,6.689494925,46611.3
549.0,234,493.1,49044,113972,20.9,96.51493349,35.2,34.4,36.0,2.78,47.7,24.4,42.9,4.5,40.0,9.8,55.6,5.5,59.8,47.8,42.6,32.8,20.1,71.23077469,18.53435277,0.913590321,0.777882244,47.74235394,5.230870955,49534.0
361.0,139,511.1,35555,64051,27.4,0.0,38.2,36.3,40.0,2.76,44.8,25.8,34.4,2.9,36.5,10.0,47.2,12.4,54.3,41.6,37.0,39.8,23.9,63.07203357,32.89652905,0.919011163,1.097490332,45.6838491,5.051532411,35815.95
60.0,21,408.5,49696,9555,10.1,0.0,43.7,42.3,44.7,2.28,58.1,11.6,26.3,10.2,37.1,13.5,60.6,4.8,75.8,56.4,46.5,36.5,16.0,97.96361381,0.134380815,0.237750672,0.206739715,53.0071599,5.386289445,49534.0
14.0,6,403.5,60957,2571,7.7,0.0,39.9,40.8,39.5,2.46,60.2,28.9,37.3,1.0,30.1,13.4,65.7,1.6,87.9,48.7,50.2,21.9,5.9,98.32162373,0.156128025,0.507416081,0.0,58.33333333,4.896421846,58020.05
146.0,58,461.8,34338,27222,25.9,0.0,37.7,35.5,41.1,2.77,46.2,22.7,35.8,2.9,38.9,8.6,46.6,10.9,49.4,34.6,29.6,44.3,27.6,62.81157622,35.69942703,0.018247509,0.255465129,48.13390165,5.577235772,35815.95
286.0,117,492.4,42477,46222,16.9,281.2513522,40.8,39.3,42.2,2.45,53.7,17.1,38.4,5.0,39.5,8.5,52.3,6.7,65.9,51.5,46.2,34.9,18.8,90.13070209,5.943935681,0.472935208,0.485833441,51.64858769,4.65182921,41543.55
29.0,12,403.4,53944,6047,10.4,0.0,36.1,36.0,36.1,2.64,66.2,19.1,52.0,3.0,43.3,15.2,66.4,2.5,79.5,64.2,47.9,26.6,12.5,97.02440655,0.11701772,0.267469074,1.086593113,65.2892562,11.43878463,52796.0
527.0,210,447.1,46128,92916,13.4,32.28722717,41.0,39.3,42.7,2.49,54.9,16.1,43.2,6.5,46.9,9.9,58.2,7.0,67.7,52.6,48.3,34.9,18.3,96.6395892,0.84468753,0.37541668,0.495161656,53.99449786,5.283776996,46611.3
92.0,45,389.4,48140,17460,16.2,0.0,42.6,39.9,44.3,2.67,54.9,19.1,34.0,5.3,36.4,10.0,53.7,7.5,61.2,44.0,39.4,34.8,15.8,78.71971318,12.25351298,0.399005378,6.083386341,54.53835338,3.641536273,49534.0
479.0,163,409.3,44490,150965,24.9,0.0,31.4,32.2,30.4,3.19,44.3,20.3,30.7,3.3,24.8,9.7,54.5,13.0,55.9,45.5,36.6,37.6,25.7,68.40421727,6.223261235,3.709982914,15.65384972,50.93372479,6.638754179,43962.7
54.0,29,439.1,39539,8173,17.6,0.0,50.0,49.5,50.2,2.38,52.1,16.7,53.8,0.9,46.8,9.3,40.2,15.6,60.0,48.7,33.4,49.7,24.8,86.92084942,0.49469112,1.472007722,0.180984556,50.62883884,4.633204633,38888.25
65.0,33,511.9,29331,8755,26.1,114.2204455,46.3,45.5,46.6,2.28,54.1,10.4,54.6,2.8,43.0,5.3,40.2,14.8,45.1,31.2,28.2,53.3,35.4,97.98364512,0.123221687,0.369665061,0.0,48.72652431,4.203539823,28429.05
21.0,14,329.9,38281,4854,16.3,0.0,39.1,35.9,40.8,2.58,53.5,56.7,20.8,4.2,40.7,10.5,60.3,4.0,48.3,33.3,26.3,36.8,19.8,98.80976811,0.902934537,0.0,0.0,51.43165856,10.28806584,38888.25
250.0,103,469.1,40397,47485,21.7,0.0,37.9,36.8,39.7,2.58,44.8,21.9,35.5,5.7,30.1,13.9,52.7,8.0,58.7,46.0,41.3,36.7,21.7,49.57101208,47.94877135,0.818408996,0.618492295,44.01303285,3.589466089,41543.55
1962.667684,7,453.5494221,51923,3005,10.0,0.0,49.2,46.0,51.9,2.18,62.5,31.1,27.4,17.8,35.9,15.5,60.9,2.7,77.2,48.7,42.6,35.5,14.1,96.880078,0.519987,0.0,1.527461813,57.1945047,9.725158562,52796.0
153.0,62,455.1,31844,33046,26.4,30.26084851,31.3,30.1,32.8,2.44,39.8,3.7,18.5,7.3,33.9,14.3,52.7,10.2,67.3,52.9,45.7,33.9,19.0,57.87362389,38.19936661,2.135424521,0.021112954,40.93539809,6.44886666,28429.05
90.0,35,425.7,55008,15267,9.5,0.0,43.8,42.0,45.6,2.4,56.3,26.4,29.3,4.0,40.5,13.3,57.0,6.2,71.6,53.0,47.7,31.7,14.4,97.25807487,0.154112888,0.057792333,0.860463623,53.78479825,5.051131082,58020.05
68.0,32,360.7,36108,19120,24.0,0.0,29.4,28.0,30.8,2.62,45.1,12.2,12.8,4.9,25.3,12.8,53.1,9.7,54.7,41.4,32.4,40.0,25.2,73.5583685,2.496483826,0.562587904,19.02752662,45.45454545,4.392712551,35815.95
61.0,24,439.7,41304,8496,16.6,0.0,50.2,47.5,51.9,2.05,55.4,29.0,32.0,0.0,34.0,12.1,38.7,7.3,62.0,48.7,30.0,45.1,19.1,94.04205607,0.163551402,0.443925234,0.759345794,54.5504386,6.401766004,41543.55
233.0,69,415.5,60658,54688,10.7,749.7074312,38.8,37.6,40.0,2.38,51.0,9.2,23.4,10.1,19.4,27.3,63.7,5.2,70.6,57.5,42.7,25.0,12.7,88.57508179,0.379827761,0.716407807,2.37298334,49.65834612,5.222636717,58020.05
73.0,33,402.0,41499,18952,19.2,0.0,31.5,30.5,32.6,3.05,53.9,17.8,33.5,4.0,30.8,10.8,61.4,5.4,52.5,48.7,37.0,33.2,23.1,87.87217459,1.002857885,0.306573136,6.474408937,53.84242816,9.004952724,41543.55
530.0,204,492.9,51947,93671,12.3,213.5132538,39.2,37.7,40.6,2.48,50.6,13.2,33.3,8.4,34.9,14.7,63.3,5.0,70.5,54.4,48.4,33.7,17.2,94.44819929,1.287374079,0.615793934,1.244461609,48.75555434,5.494453173,52796.0
271.0,105,489.6,34216,65886,29.9,15.17773123,28.0,27.5,28.6,2.47,35.1,2.3,15.7,7.0,32.3,13.9,47.7,10.9,70.6,58.6,51.4,31.3,18.6,91.04257087,2.328623757,3.336719303,0.333979746,40.43404785,2.52476505,28429.05
1081.0,413,407.5,42945,323993,19.3,33.9513508,35.7,34.2,37.2,3.23,46.4,19.4,33.1,6.6,34.3,12.7,56.2,9.8,51.9,48.7,36.5,34.0,23.1,75.6954831,11.32083624,2.622727424,6.549672616,51.46743486,5.718663568,43962.7
63.0,25,477.3,57776,13709,12.4,0.0,38.7,37.9,39.4,2.55,48.1,19.7,45.7,3.8,32.8,15.7,61.2,7.9,64.7,49.9,43.7,28.3,14.4,67.74217096,0.423388569,7.307102708,0.656982261,46.66793241,4.936667749,58020.05
181.0,64,537.9,42552,24416,16.5,0.0,42.3,41.4,42.9,2.21,43.6,6.9,34.2,11.1,30.9,18.8,56.0,5.6,68.4,49.3,41.5,35.1,16.1,82.77600959,12.21014343,1.08295788,0.632414335,40.5218061,3.909798832,41543.55
707.0,279,484.9,40406,132141,19.8,75.67673924,37.4,35.3,39.1,2.68,44.2,20.7,35.6,4.6,37.0,11.6,51.1,8.6,57.1,41.7,36.4,40.6,22.6,64.04462091,32.02041974,1.522404991,0.22234827,44.89449176,4.202589635,41543.55
87.0,39,400.9,40305,16912,16.8,0.0,43.0,41.6,44.5,2.45,52.3,9.2,44.6,5.0,43.6,11.7,48.9,9.5,63.7,45.9,43.9,42.6,20.6,97.26100018,0.948341874,0.960122519,0.035341933,52.0647653,6.801152738,38888.25
814.0,321,471.7,53861,137067,10.9,0.0,41.1,39.6,42.4,2.54,52.4,17.7,34.0,9.2,43.9,12.0,60.2,6.9,71.2,54.0,48.1,33.1,15.3,88.13192317,1.988569408,1.151897243,6.36784115,52.66229169,5.989257845,52796.0
309.0,152,409.0,34354,56486,24.6,0.0,43.6,42.4,44.9,2.31,53.2,11.7,35.9,6.1,38.9,10.7,49.2,8.1,57.9,40.6,34.8,42.9,22.8,96.68428724,1.28378497,0.338947331,0.091322597,50.55243994,3.66841353,35815.95
65.0,31,435.4,33640,11010,21.5,0.0,44.2,43.1,45.9,2.46,55.3,20.9,43.5,7.7,46.0,6.2,49.1,9.0,59.7,44.4,39.1,42.9,24.6,94.69010674,3.040631447,0.627859001,0.0,55.77395577,5.095541401,28429.05
3629.0,1234,432.7,74967,850536,11.5,43.50197993,37.1,35.8,38.4,3.08,50.6,13.7,27.4,7.9,19.0,20.0,60.4,8.6,66.8,55.8,47.3,29.1,17.1,78.82112144,1.791437777,7.077267424,7.154571716,55.71050939,5.34009399,93564.75
230.0,99,492.2,40532,39008,20.9,0.0,39.7,38.4,41.2,2.52,50.9,19.0,44.2,4.1,42.0,8.5,56.2,6.8,60.5,45.2,40.2,39.6,21.7,85.95274059,11.27979314,0.404495533,0.220168454,49.95081,5.810081525,41543.55
465.0,195,469.6,45431,89100,17.8,763.1874299,36.8,35.6,38.3,2.58,44.9,18.3,37.5,6.0,36.8,13.0,59.3,7.5,65.2,50.7,44.5,33.5,17.9,88.80986144,5.225488773,0.867565123,1.035048738,44.6376899,6.216255654,46611.3
40.0,17,465.2,62024,5644,8.9,354.3586109,46.0,45.0,47.1,2.37,59.3,7.2,36.0,5.1,42.7,8.2,59.3,9.9,75.2,53.5,47.5,36.5,14.9,97.45791824,0.206114737,0.257643422,0.412229474,56.42070934,5.541346974,93564.75
29.0,11,447.3,42704,4087,15.7,489.3564962,52.0,50.4,52.3,2.33,62.7,34.5,23.6,3.4,34.8,18.3,49.8,3.3,68.5,50.3,39.4,33.9,14.0,97.47283892,0.0,0.023618328,0.401511573,61.0073571,3.808180536,41543.55
22.0,13,307.6,42820,4032,14.8,0.0,50.5,48.2,53.2,2.37,55.7,30.9,41.3,0.0,34.7,15.3,58.2,6.8,54.4,34.9,21.2,38.1,17.7,90.75258239,0.024594196,3.123462863,3.000491884,51.98366394,3.900156006,43962.7
69.0,28,351.3,37603,13969,23.3,0.0,47.6,46.8,47.6,2.63,47.8,3.3,51.6,2.1,35.8,7.9,54.5,8.8,54.3,39.0,32.6,42.1,23.5,61.53351895,34.87541943,0.207039337,1.34218605,45.9592145,2.708877285,38888.25
1056.0,472,430.4,47548,147919,14.7,27.04182695,50.7,48.7,52.2,2.44,51.7,22.4,36.2,5.3,30.3,16.4,44.2,12.2,59.5,35.6,27.6,45.1,20.6,86.17375723,9.246426722,1.192026094,1.493007434,49.97492434,5.396074172,46611.3
74.0,33,511.5,30172,10667,26.2,0.0,42.7,40.2,44.3,2.39,55.9,16.3,42.3,2.2,41.8,8.1,46.2,9.5,55.3,39.6,33.1,48.3,30.3,95.58755225,2.563864375,0.120761728,1.003251277,53.49988746,3.581020591,28429.05
1370.0,549,482.8,45098,211917,15.4,127.4083721,42.3,40.4,43.8,2.41,45.8,11.0,23.5,12.0,37.7,16.3,55.5,6.9,72.5,55.6,50.6,35.1,17.0,92.69836362,3.086306972,2.117034185,0.672260247,44.9714232,3.545136747,43962.7
64.0,16,572.8,82596,10925,7.1,0.0,39.5,38.0,40.4,2.62,49.2,19.8,22.7,11.7,25.4,26.2,72.4,3.0,74.0,58.4,42.0,32.5,17.1,85.70481243,9.425918909,1.13679424,1.913603638,44.94009686,4.179364388,93564.75
47.0,19,477.8,50014,5773,11.1,0.0,47.8,47.2,48.2,2.15,59.8,21.2,20.4,4.4,42.3,10.4,62.3,2.6,73.0,51.2,36.4,37.7,16.7,97.66570114,0.323734878,0.323734878,0.0,52.95223768,4.757548033,49534.0
146.0,59,453.6,44841,25790,17.7,0.0,40.0,38.5,41.8,2.46,52.7,10.2,34.2,5.5,33.4,15.2,53.3,7.1,63.8,44.9,35.8,39.3,20.7,92.5888522,0.687512138,1.192464556,0.955525345,51.4017769,5.602240896,43962.7
19.0,9,478.4,36774,4573,29.1,0.0,31.6,27.4,34.4,3.48,37.2,24.9,63.9,0.0,43.8,10.0,43.8,14.8,33.9,24.5,23.7,45.2,33.0,11.00876208,0.426870366,2.44888789,0.15726803,40.11119936,10.89005236,35815.95
224.0,99,438.8,34614,42564,21.8,0.0,39.9,38.7,41.4,2.59,55.2,16.9,39.2,4.6,42.2,7.8,50.7,10.8,58.8,44.2,37.5,37.1,20.7,95.08122957,1.901671956,0.464168995,0.9307062,54.03626428,7.666385847,35815.95
665.0,292,464.4,40621,97177,18.7,421.9105344,44.1,42.4,45.6,2.35,50.9,17.1,34.8,4.5,32.2,13.2,50.2,9.2,56.3,37.6,30.2,44.6,23.6,85.25692596,8.349320296,0.63122718,3.033397281,47.04144949,3.943233157,41543.55
48.0,14,452.6,48831,9304,14.3,0.0,33.9,32.0,37.5,2.37,47.4,10.8,22.6,11.2,33.5,16.9,58.8,2.8,74.7,59.2,51.0,27.1,12.1,89.73762869,3.21045057,0.708513229,0.708513229,47.75248103,4.912663755,49534.0
657.0,224,369.7,107143,229164,8.5,30.54580999,33.9,33.8,34.0,2.24,42.9,7.9,18.9,51.8,8.3,34.5,74.4,3.7,85.7,66.1,58.2,14.0,4.2,72.06055058,8.455647592,9.911362165,5.947442452,37.6164403,5.34181797,93564.75
297.0,118,378.7,44324,83744,17.4,11.94115399,32.7,31.8,33.5,2.67,51.6,7.7,30.6,6.1,26.6,17.3,58.7,7.2,71.2,55.8,46.6,29.3,13.8,90.43706043,0.747571887,1.307353715,1.271470265,51.03967888,5.416377859,43962.7
350.0,140,456.4,68334,72520,6.9,27.57859901,39.8,38.9,41.7,2.68,55.3,18.3,29.6,12.6,33.3,18.4,63.2,5.5,81.4,66.1,60.6,23.4,9.0,95.34544639,1.986597129,0.538358008,0.133187528,57.5246773,4.243248035,93564.75
59.0,28,460.8,39017,8992,16.5,0.0,42.4,40.9,43.4,2.48,53.6,16.9,32.3,6.7,49.6,9.8,55.0,8.9,68.8,50.7,41.3,36.5,16.8,95.56948109,1.220316623,0.087950748,0.593667546,52.73178808,9.99000999,38888.25
141.0,57,460.7,36734,19052,19.2,0.0,50.8,50.7,50.8,2.21,55.9,26.7,32.6,9.3,33.6,12.9,42.5,13.1,55.5,48.7,28.6,43.2,20.5,95.96111082,0.05171433,0.553343331,0.160314423,50.94274147,4.703476483,35815.95
40.0,24,432.5,26204,7486,36.2,0.0,38.5,36.7,40.2,2.49,36.0,10.7,36.6,3.6,29.1,9.5,38.3,25.3,33.8,24.0,22.1,52.6,37.1,28.93956964,70.24867929,0.0,0.296353563,33.11496888,6.153846154,28429.05
1962.667684,7,453.5494221,55378,3007,11.1,0.0,41.6,38.3,46.3,2.53,54.2,21.1,51.0,6.2,32.5,10.6,57.1,5.8,70.9,56.8,49.6,30.1,15.2,85.83386993,0.933676755,0.160978751,7.244043786,52.56518082,3.29153605,58020.05
6000.0,2154,474.5,50758,1349050,16.8,386.938957,36.6,35.5,37.6,2.64,45.1,16.0,28.6,9.8,27.3,19.5,58.8,9.0,61.2,48.7,42.8,31.1,19.7,71.13081441,16.63501893,3.691272592,4.938275395,44.25647736,4.752577535,49534.0
30.0,12,363.9,45504,5922,13.4,0.0,39.5,38.9,40.3,2.51,64.5,23.8,43.0,2.3,39.0,15.6,54.5,3.3,71.6,53.6,41.9,32.7,15.7,95.87472638,0.471459842,1.043946792,1.953190773,62.44671782,9.638554217,46611.3
3553.0,1272,450.6,54603,797434,16.7,137.9424504,36.9,35.4,38.4,2.77,39.1,13.7,29.0,11.1,28.7,19.8,57.7,13.0,59.9,50.2,46.3,31.7,21.1,41.9237275,39.89456916,4.912652585,10.20503809,39.00426129,5.084469955,58020.05
320.0,116,461.0,45860,46053,14.4,0.0,46.4,45.7,47.0,2.31,47.8,8.8,39.2,5.7,38.7,11.5,50.3,9.5,66.8,48.7,42.6,42.4,20.7,95.08752479,1.967975096,0.646041662,0.545830579,46.37628491,4.154951578,46611.3
32.0,12,463.2,51022,4042,13.9,0.0,52.1,51.5,53.1,2.31,53.5,37.2,20.8,4.2,33.1,10.1,35.7,10.6,64.7,38.6,35.2,49.7,20.4,92.96158612,0.123915737,1.140024783,0.0,53.37995338,0.535475234,49534.0
33.0,11,380.5,82597,11065,4.6,0.0,32.3,31.6,32.8,3.4,69.2,7.1,33.3,7.7,24.4,24.8,54.5,6.0,80.6,48.7,60.6,18.8,8.5,96.86648501,0.360062281,0.768781627,1.050992604,78.07539683,6.102877071,93564.75
1775.0,637,505.9,60371,309381,13.5,420.193871,37.9,36.4,39.6,2.35,40.8,7.2,23.6,17.4,26.5,20.1,60.7,6.4,77.7,62.2,57.6,30.1,14.2,77.04374185,12.55825904,5.672877712,1.315280213,40.08229986,3.774039071,58020.05
61.0,29,517.5,49790,8200,14.0,0.0,43.2,42.1,44.6,2.36,61.1,20.9,27.4,5.1,35.3,8.9,54.2,4.5,67.6,48.3,42.5,38.6,18.7,99.31506849,0.504686373,0.0,0.0,58.13417794,4.799040192,49534.0
1962.667684,23,453.5494221,39764,8856,16.7,0.0,43.8,42.1,46.1,2.37,53.2,20.0,34.4,9.0,36.8,9.9,56.2,6.5,60.1,43.4,37.3,40.0,21.3,94.62531729,0.154508332,0.629069639,0.684251186,49.88060494,6.210826211,38888.25
404.0,134,480.7,44148,63100,16.5,15.84786054,42.9,40.9,44.0,2.4,50.1,13.3,29.0,6.4,34.5,13.1,56.0,8.7,65.8,48.7,45.0,40.7,22.5,96.0271106,0.997907362,0.465377768,0.501296186,48.48832759,4.741223308,43962.7
32.0,14,431.1,43249,4329,13.4,0.0,49.2,48.0,50.9,2.08,60.7,16.8,26.6,9.0,42.1,11.2,61.9,2.9,72.3,48.7,35.7,38.5,13.8,97.97312685,0.045547711,0.751537235,0.159416989,53.38491296,7.142857143,43962.7
49.0,19,412.7,51434,8585,9.7,0.0,44.6,42.9,45.8,2.34,54.1,29.1,44.1,3.4,36.1,16.5,63.8,3.6,76.9,48.7,46.5,30.5,12.2,97.36046512,0.046511628,0.0,1.802325581,48.39682105,6.819672131,52796.0
1081.0,367,490.9,53733,212284,15.7,249.6655424,36.5,35.6,37.5,2.53,47.5,9.4,22.1,7.7,23.0,21.3,57.8,8.2,68.7,54.6,44.8,31.9,17.4,85.4703042,0.880733945,3.925156929,2.425881217,48.06875024,4.4729858,52796.0
1625.0,483,475.0,94549,261221,8.8,421.0993756,45.4,43.7,46.9,2.41,51.8,14.3,25.9,13.6,11.8,31.4,61.2,5.7,78.4,48.7,48.8,28.9,12.5,79.3182865,2.548103534,5.682623118,7.669083294,50.02315038,5.448237059,93564.75
27.0,13,358.7,49758,5689,11.7,0.0,45.8,45.6,45.9,2.32,64.6,38.4,51.6,2.6,39.1,15.7,60.1,4.5,69.3,51.2,38.8,32.8,14.6,94.92269852,0.614898103,1.317638791,0.43921293,61.06304079,3.515263645,49534.0
108.0,56,480.2,36643,16773,20.3,0.0,44.0,43.1,45.0,2.44,56.9,12.6,44.6,4.8,43.3,6.1,46.9,10.9,60.2,44.4,38.2,41.6,24.0,96.73398454,0.287649068,0.137831845,0.66518847,54.92957746,1.62069946,35815.95
39.0,18,368.7,36340,7200,21.3,138.8888889,46.2,44.7,46.6,2.32,61.4,19.0,51.8,1.3,33.9,9.8,48.9,16.1,64.3,43.6,33.9,42.2,20.9,91.76926269,0.650159081,0.553326878,0.940655692,57.70243581,8.321273517,35815.95
641.0,243,452.2,46276,185826,22.1,349.7895881,27.9,26.6,29.7,2.46,40.8,4.9,23.3,11.9,26.6,19.8,58.7,6.5,75.1,64.1,54.5,22.0,11.9,85.01149476,4.4575357,7.203015164,0.977054689,42.16600744,5.208228801,46611.3
276.0,113,476.5,39881,42306,15.4,0.0,42.6,41.3,44.2,2.37,54.7,21.7,42.2,4.9,44.9,8.4,52.9,8.1,68.5,48.7,45.9,38.8,19.7,96.81685196,0.709186659,0.372147455,0.250438853,51.4608383,6.301190346,38888.25
221.0,102,434.6,41806,40887,17.6,0.0,39.3,38.7,40.2,2.56,55.4,22.6,43.7,1.6,37.5,11.3,52.3,7.0,55.1,39.3,35.3,39.8,22.0,67.69575926,0.419440583,0.43651084,0.053649377,53.84371029,5.739464467,41543.55
244.0,101,471.1,49516,41329,13.0,0.0,41.9,40.3,43.2,2.56,55.9,19.2,34.4,3.7,46.0,8.1,58.4,7.3,68.5,52.4,48.3,36.2,19.6,97.37056763,0.621371335,0.513411065,0.0,56.00347308,3.877752218,49534.0
53.0,20,457.3,39743,6856,15.8,0.0,52.2,52.0,52.5,2.18,57.3,16.7,39.0,3.8,33.1,13.9,50.7,9.5,64.4,39.1,26.3,48.0,21.3,95.59574158,0.30625638,0.233338195,0.350007292,49.3835172,4.545454545,38888.25
82.0,33,400.0,41328,13440,17.1,0.0,47.8,46.8,48.4,2.44,56.7,8.0,61.1,5.2,35.0,12.3,43.9,12.7,58.3,33.6,24.2,46.5,22.0,73.02563343,24.27026226,0.01481701,0.392650763,53.49090909,7.827059262,41543.55
975.0,379,499.0,42588,172790,20.0,260.4317379,39.1,38.1,40.4,2.56,47.4,17.9,34.9,3.7,34.8,12.6,51.5,11.9,64.0,48.5,44.6,41.4,24.2,80.93863532,13.81886251,0.510254661,0.437944286,47.8461777,4.97414174,41543.55
1691.0,602,544.2,78983,291479,8.2,106.3541456,39.6,38.2,40.8,2.74,51.7,10.6,30.4,10.9,34.3,19.9,61.3,9.2,78.0,64.6,60.1,26.2,12.8,81.98850836,10.11546755,2.995886985,2.231500045,55.37173438,4.878014043,93564.75
1962.667684,13,453.5494221,60279,7733,10.9,0.0,32.8,32.4,33.2,2.86,62.5,37.8,33.0,0.0,28.9,14.0,64.7,7.3,62.3,53.1,40.6,25.6,17.9,75.42221085,0.012794268,0.0,22.1468782,64.2777983,5.375139978,58020.05
1962.667684,571,453.5494221,76269,414686,7.3,159.1565667,37.5,36.5,38.6,2.59,55.2,13.4,30.2,13.4,21.6,27.8,54.5,5.0,82.2,48.7,63.7,22.7,10.6,84.13195057,5.216718569,4.565240809,2.659527587,54.81702095,5.401029725,93564.75
1962.667684,37,453.5494221,44113,12841,15.3,0.0,47.4,46.9,47.9,2.18,55.0,18.8,34.7,6.7,36.5,13.5,54.4,7.8,62.3,43.6,37.3,47.5,26.8,93.71840049,0.880956029,0.643480925,0.015320974,49.86310746,3.367670365,43962.7
326.0,130,494.7,51025,49489,11.3,1050.738548,42.2,40.9,43.6,2.44,56.8,15.5,33.7,7.7,35.2,14.5,59.2,5.8,76.7,57.6,51.0,33.9,15.0,93.90173005,1.784174969,0.515205581,1.697973257,55.39414973,5.728614138,49534.0
160.0,56,487.9,54637,30310,9.2,0.0,38.9,37.1,40.0,2.3,57.2,7.2,28.3,8.4,30.2,19.8,70.8,3.2,82.9,67.9,57.3,22.6,9.0,92.4685182,0.64516129,0.141452475,1.145420045,52.89242769,5.95510765,58020.05
143.0,61,509.6,37443,24363,20.2,0.0,40.7,39.5,42.1,2.6,49.1,21.4,50.1,1.3,43.3,6.6,48.0,8.6,53.7,48.7,35.3,41.1,25.7,92.14676934,4.826421777,0.032944859,0.938928468,52.0583875,6.558627264,38888.25
48.0,20,411.9,62191,9190,6.9,0.0,42.9,40.9,44.3,2.45,62.7,25.1,33.2,8.5,31.8,18.3,65.9,2.5,77.3,61.3,47.5,30.9,15.0,96.62637363,0.538461538,0.21978022,0.868131868,60.81118115,3.387978142,93564.75
119.0,52,532.1,32427,17338,25.1,0.0,41.0,40.2,42.1,2.25,41.5,19.2,45.2,5.2,45.3,6.1,38.6,7.9,49.5,35.5,30.5,48.8,29.5,79.58742968,17.33818264,0.2159459,0.636472126,40.52689699,5.670985089,28429.05
209.0,87,460.8,47225,43626,20.8,0.0,36.0,35.2,36.8,2.83,44.7,21.2,31.0,5.6,37.5,11.5,57.4,9.2,59.0,48.3,44.4,36.1,24.5,42.05747152,54.34433097,0.47553271,0.985032042,47.21497522,4.727439304,46611.3
38.0,18,339.0,34548,8299,24.2,0.0,42.8,41.8,44.0,2.49,46.8,15.0,19.7,9.4,33.4,8.3,43.9,14.2,50.6,36.7,28.6,46.8,28.8,67.76394542,31.07493416,0.155614077,0.083792195,44.50499546,4.786324786,35815.95
146.0,61,425.6,38564,25534,21.4,0.0,43.2,40.8,44.7,2.48,52.9,27.7,41.0,5.1,37.9,8.4,46.8,6.2,55.6,42.2,37.8,38.8,21.8,77.32371166,19.97411562,0.396109499,1.682484901,50.8789553,8.220466516,38888.25
92.0,47,430.4,43476,16436,15.4,0.0,41.4,39.9,42.7,2.6,55.7,20.4,49.4,2.6,42.3,11.9,53.2,6.3,59.8,43.5,38.3,38.1,20.3,79.8169586,1.109158131,0.400024244,0.32123159,55.63873845,5.987850738,43962.7
1299.0,446,508.7,71885,226249,7.2,26.51945423,41.8,40.9,42.9,2.44,54.0,11.9,26.0,13.5,25.9,23.0,62.8,6.0,82.6,66.0,60.9,27.1,11.2,93.84021379,1.611447264,2.372929831,0.393253908,52.77076545,4.520913789,93564.75
98.0,43,415.1,46625,23768,15.0,0.0,34.7,33.8,36.8,2.87,45.8,31.1,37.8,1.3,40.4,11.6,53.6,2.9,64.4,54.6,48.1,27.0,15.8,83.24892704,3.489270386,0.82832618,3.321888412,50.65693431,3.754407799,46611.3
22.0,11,535.5,51192,2314,9.5,3457.21694,51.8,50.1,54.6,2.16,65.1,24.4,48.7,5.9,37.6,16.5,62.0,2.0,81.9,48.7,36.2,34.3,7.4,96.82267067,1.245169601,0.214684414,0.128810648,60.48309179,7.692307692,52796.0
471.0,188,440.1,48430,79806,10.8,350.8508132,44.2,43.0,45.6,2.34,55.7,13.2,37.7,9.4,39.9,14.2,54.5,5.7,75.2,48.7,53.1,34.0,16.3,94.56911862,0.465717018,2.653966046,0.532780269,53.3734194,5.10901206,49534.0
1962.667684,12,453.5494221,36471,2605,17.4,0.0,50.4,49.1,52.2,2.1,60.3,6.5,59.7,4.8,35.3,11.8,50.7,5.3,66.0,42.5,36.2,45.5,20.3,94.37197167,0.782705926,0.409988818,0.447260529,52.14968153,3.050108932,35815.95
168.0,71,355.1,32248,57706,26.5,0.0,29.9,27.8,31.1,3.48,52.0,25.7,32.6,1.8,22.4,7.7,54.5,13.1,36.4,48.7,28.0,34.8,24.6,93.10674118,0.129093867,0.49338615,4.41748603,57.09918902,8.605012198,28429.05
295.0,119,449.8,41037,80850,23.7,86.58008658,27.2,26.6,28.0,2.36,41.1,5.1,18.7,9.5,27.4,21.1,56.0,6.3,70.8,58.2,45.3,26.0,14.1,80.74235423,3.725621042,4.18392657,0.492300719,42.72642886,5.395731735,41543.55
84.0,35,522.5,51738,12903,12.9,0.0,45.8,41.2,48.4,2.68,57.5,12.2,56.8,5.8,34.1,11.4,55.1,5.0,68.7,48.7,44.0,32.8,15.2,73.34272521,24.32495891,0.101745324,0.297409408,61.56462585,6.59515296,52796.0
222.0,106,469.2,30860,35162,27.8,0.0,44.3,43.1,45.1,2.38,51.1,11.5,63.7,0.5,46.6,6.4,48.8,11.1,51.1,34.6,28.9,48.1,28.8,95.15302511,1.548653775,0.0,0.334078877,47.72943576,6.348580442,28429.05
24.0,12,350.1,44726,4154,12.3,0.0,46.0,44.2,46.6,2.21,64.2,17.2,34.4,3.1,42.6,14.5,67.0,1.4,70.5,48.7,35.6,38.3,16.9,98.30747532,0.070521862,0.0,0.023507287,56.87928308,5.01285347,43962.7
53.0,21,435.5,65738,11960,8.2,0.0,38.0,38.1,37.9,2.51,55.9,18.9,44.4,6.6,38.5,11.4,67.8,2.5,70.8,57.0,47.3,20.2,8.3,94.61013295,0.368307582,0.350341358,0.835429393,51.16489482,9.156118143,93564.75
1184.0,430,475.2,51048,334941,14.2,8.956801347,30.2,29.0,31.2,2.89,52.8,10.7,38.6,6.0,28.2,15.2,52.5,9.5,70.2,46.0,30.1,29.3,13.7,64.71609399,21.53256799,2.856695937,4.427970715,52.53632424,5.835105126,52796.0
163.0,76,507.0,29839,25292,28.1,0.0,41.7,40.4,42.7,2.38,55.6,17.2,47.3,0.6,41.0,5.4,38.1,14.1,51.6,35.6,34.1,50.9,31.3,96.08962246,1.415294435,0.408777139,0.327792989,52.14865363,2.796024928,28429.05
124.0,41,490.8,54547,18557,11.2,0.0,42.9,40.6,46.3,0.0241,49.9,14.4,45.6,14.2,39.8,15.9,55.4,6.6,77.6,48.7,53.8,32.1,13.7,94.35379295,1.680354441,2.901448022,0.124270586,49.33604336,3.59080341,58020.05
119.0,47,513.5,54331,21979,11.3,0.0,39.9,38.5,40.7,2.56,57.2,15.4,36.6,3.5,38.8,11.4,62.4,6.9,77.0,61.6,55.4,28.3,12.9,95.61601029,2.329856165,0.569826754,0.289508754,56.35803931,5.4001554,52796.0
1962.667684,39,453.5494221,52749,15847,12.9,0.0,42.6,42.2,42.9,2.44,57.4,15.7,33.8,8.8,40.5,12.8,57.3,8.2,71.9,50.6,44.9,35.2,14.3,96.31840796,0.149253731,0.167910448,0.167910448,55.1575711,4.447806354,52796.0
1962.667684,25,453.5494221,54149,10227,9.9,586.6823115,41.6,39.7,43.6,2.32,61.9,13.6,42.0,10.0,41.9,16.8,67.1,1.7,80.4,63.9,50.2,28.0,11.6,97.19460577,0.885913968,0.246087213,0.147652328,56.80585044,5.55836281,52796.0
128.0,53,478.1,36994,16931,20.3,0.0,49.8,49.5,50.1,2.24,52.8,16.0,42.0,3.5,40.5,11.9,45.8,10.5,53.8,35.5,30.9,50.6,25.8,96.57262765,0.37304733,0.466309163,0.32058755,48.82454509,6.290471785,35815.95
48.0,17,467.5,36544,7743,20.5,0.0,43.2,43.0,43.4,2.36,60.2,14.2,38.6,2.8,37.3,10.5,51.1,8.9,58.5,48.7,41.5,36.6,21.3,63.59933817,35.84065165,0.114547537,0.0,54.99848071,7.715311005,35815.95
100.0,43,390.3,52791,18550,12.1,0.0,40.9,39.2,42.2,2.31,49.8,7.0,18.5,2.8,36.8,15.3,54.5,4.8,77.1,58.5,50.1,32.5,14.8,94.83025929,1.160117616,2.090350174,0.251269714,50.51013468,4.270952928,52796.0
529.0,217,520.2,42036,79282,19.0,315.3300875,40.0,38.4,41.7,2.47,45.9,18.9,39.6,3.3,40.6,9.6,51.4,10.7,63.4,45.3,41.3,42.6,24.1,82.78916982,13.83759705,0.817489548,0.790115469,44.07408582,5.395305384,41543.55
224.0,90,491.8,58900,37143,9.7,26.92297337,43.6,42.3,44.8,2.57,57.9,15.5,40.4,7.4,33.9,14.1,57.8,4.7,76.4,57.3,41.6,26.8,9.7,87.72465609,8.267344126,0.508094376,0.224318262,58.1022409,4.308202154,58020.05
777.0,275,468.0,47286,112655,12.9,816.652612,46.3,44.1,48.5,2.35,57.5,21.5,33.3,8.7,26.4,18.3,51.4,6.0,64.4,42.3,34.6,40.3,18.5,90.872137,3.082419636,1.069094687,2.600278894,54.02895028,5.765351597,46611.3
21.0,7,211.1,34258,6876,21.8,0.0,41.0,38.9,42.3,0.0277,54.7,59.0,27.0,2.8,17.3,14.0,47.6,9.6,35.2,28.9,25.2,36.1,22.7,91.31982475,0.013691128,3.436473165,3.162650602,49.7342445,6.324110672,35815.95
290.0,147,339.2,37677,53159,24.4,0.0,48.6,47.4,50.1,2.5,50.9,25.0,38.2,2.4,30.0,9.7,41.4,12.8,52.0,31.3,26.9,52.7,29.4,79.1441738,0.722279695,0.600018809,1.958055111,48.17064422,6.179351922,38888.25
104.0,52,423.0,32521,19043,23.6,105.0254687,40.8,40.4,41.0,2.52,46.7,25.1,31.4,4.7,31.4,9.2,44.8,12.6,53.6,38.4,30.9,47.0,27.1,55.53585398,42.7327249,0.166883963,0.354628422,42.8667293,6.091370558,28429.05
1962.667684,23,453.5494221,55352,9600,9.6,0.0,41.1,40.3,42.4,2.37,61.0,14.4,36.7,6.7,38.5,15.0,63.5,3.7,73.8,57.2,44.4,34.2,16.9,96.60148489,0.533305448,0.930670292,0.355536965,56.98651056,11.04133961,58020.05
142.0,72,429.4,41849,24513,18.3,0.0,41.4,38.9,42.9,2.56,51.3,30.5,42.8,4.2,37.5,12.3,48.5,9.6,63.0,42.8,37.2,38.8,18.4,82.31597108,8.445612882,0.575090371,4.370686822,48.81232613,3.708958249,41543.55
146.0,61,479.5,43783,27897,17.5,0.0,39.4,38.5,41.0,2.62,52.8,17.1,45.6,5.8,47.4,6.8,55.7,9.7,65.9,50.9,47.7,35.4,18.7,97.27172482,1.426386369,0.231209761,0.298794152,51.4377298,5.751734773,43962.7
60.0,26,403.0,39030,14065,21.5,0.0,35.1,31.7,43.5,2.32,43.3,40.8,35.5,1.9,36.8,7.8,35.3,5.7,57.4,42.3,38.1,37.4,18.7,74.12198295,18.73825697,0.325191502,2.919497037,50.32759039,8.393501805,38888.25
760.0,282,428.2,54509,213016,19.5,117.3620761,30.9,30.5,31.4,2.77,43.1,6.0,23.9,13.3,19.7,19.7,55.4,9.0,70.5,48.7,49.3,27.6,16.2,66.08576114,2.609010226,13.66197183,10.78188308,46.42554551,4.109357003,52796.0
17.0,7,307.3,27882,3584,28.5,0.0,49.0,47.6,52.2,2.46,48.2,22.8,34.4,0.0,27.4,8.3,41.8,14.0,41.0,48.7,20.6,57.5,31.2,92.96285954,0.0,0.781904496,2.094387043,44.81811942,7.517482517,28429.05
1007.0,382,429.6,45363,222936,18.1,529.2998888,36.1,34.5,37.4,2.7,50.2,14.7,28.3,9.4,25.6,17.1,54.5,7.2,60.9,48.7,41.8,31.2,17.7,76.68511436,17.93686107,1.499411635,1.954015592,50.1637513,5.87592919,46611.3
264.0,101,471.4,34395,59362,30.4,522.2196018,30.1,29.0,32.0,2.36,37.8,4.9,23.2,10.3,25.0,18.9,51.0,10.4,69.1,56.3,43.6,32.7,19.5,77.33899956,14.53287197,3.329190043,0.957436087,38.03762292,3.217455621,35815.95
1962.667684,25,453.5494221,52219,8413,9.6,0.0,47.6,46.7,48.5,2.24,61.4,18.9,32.6,9.6,36.5,13.0,61.1,4.5,76.2,48.7,40.6,36.3,13.5,96.7288076,0.351741119,0.433814046,0.621409309,55.47230399,6.466069142,52796.0
410.0,159,423.0,75926,73147,7.9,27.34220132,45.4,43.4,46.7,2.49,58.3,13.5,31.2,15.0,21.1,26.5,54.7,5.1,81.1,57.8,45.2,30.5,10.7,80.28525745,13.5426542,2.964356968,0.732953179,57.275,4.819607038,93564.75
1038.0,342,458.6,70235,184452,11.4,92.16489927,44.9,43.8,45.7,2.69,55.8,11.3,39.1,6.7,21.8,20.8,54.5,11.1,74.8,57.6,48.7,31.5,14.0,86.7100877,0.980817494,3.953474324,3.742593071,58.91095012,4.76817356,93564.75
186.0,72,494.9,37477,24461,16.6,81.7628061,48.2,45.8,51.0,2.28,51.1,27.8,40.4,4.8,37.3,12.3,43.6,11.5,65.4,41.8,35.6,45.4,20.4,91.77535051,3.183077926,0.387186175,0.061134659,50.35495957,4.046522898,38888.25
569.0,241,456.6,43602,104425,18.0,536.2700503,38.1,36.5,40.0,2.53,46.2,16.7,32.3,6.6,39.7,10.1,57.1,9.2,68.4,51.8,48.1,36.2,19.5,83.54500171,12.05844329,0.751929731,0.531389026,46.1311459,6.237398089,43962.7
107.0,51,547.8,24265,17878,47.0,0.0,38.8,37.2,40.4,2.56,47.4,19.0,48.9,0.0,40.5,3.2,30.4,19.0,42.5,24.1,20.1,57.2,39.1,90.75051386,5.988556191,0.0,0.688850619,51.10721682,1.549958483,28429.05
815.0,298,488.9,71063,142456,9.0,182.5124951,40.3,39.0,41.7,2.74,50.9,15.2,30.8,5.7,19.3,21.6,60.7,7.5,71.8,48.7,48.0,30.4,14.4,74.06821341,2.09843544,7.710182116,11.55493781,53.12765184,4.941095375,93564.75
418.0,184,493.8,35046,61164,20.5,81.74743313,42.3,40.6,43.7,2.39,50.6,14.0,37.3,6.1,37.9,12.5,46.6,5.1,56.4,48.7,35.9,48.2,27.1,91.14249245,5.857071303,0.654376242,0.177731819,48.3713803,4.807972069,35815.95
71.0,29,466.0,37801,12682,23.9,0.0,37.8,36.4,39.4,2.81,50.3,27.0,33.2,1.1,36.5,9.9,52.5,8.5,51.7,40.4,35.6,35.8,23.3,72.00383509,17.43368488,0.343560243,7.638223074,51.29767547,9.097345133,38888.25
181.0,74,405.4,53150,38785,11.8,335.1811267,38.1,36.7,39.1,2.29,54.0,14.6,25.3,8.3,33.3,20.8,68.9,2.5,77.2,61.5,51.9,27.7,13.3,92.00735681,1.505517604,1.860220704,0.084077772,49.43735934,4.909236214,52796.0
105.0,39,392.2,48840,18658,12.4,0.0,49.2,45.8,51.4,2.21,55.5,19.1,42.7,4.1,26.7,21.3,51.9,5.9,63.0,43.3,31.5,40.7,20.2,93.85548091,2.004478672,0.278551532,0.824731007,52.91387313,4.893475366,49534.0
92.0,31,441.3,46513,22814,15.7,0.0,32.1,31.8,32.5,2.95,59.9,26.6,39.4,1.6,28.2,10.4,59.9,6.6,50.8,48.7,32.2,32.6,21.0,91.75826601,0.083874101,0.560632146,4.357038803,58.81427072,8.495681864,46611.3
7.0,3,524.5,37316,827,20.1,0.0,53.1,53.3,50.9,2.29,58.8,2.3,53.5,2.3,42.8,16.0,56.3,3.5,60.6,43.1,30.4,38.4,16.0,96.82539683,0.0,0.0,0.0,57.5,1.481481481,35815.95
183.0,68,422.8,47292,44990,15.0,22.22716159,32.9,32.9,32.9,3.07,58.9,17.2,41.7,3.0,29.4,12.6,59.5,7.1,65.8,53.0,45.3,30.9,18.4,86.4558328,0.29290638,0.706939459,4.281278217,62.64117567,7.30438263,46611.3
877.0,343,415.9,43818,268455,24.8,29.80015273,30.4,29.6,31.0,3.32,45.8,13.8,29.0,3.6,24.8,8.7,49.8,16.2,48.0,38.4,33.2,44.4,32.3,61.17475415,3.418155636,7.542679576,22.65191277,50.89713227,6.393691516,43962.7
93.0,51,433.4,38597,17284,22.3,0.0,40.1,38.5,41.8,2.49,53.0,16.4,55.1,6.8,45.8,9.1,52.0,8.6,54.2,42.3,37.3,42.9,27.5,74.87261693,23.02627812,0.618308811,0.223278182,49.56634866,3.788634098,38888.25
45.0,19,381.8,38204,7229,16.7,0.0,49.1,47.4,50.3,2.35,55.3,25.9,41.3,3.6,46.0,7.3,45.4,4.9,59.8,41.0,31.0,45.3,24.1,95.9605512,2.728992164,0.040529587,0.108078898,54.86268174,7.611940299,38888.25
298.0,119,462.5,46073,59660,18.5,0.0,37.5,36.0,39.9,2.75,49.2,18.3,34.6,6.1,26.4,14.7,55.5,10.3,59.0,45.5,36.5,34.3,20.7,69.20293514,19.0682958,1.067016729,7.487630011,49.61803263,5.257747099,46611.3
1962.667684,42,453.5494221,56927,18930,9.4,0.0,43.5,42.6,44.6,2.47,61.7,16.0,37.6,4.7,40.7,12.7,62.0,6.9,77.6,60.4,54.2,29.1,11.9,95.68737433,0.476240872,0.021166261,0.132289131,60.9652612,5.155718398,58020.05
120.0,49,441.8,51175,18856,11.3,0.0,45.2,44.2,46.9,2.36,57.4,18.4,43.0,4.9,42.3,11.4,59.5,5.7,67.4,49.0,42.8,38.0,18.1,96.11409891,0.537804492,0.39544448,1.555414953,53.45761431,3.697661773,52796.0
304.0,113,485.2,40957,46500,16.3,559.1397849,43.5,42.2,44.5,2.46,53.0,24.8,44.5,5.7,50.2,8.2,53.2,6.4,63.3,44.3,39.5,39.6,18.9,97.32833423,0.719871452,0.482056776,0.203535083,51.21833921,5.671766053,41543.55
173.0,65,458.1,54716,30009,9.9,1499.550135,42.2,42.0,42.5,2.28,56.9,5.5,37.1,7.2,27.2,19.3,60.2,3.4,73.9,56.9,47.8,29.3,12.7,93.67139687,0.810410922,0.763333109,1.688075863,53.28351089,4.312372589,58020.05
51.0,22,440.7,48216,7228,10.3,138.3508578,45.9,45.0,47.7,2.25,56.2,8.6,46.1,11.5,44.7,11.9,62.5,3.2,75.5,53.0,43.4,38.0,14.2,98.46485322,0.363587396,0.323188796,0.175060598,51.62589037,4.989154013,49534.0
1962.667684,37,453.5494221,59893,14875,9.2,0.0,41.4,40.1,42.7,2.46,58.3,18.9,38.5,4.9,40.8,12.8,66.8,5.5,76.6,60.3,50.3,32.2,15.8,96.77784435,0.399440783,0.62579056,1.038546036,56.65114732,5.58244595,58020.05
61.0,27,468.3,41019,8975,15.8,0.0,46.2,45.6,46.9,2.48,53.5,19.0,44.1,6.3,49.2,7.2,44.1,10.9,62.3,41.7,38.9,43.0,19.8,98.73796081,0.166057788,0.0,0.022141038,52.40597345,1.988950276,41543.55
11.0,4,330.6,67344,2450,8.3,0.0,51.7,51.0,52.3,2.07,64.5,11.2,34.6,13.1,34.3,18.6,63.5,0.7,83.4,60.5,43.1,27.2,6.0,95.67847882,0.475367329,0.864304235,0.0,58.37187789,14.4,93564.75
361.0,140,414.8,54089,87572,18.9,148.449276,32.7,30.7,35.0,2.4,44.2,3.4,13.1,11.3,14.9,29.0,54.2,8.6,75.4,61.2,51.4,28.5,14.8,87.43626799,0.879819643,6.176079542,1.276374357,46.15248227,3.454048815,52796.0
90.0,37,423.6,41094,17555,16.9,56.96382797,42.5,38.8,45.3,2.24,47.5,6.7,16.9,29.6,30.4,17.7,53.2,6.4,66.1,51.3,35.5,36.2,20.8,85.13685183,1.420487354,7.922392886,2.119182354,47.98206278,2.534226624,41543.55
2841.0,1203,437.5,50453,541968,13.4,282.3044903,40.7,39.2,42.1,2.41,47.2,13.5,29.4,10.7,32.3,19.4,59.1,8.4,70.9,56.7,52.2,32.3,17.6,79.86830231,14.31049724,2.571205525,0.386455955,45.07926592,4.582141722,49534.0
95.0,38,477.6,52824,14265,11.0,0.0,43.8,42.6,45.0,2.37,55.9,20.3,28.7,7.5,38.1,13.3,63.2,3.6,72.1,56.0,46.0,34.2,17.6,97.63599917,0.055298265,0.269579042,0.235017626,52.80428595,4.095334005,52796.0
1962.667684,118,453.5494221,48460,55691,13.0,1634.016268,37.7,36.8,39.1,2.42,48.9,14.5,29.4,6.2,33.5,15.2,65.0,5.0,70.9,48.7,47.3,29.1,14.5,87.6415179,3.209832242,2.481385126,3.193684399,46.41804377,6.843609637,49534.0
2305.0,827,448.4,58030,510916,18.2,60.67533606,36.5,35.1,37.9,3.09,44.3,13.1,32.8,10.3,34.8,17.1,57.8,8.6,55.8,47.2,43.6,35.3,25.0,64.2678703,12.60387648,5.298143719,13.241616,48.72735839,4.533343875,58020.05
57.0,30,372.7,33986,9440,21.7,0.0,49.7,49.2,50.6,2.31,53.6,26.7,44.6,6.6,45.7,6.1,42.8,9.3,58.0,48.7,29.3,43.3,19.2,95.92436975,1.207983193,0.262605042,0.388655462,50.98381071,3.829787234,28429.05
299.0,101,493.5,49569,43017,12.0,511.4257154,44.2,43.0,45.9,2.17,51.7,8.9,39.1,11.5,31.8,16.0,63.4,4.4,73.8,48.7,46.9,37.0,15.9,95.04151238,1.251121179,1.131528714,0.572663922,46.38557303,5.751533742,49534.0
875.0,327,479.9,46892,203976,18.0,14.70761266,31.9,30.4,33.2,2.75,42.1,8.7,23.6,8.3,30.5,17.6,53.9,7.6,71.8,58.3,50.2,29.4,16.0,66.14851989,30.58346387,1.47312654,0.629059454,46.86523551,5.461320085,46611.3
160.0,56,425.4,34429,49800,29.9,100.4016064,25.0,24.0,26.0,2.51,33.0,3.9,10.3,7.5,19.3,21.7,47.3,13.3,70.0,59.2,51.2,26.3,14.3,58.32653727,37.11670201,3.001141739,0.491355407,36.08648401,3.389715373,35815.95
61.0,25,426.9,47342,9769,11.3,0.0,41.5,40.0,42.7,2.23,53.1,20.8,21.7,3.2,34.6,12.1,61.9,4.6,69.2,53.7,44.1,34.3,16.8,96.55137642,1.502470505,0.171422809,0.383180397,50.37394451,4.356151269,46611.3
105.0,47,408.6,37715,27824,24.5,35.94019551,36.5,35.4,38.6,2.85,44.2,25.6,40.1,1.9,36.9,10.3,55.1,11.9,49.6,48.7,30.3,40.8,26.5,48.99996233,43.96399111,0.625258955,4.836340352,45.9153381,6.543128895,38888.25
1373.0,595,389.4,44145,222255,15.6,112.4834087,51.3,49.9,52.7,2.3,53.5,20.9,29.5,4.6,25.6,16.1,44.6,10.0,59.7,37.4,29.1,48.0,23.3,91.62438193,0.594918424,0.879182948,2.712550232,50.73231503,4.975284763,43962.7
204.0,101,393.1,43338,36377,14.8,384.8585645,46.4,45.3,47.4,2.3,54.0,16.7,26.2,5.0,35.3,13.6,51.6,9.2,66.5,48.7,40.0,42.3,18.8,94.16267161,0.253323164,0.258770974,0.13074744,50.08606949,3.887024609,43962.7
542.0,173,495.4,63964,152238,10.7,6.568662226,35.1,34.1,35.8,2.99,57.5,14.2,39.2,5.2,35.6,15.2,63.4,8.7,72.3,61.4,55.0,22.6,12.9,78.01085482,17.54613297,1.008141113,1.242876526,61.33374058,4.002336389,93564.75
459.0,225,517.1,43374,85300,19.4,246.1899179,36.5,35.2,37.6,2.6,48.8,19.5,28.9,6.3,27.5,14.1,57.7,7.8,61.8,49.4,44.7,36.2,21.8,68.92845383,27.96697869,0.677360177,0.839644386,47.92176039,4.984662577,43962.7
1030.0,421,448.5,54196,251195,14.6,47.77165151,37.9,37.2,38.7,2.61,53.6,13.6,28.4,8.8,27.8,20.0,60.3,8.9,71.0,58.9,53.1,27.6,15.2,75.17619421,18.92983888,1.704043719,1.238774388,53.35134297,5.197966517,52796.0
511.0,163,473.8,59946,144251,15.9,1310.21622,29.8,29.5,30.4,2.37,43.4,4.1,18.2,15.0,17.1,27.4,69.0,3.5,81.2,48.7,60.6,20.9,10.4,84.14684873,5.447660575,5.971915431,1.948564216,42.80662505,4.117879551,58020.05
38.0,14,450.8,51040,6409,11.5,0.0,43.3,40.7,45.6,2.47,58.8,11.9,28.4,6.9,41.6,14.9,65.3,4.0,79.2,62.0,54.4,29.8,11.5,98.06207657,0.110288325,0.236332125,0.1890657,56.9140625,10.27070064,49534.0
75.0,35,464.5,28271,11665,29.8,0.0,43.1,42.1,44.6,2.35,41.6,24.4,41.4,2.3,39.1,9.7,42.2,12.9,46.4,29.4,26.1,47.3,28.4,38.40549368,61.23440248,0.0,0.142366636,36.89978083,7.061933535,28429.05
245.0,87,447.8,58792,53585,10.2,0.0,38.2,37.3,39.2,2.95,55.1,21.3,31.3,9.3,36.0,12.6,60.0,9.7,71.2,58.0,53.4,30.8,17.2,87.41156153,2.211658094,1.305453938,6.595977791,59.52341552,5.621301775,58020.05
409.0,150,484.1,41216,65018,17.5,415.2696176,42.5,41.2,43.7,2.33,49.0,17.2,35.6,4.6,31.3,13.6,55.2,6.1,65.2,50.3,43.8,37.9,21.1,85.29690558,10.76168053,0.902030333,0.409735812,45.15519372,5.282054823,41543.55
130.0,48,445.2,40884,31857,22.8,0.0,28.0,26.6,30.7,2.76,40.2,13.8,12.2,11.9,22.1,16.9,53.6,11.7,56.6,44.2,39.3,31.5,18.7,85.75665803,4.052577352,2.020044335,6.160042462,42.6645883,5.244100387,41543.55
17.0,10,456.9,41800,2216,18.0,0.0,44.6,42.9,46.9,2.28,60.9,28.6,44.4,3.0,36.3,15.3,60.8,2.2,59.0,42.0,29.9,38.4,20.5,84.45108928,0.213583938,0.213583938,12.21700128,52.40904621,2.195121951,41543.55
180.0,72,461.3,59266,33406,9.4,0.0,41.0,40.0,42.2,2.5,57.7,22.7,34.6,5.5,42.3,11.5,62.5,5.3,75.9,61.8,56.5,27.8,13.8,96.68466847,0.363036304,0.345034503,0.567056706,57.44373479,4.732975417,58020.05
38.0,18,383.4,46331,7158,14.8,0.0,45.9,42.8,48.4,2.46,53.7,20.9,41.0,2.0,41.1,12.5,57.0,5.5,65.7,50.8,44.5,31.9,16.7,68.81508584,26.54095131,0.182943991,0.197016606,49.61990325,9.290030211,46611.3
109.0,43,466.4,43562,16391,14.7,122.0181807,45.9,44.2,47.1,2.38,52.3,8.9,48.5,4.9,42.7,10.1,55.6,6.5,67.4,49.0,43.9,41.0,20.3,96.23248195,1.789722745,0.370078262,0.145604562,51.27585686,5.300353357,43962.7
466.0,171,490.1,56728,78444,11.7,12.74794758,44.2,43.3,45.1,2.66,54.5,17.5,40.1,5.3,35.5,15.1,50.9,9.8,66.2,49.1,38.9,33.7,16.0,90.39008962,6.425935688,0.882973115,0.421718503,55.87154667,6.279473815,58020.05
439.0,197,462.5,40148,67347,20.0,44.54541405,44.3,43.0,45.4,2.35,48.9,9.8,30.9,4.1,42.5,9.6,49.5,8.8,66.0,49.6,45.1,39.7,21.6,91.65209469,5.688213598,0.336502432,0.069063818,47.93976679,4.806907805,38888.25
59.0,24,452.7,40657,10483,18.0,0.0,43.1,43.5,42.4,2.56,52.3,25.6,36.0,5.6,49.7,5.7,50.3,6.6,61.7,48.4,44.6,40.7,24.0,97.29959399,0.103861769,0.151071665,0.169955623,51.59717142,4.891062695,41543.55
616.0,262,448.2,46061,105659,16.8,132.5017273,42.6,40.2,44.5,2.42,49.6,12.9,34.3,7.1,35.6,12.5,53.0,9.7,69.8,50.3,46.0,39.7,18.7,94.49380494,1.353352453,0.588577105,0.587639881,48.20153793,5.244463933,46611.3
135.0,51,443.4,43755,28017,17.1,0.0,37.2,35.6,38.5,2.92,51.4,23.6,27.2,5.5,29.6,10.7,49.2,12.6,52.7,40.1,34.1,41.2,26.3,85.25812551,0.966855757,2.479574726,6.564629491,50.81604717,6.12741125,43962.7
743.0,253,478.1,54400,135868,9.9,1037.771955,40.6,39.2,41.7,2.48,55.8,12.2,38.7,7.9,37.1,16.1,65.2,5.7,75.6,60.4,54.7,30.5,14.8,91.6213557,0.702782278,5.459508644,0.178284767,54.18585648,5.823165636,52796.0
151.0,64,511.9,38376,25768,25.5,0.0,37.0,36.2,38.6,2.26,32.3,12.6,24.6,1.2,43.2,9.1,54.5,8.2,56.2,41.6,37.3,46.8,30.8,52.74441878,41.78598922,1.058506543,1.454965358,37.85330948,5.312389693,38888.25
1962.667684,9,453.5494221,45629,5036,15.1,0.0,37.4,37.3,38.1,2.55,56.8,30.1,38.4,0.8,32.1,15.9,41.0,11.8,64.1,51.8,48.5,31.5,15.5,90.64304967,2.9264536,0.077011937,0.904890258,59.21402018,4.519774011,46611.3
1869.0,756,346.3,58403,357305,14.3,50.37712878,48.5,46.7,50.2,2.59,54.4,19.2,38.9,5.7,26.7,19.8,54.5,7.8,58.6,38.0,28.5,40.8,19.3,87.80061626,6.830142103,1.248933569,2.628624033,54.17744518,5.163886194,58020.05
1962.667684,11,453.5494221,48593,5194,10.4,0.0,51.3,50.5,52.6,1.93,63.3,11.8,25.8,11.5,25.1,22.3,62.0,4.0,73.9,50.6,42.9,38.6,14.6,86.98498267,0.904890258,0.924143242,1.251443974,53.31825038,2.465166131,49534.0
28.0,10,375.5,33256,3456,22.2,0.0,57.1,55.5,58.7,2.44,49.4,0.0,24.1,12.0,36.3,14.8,33.6,4.6,62.3,37.6,30.7,44.3,13.1,96.42757466,0.669829752,0.334914876,0.418643595,53.13626532,0.689655172,28429.05
362.0,149,417.9,50388,93259,15.8,0.0,32.2,32.0,32.4,3.0,52.3,28.7,33.4,2.1,26.8,10.7,57.1,10.1,49.9,39.2,33.9,41.2,29.2,71.19474313,0.717932008,1.026392962,22.46442924,54.65445682,6.92564347,49534.0
163.0,71,448.7,37813,24303,19.6,205.7359174,50.2,49.6,50.5,2.48,55.0,25.1,30.5,5.1,38.8,10.2,43.3,12.0,52.2,48.7,26.5,46.1,26.7,96.84525314,0.269564485,0.509645354,0.021059725,53.35436383,4.835115865,38888.25
230.0,98,477.8,45841,39259,18.7,0.0,508.8,41.5,43.4,2.52,47.6,22.2,28.0,5.1,35.5,11.3,53.0,11.9,60.0,45.4,37.9,39.3,22.3,68.76623707,27.37761703,0.430441648,1.533289185,45.40726776,6.140350877,46611.3
88.0,37,484.4,37961,9259,15.7,0.0,54.6,54.3,54.9,2.27,51.5,32.3,26.3,3.5,41.9,6.8,36.1,16.0,60.8,32.9,27.5,53.1,21.0,97.05350495,0.361663653,0.0,0.34038932,49.21375921,3.263086336,38888.25
122.0,52,458.4,32977,20028,25.6,0.0,42.2,41.0,43.0,2.42,44.4,18.2,31.6,2.2,42.0,9.7,42.4,11.4,60.1,43.0,36.3,43.6,23.7,46.69555796,51.42814932,0.142814932,1.211464592,40.65934066,4.656703487,28429.05
303.0,124,493.1,51931,63360,13.5,0.0,38.3,37.5,38.9,2.88,56.7,17.6,40.7,1.6,34.3,13.1,56.5,7.9,67.6,54.8,47.9,27.4,14.7,88.42885054,7.219146858,1.820253989,0.704982091,59.92968453,4.117165096,52796.0
50.0,25,459.9,32162,7470,21.8,0.0,47.0,47.6,46.5,2.44,55.7,11.6,31.4,0.0,48.9,7.6,39.9,18.1,52.4,36.5,35.1,46.0,25.2,98.25327511,0.09262935,0.052931057,0.026465529,53.33333333,4.780114723,28429.05
141.0,60,541.3,33650,21578,24.8,185.373992,40.4,38.8,40.9,2.86,39.3,35.7,31.5,0.4,30.2,9.9,54.5,9.4,55.3,42.7,37.2,44.0,23.9,55.53702932,43.6153953,0.490945301,0.0,42.92636963,1.946661476,28429.05
100.0,50,454.5,41462,16446,18.4,0.0,41.9,40.8,43.7,2.44,54.4,11.9,37.8,5.3,43.3,7.7,54.9,6.6,66.3,48.2,37.2,36.0,17.1,95.46355825,0.51072523,0.048068257,1.141621102,50.73243647,4.212348529,41543.55
202.0,86,448.1,41017,35506,17.7,0.0,40.6,40.0,41.5,2.83,50.4,20.5,42.8,1.2,44.0,7.0,44.5,11.4,56.3,48.7,32.6,39.0,20.2,79.31111608,16.27711921,0.366249161,1.948669202,52.48578392,3.4164859,41543.55
50.0,23,384.8,34341,8607,17.6,0.0,48.4,47.9,49.0,2.24,56.4,10.0,54.9,8.0,47.4,10.0,50.7,5.7,60.0,40.0,37.8,44.9,23.0,96.75750259,1.483270093,0.0,0.0,53.27803051,4.256631709,35815.95
554.0,233,417.8,50106,116063,13.9,241.2482876,38.8,37.5,40.2,2.6,56.1,17.7,32.3,5.2,41.0,13.3,60.5,4.8,69.3,54.6,48.8,29.6,15.2,95.35758553,1.68499883,0.810428964,0.393513101,57.62759264,6.420871739,49534.0
175.0,68,538.0,41150,26910,16.9,0.0,40.5,39.0,41.8,2.44,52.2,20.3,43.8,4.8,40.3,8.3,49.4,7.7,60.1,45.0,38.7,39.2,22.1,90.51059551,6.41316897,0.022345536,0.744851216,48.56485741,4.897396103,41543.55
1962.667684,30,453.5494221,47723,12103,11.9,247.8724283,45.0,43.7,46.0,2.4,57.9,15.2,20.9,8.1,36.4,14.7,58.4,5.0,74.9,56.5,49.1,33.4,15.3,95.76891782,0.81366965,0.18714402,0.170870627,57.88269551,6.021594684,46611.3
396.0,141,461.8,31487,123912,37.8,500.3550907,26.5,26.2,26.7,2.55,29.9,4.8,20.3,13.2,21.8,20.2,52.9,9.2,67.1,56.6,45.9,24.7,14.5,64.70700136,26.55804144,4.402630164,2.042926264,31.61961436,3.333416627,28429.05
104.0,39,431.4,69191,20248,7.4,0.0,41.2,40.1,42.4,2.48,63.5,13.0,24.9,11.2,31.1,22.6,68.0,1.4,82.4,68.2,58.2,22.9,8.3,97.27995261,0.676309424,0.098731303,0.306067039,62.95743092,5.725611099,93564.75
796.0,319,444.3,45080,155056,16.2,83.84067692,40.8,39.4,41.9,2.59,51.7,14.7,34.4,9.6,30.3,14.6,56.9,8.2,65.0,50.9,43.6,33.6,18.5,80.99152707,8.580298816,3.795356057,4.60125477,52.05061305,4.107398367,43962.7
89.0,33,528.5,35878,14637,19.3,0.0,40.4,39.3,41.1,2.57,56.2,19.6,39.9,5.8,38.9,7.1,52.0,9.7,52.7,39.8,35.9,40.6,23.3,96.4590209,1.382013201,0.041254125,0.605060506,54.38254081,7.140705032,35815.95
2353.0,876,399.5,57720,674836,17.7,1.481841514,34.7,33.8,35.6,2.63,41.5,12.8,25.0,19.1,26.1,23.8,62.7,9.3,56.5,48.8,44.6,29.6,21.3,55.6263856,12.74804978,14.6299759,13.56028125,38.47522277,5.344239425,58020.05
92.0,36,489.7,40422,12529,17.5,0.0,44.7,43.9,46.7,2.28,56.2,21.6,28.6,6.3,36.3,12.9,57.1,6.6,65.2,47.3,39.5,40.4,19.4,97.45836293,0.339411161,0.370984292,0.102612677,50.53822295,5.4900366,41543.55
215.0,102,453.3,36942,40435,19.0,0.0,39.7,38.7,40.4,2.51,50.2,16.8,47.8,4.7,42.5,8.0,51.7,8.0,55.0,40.7,34.2,43.9,27.0,91.94302137,1.312007997,0.487317256,2.481569411,47.4107656,6.99356005,35815.95
17.0,7,350.1,60435,3913,13.2,0.0,35.1,37.5,34.2,2.66,66.6,24.9,39.0,0.0,28.2,16.2,59.8,4.3,60.5,48.3,45.0,22.0,9.0,80.73625819,0.655572365,0.0,17.14573878,65.40540541,6.41025641,58020.05
215.0,72,507.3,61989,52420,10.9,0.0,35.8,35.3,36.4,2.65,55.6,15.0,35.3,7.4,30.7,17.2,65.3,6.9,75.4,64.0,58.1,24.8,13.9,88.59460321,5.185539479,0.878871218,2.670493045,56.81016231,5.258156478,93564.75
24.0,11,352.4,44282,3402,13.2,0.0,51.2,52.2,49.7,2.13,60.5,15.9,30.1,20.8,36.9,13.5,55.6,3.6,80.0,56.0,35.3,35.1,10.4,96.91019347,0.0,0.462027144,0.0,53.90869293,6.270627063,43962.7
185.0,65,425.5,41682,62467,17.2,0.0,27.6,26.5,28.9,2.72,54.1,10.7,45.3,2.7,31.5,12.7,48.9,12.9,69.5,43.6,20.5,26.4,14.9,48.08232573,40.49389231,2.211805609,4.172163844,51.98099638,9.713596623,41543.55
62.0,29,491.5,36699,9144,19.1,0.0,43.0,40.7,44.6,2.31,54.1,20.4,51.8,1.4,34.7,13.2,54.7,5.5,57.1,37.6,29.8,42.3,22.7,79.37002795,3.880885831,0.311760912,5.332186627,47.72784971,3.922594142,35815.95
335.0,155,437.1,34842,51881,20.5,19.27487905,46.0,43.6,47.5,2.32,52.0,12.8,40.7,5.1,34.1,7.3,49.9,10.0,59.8,48.7,33.9,42.9,22.2,73.33586915,22.28033473,0.521110688,2.232788132,47.92326567,6.007452513,35815.95
414.0,179,492.9,46322,67466,15.8,0.0,41.0,40.0,42.2,2.43,53.6,11.7,34.6,7.2,30.4,12.5,54.0,7.0,66.6,50.2,43.3,39.2,21.5,92.49862189,4.299697561,0.949032345,0.236885624,51.71667413,5.84433073,46611.3
179.0,79,443.4,43341,35985,17.8,0.0,40.0,39.5,40.4,2.59,55.4,25.9,37.4,1.7,43.9,7.0,51.9,9.5,62.5,48.5,45.1,40.4,24.7,97.69326856,0.26925746,0.205412908,0.116585704,55.10159652,4.775349865,43962.7
50.0,23,570.6,25768,7259,36.2,0.0,41.8,40.6,42.6,2.45,49.7,9.2,53.9,2.4,38.5,5.6,34.4,9.7,39.3,48.7,23.9,57.4,40.2,98.81559014,0.3580774,0.0,0.192810908,45.30500343,5.395462906,28429.05
172.0,68,453.4,52959,33513,12.8,0.0,40.2,40.3,40.1,2.74,56.2,19.5,44.8,3.6,37.0,10.6,57.1,8.9,69.4,48.7,48.2,31.7,15.4,94.24386406,2.233453379,0.466059377,0.935145114,58.81516191,5.58081852,52796.0
254.0,112,412.1,46375,45563,13.7,1097.381647,43.9,42.0,45.6,2.35,55.8,15.6,44.4,3.3,39.8,10.6,60.0,6.0,68.4,50.9,43.2,39.2,19.0,95.66169067,1.267346671,0.474981395,0.709188811,52.64644351,5.884312202,46611.3
15.0,7,360.8,49614,3710,13.7,0.0,40.5,35.9,43.3,2.53,64.0,26.5,46.4,3.6,27.2,8.9,62.3,1.8,63.1,54.5,50.6,22.2,15.3,56.58286023,0.270343336,0.0,41.93025142,64.06140963,5.249679898,49534.0
65.0,30,464.6,38928,10013,22.2,0.0,45.2,42.5,48.0,2.43,51.6,15.9,40.8,4.3,31.2,8.1,47.9,11.6,54.9,33.3,26.4,46.1,22.6,65.09935078,31.71355499,0.098367106,1.042691324,49.05705996,5.365126677,38888.25
63.0,28,492.1,30460,9909,25.2,0.0,43.4,42.2,44.0,2.51,58.4,17.7,35.2,2.8,40.9,6.1,50.3,7.4,51.8,36.7,33.9,44.6,26.8,95.13269905,1.281922884,0.330495744,1.852779169,56.45325203,11.46987952,28429.05
2017.0,744,472.3,67106,436092,12.3,392.1190941,37.3,35.9,38.7,2.89,46.8,14.7,32.5,6.5,23.8,17.6,55.3,11.4,69.2,48.7,47.6,32.4,18.1,53.81430078,13.90759431,15.06037538,8.719844605,50.1044481,5.163792425,93564.75
181.0,72,420.8,41587,36770,22.1,0.0,37.2,36.5,38.2,2.7,50.4,20.2,49.0,2.0,35.4,11.7,56.2,6.4,52.0,40.0,36.3,35.7,22.2,80.4114979,10.19181376,2.084813378,2.877206405,49.71603647,8.922207202,41543.55
114.0,46,563.4,45269,18006,15.0,0.0,39.6,37.7,41.8,2.56,52.4,17.2,38.4,4.1,42.6,10.2,54.5,7.0,61.9,49.1,43.3,36.6,20.8,86.00881157,10.35924085,0.192046995,0.994125621,50.15457088,5.726431608,46611.3
50.0,15,420.2,41602,9300,15.1,0.0,42.6,42.0,43.1,2.15,53.2,8.1,23.5,6.8,30.1,19.8,59.0,6.5,75.2,56.8,43.9,29.3,11.5,95.27499731,0.129157249,0.365945539,0.204498978,49.11764706,2.454308094,41543.55
146.0,58,436.5,79358,49220,7.1,0.0,32.7,32.4,32.9,2.71,56.6,18.3,37.6,5.8,34.4,14.7,73.6,4.0,77.0,69.2,65.1,16.1,8.8,93.57257409,0.791452315,0.635244621,1.970299711,56.15648201,5.19665272,93564.75
1217.0,464,429.3,73788,346312,9.9,2.88756959,35.5,35.0,35.8,2.85,54.5,14.9,32.4,8.1,25.7,18.5,61.3,5.4,69.6,60.2,55.6,21.7,12.5,74.69863538,12.99718757,5.948917981,4.176450906,56.55408408,6.533051164,93564.75
300.0,108,469.4,48499,61680,14.7,551.232166,35.8,34.8,37.1,2.67,52.0,17.7,43.3,4.5,32.5,12.4,67.5,6.0,65.7,52.7,46.8,30.2,16.7,92.75233583,2.197657587,1.115278326,2.107185156,49.11068515,8.958855626,49534.0
1404.0,502,474.4,76856,307343,6.9,0.0,39.3,38.2,40.2,2.79,58.2,14.4,33.2,10.5,26.5,21.7,65.8,8.0,78.8,48.7,60.7,22.8,12.5,91.46334718,1.345991795,2.633745124,2.641228279,61.79868665,4.286141792,93564.75
167.0,69,497.2,41577,25172,16.1,0.0,42.2,40.7,43.4,2.39,55.4,20.7,41.0,4.8,44.0,7.3,55.8,7.8,60.9,44.6,40.2,38.3,20.9,97.13627129,0.367244882,0.058602907,0.476636975,51.54335644,4.972375691,41543.55
93.0,44,461.6,30835,16106,26.4,0.0,38.4,36.1,41.1,0.0261,41.6,31.6,35.7,0.5,41.2,7.3,39.9,17.0,43.3,32.2,26.8,42.4,27.7,43.3675339,54.50714547,0.122144864,0.84279956,40.59765561,4.429860541,28429.05
36.0,15,447.2,52601,5797,10.7,0.0,41.9,41.1,42.5,2.51,58.1,14.3,36.8,2.7,38.6,12.6,64.2,4.5,72.8,54.8,46.7,30.3,13.7,95.56767815,0.39209001,0.051142175,2.523013979,55.57483731,7.055749129,52796.0
27.0,8,448.0,50698,5610,12.7,178.2531194,36.4,36.8,36.0,2.78,60.8,36.0,31.6,5.5,29.6,15.1,63.8,2.3,65.3,52.0,43.7,27.1,16.1,94.35150207,0.125921928,0.359776938,3.184025904,60.59837728,6.825657895,49534.0
69.0,30,489.0,49567,10898,12.2,0.0,41.6,40.7,42.7,2.51,56.1,14.0,36.1,9.5,37.2,9.8,56.7,7.4,68.1,51.5,44.1,40.1,21.7,98.11751805,0.210180024,0.849858357,0.0,55.0812065,6.796116505,49534.0
126.0,61,442.0,33181,16185,20.3,0.0,51.3,50.7,52.1,2.43,58.2,15.3,39.7,0.8,43.4,9.1,40.6,10.9,56.0,48.7,27.4,52.2,24.0,96.57917122,0.255195042,0.716976546,0.236966825,57.43918818,5.886450714,28429.05
47.0,20,345.2,39006,14732,24.8,0.0,35.6,34.5,39.1,3.06,44.7,25.0,48.4,0.1,25.8,8.5,41.8,6.7,53.9,48.7,39.9,35.3,23.4,82.97482192,3.907186685,0.846322026,8.999224205,50.45748116,8.634992459,38888.25
16.0,5,535.4,51978,1859,11.7,0.0,48.2,48.6,46.9,2.24,59.0,28.8,40.4,3.8,39.3,10.3,51.8,9.2,63.5,48.7,40.4,35.3,14.1,97.76951673,0.955921402,0.0,0.159320234,52.70108043,3.333333333,52796.0
731.0,210,496.3,103876,125488,4.7,47.81333673,45.0,43.5,46.1,2.6,57.7,16.6,29.8,15.1,22.7,29.3,64.0,5.9,87.5,73.3,67.5,20.5,7.1,91.06217822,2.581386139,3.628514851,1.268910891,62.07381821,4.22223833,93564.75
653.0,258,472.8,45082,119565,15.0,8.36365157,39.5,38.0,41.4,2.55,51.4,20.0,34.8,4.8,31.0,14.4,54.1,9.9,65.8,49.7,43.6,33.4,17.0,82.68996377,12.28607684,0.601071912,1.516871755,50.54828593,4.808108498,43962.7
165.0,76,511.5,26439,30999,40.1,0.0,32.9,31.1,34.7,2.76,27.4,17.1,33.6,4.7,33.8,11.5,39.3,16.3,38.9,30.5,26.6,49.0,35.6,25.39662394,72.17921056,0.812285823,0.964589415,28.93569845,4.749478079,28429.05
690.0,257,520.6,46926,120146,19.6,58.26244736,39.2,38.6,39.8,2.57,46.8,10.3,26.2,5.8,39.9,10.3,53.4,9.7,64.8,48.7,45.8,40.9,24.4,95.61489648,0.909368476,0.637053052,0.925872441,48.22958057,4.859510954,46611.3
16.0,10,221.5,55955,5937,9.2,0.0,38.8,36.8,41.4,2.61,62.7,12.4,29.1,5.3,35.0,14.2,68.3,2.6,76.1,60.8,48.8,28.0,12.4,97.18796251,0.559118566,0.263114619,0.345337938,61.73052088,5.678233438,58020.05
1434.0,516,475.7,47296,253178,13.9,343.6317532,41.1,39.5,42.8,2.36,47.8,14.9,26.8,10.1,24.7,22.2,57.5,7.0,64.0,49.7,39.4,33.9,18.4,88.71332924,6.567988485,1.082737652,0.604845231,45.6067151,4.175372554,46611.3
101.0,33,507.7,58340,17555,11.0,0.0,39.4,38.5,40.5,2.3,54.7,17.6,36.0,18.0,27.2,22.5,69.5,3.1,77.5,63.4,55.0,26.3,13.4,83.30470629,0.755754036,0.526737662,0.830184358,50.9203316,7.0192783,58020.05
3314.0,1262,459.5,53519,790294,18.6,793.3756298,36.5,36.1,36.9,2.41,42.3,12.6,24.9,12.2,18.4,25.1,62.6,8.8,67.0,55.2,47.1,30.7,18.1,78.20248875,5.460829913,6.866705361,3.06695054,39.73199772,4.640520349,52796.0
188.0,90,436.3,32889,47774,29.7,0.0,27.4,26.2,28.6,2.56,35.0,12.4,14.7,15.1,27.7,20.8,53.3,11.9,63.4,51.5,45.7,30.3,17.9,54.36228854,40.89843503,1.790956514,1.055988511,37.25318889,4.279213153,28429.05
10.0,4,469.0,54458,2069,15.6,0.0,32.4,23.7,40.2,2.52,53.7,28.9,42.6,0.0,19.6,20.2,50.1,7.4,70.3,52.2,45.5,33.9,15.8,85.36938677,6.953162723,0.531144375,0.482858522,64.53125,8.831908832,52796.0
293.0,128,439.3,46610,52076,12.2,1152.162224,41.8,40.1,43.1,2.48,56.3,13.9,43.2,8.4,49.9,7.7,57.9,7.6,70.1,53.7,47.5,35.3,18.7,97.64687906,0.643670257,0.311330125,0.206280083,54.6273664,6.68786915,46611.3
168.0,71,534.0,45557,28441,19.7,0.0,40.2,39.6,40.6,2.75,50.8,18.6,35.9,7.4,39.9,8.8,50.8,8.7,59.0,46.9,40.3,34.9,21.3,85.08784358,8.98271465,1.222017569,3.347265514,52.26091221,5.50827789,46611.3
129.0,55,438.7,42125,21353,18.9,0.0,45.6,45.1,46.2,2.49,58.7,17.4,46.7,5.1,39.0,12.4,53.7,6.3,61.9,48.7,35.5,38.7,19.5,68.94149762,26.59198946,0.54595943,2.795688803,56.32238242,5.057135911,41543.55
102.0,50,349.7,49348,21026,14.6,47.56016361,45.0,44.0,45.8,2.62,54.2,24.0,36.6,9.5,29.0,16.0,45.9,7.0,63.7,43.5,34.9,42.1,21.1,90.9221902,0.739673391,0.465898175,2.747358309,54.44486837,3.729487817,49534.0
244.0,114,416.7,51199,54648,12.1,18.29893134,38.5,37.2,39.7,2.7,56.4,21.5,38.9,3.8,37.7,12.7,57.4,4.3,64.5,49.6,42.9,32.2,17.0,85.5051108,2.109602328,0.302171156,1.359770201,57.50165909,4.518903132,52796.0
146.0,71,404.0,40189,20848,17.8,0.0,51.7,50.8,52.5,2.24,52.7,27.3,33.9,2.2,31.6,11.3,40.9,8.9,55.8,33.1,25.9,50.9,24.1,89.40663599,0.305158634,1.889077258,2.286267861,48.96703297,5.889178996,38888.25
81.0,38,423.1,35701,10368,19.0,0.0,50.4,50.6,50.2,2.73,49.5,21.1,44.6,0.0,44.8,7.7,33.9,12.1,47.7,48.7,18.6,51.5,24.8,90.24904215,8.783524904,0.143678161,0.172413793,51.19894598,5.158324821,35815.95
1962.667684,123,453.5494221,48525,45435,14.7,0.0,45.9,44.6,47.1,2.33,58.5,14.7,27.1,5.5,31.8,15.1,54.2,7.1,69.6,48.9,43.2,40.6,18.9,93.05904661,0.489482736,0.390263262,0.273404771,55.68151859,6.184256155,49534.0
69.0,32,481.7,32042,9867,26.7,0.0,44.4,43.1,46.0,2.45,42.7,35.1,35.6,1.8,43.4,8.7,46.7,8.9,55.2,38.3,31.4,43.4,25.2,53.19787809,42.35812231,0.7406666,2.64237814,41.56265602,7.441634241,28429.05
140.0,59,478.0,66522,25512,6.9,0.0,498.0,40.4,42.4,2.57,62.0,14.2,36.0,5.1,32.1,16.9,54.5,3.8,83.0,65.6,55.4,24.4,9.3,96.81388013,0.954258675,0.563880126,0.339116719,61.33661337,7.938902508,93564.75
1424.0,672,444.9,37704,204737,20.8,161.182395,49.2,48.3,50.0,2.43,49.5,25.7,40.3,2.8,35.7,7.6,39.5,13.2,50.5,30.1,25.0,52.9,29.2,89.04564275,1.127054219,1.227859679,2.935159961,48.43873713,4.575797025,38888.25
138.0,62,460.4,35490,22747,23.1,0.0,44.1,43.5,44.8,2.52,45.0,14.0,53.6,2.2,39.8,8.6,46.0,12.8,52.4,48.7,34.7,43.2,26.3,39.11199585,57.43898217,0.268305349,0.701055911,44.17130145,2.009646302,35815.95
182.0,65,521.6,47227,53221,15.9,0.0,26.8,25.0,29.7,2.84,45.0,4.8,45.2,3.6,31.3,15.8,36.1,12.7,72.3,54.5,16.3,27.6,12.9,74.81990158,12.15687742,2.808599817,3.141664951,51.86264982,5.283078379,46611.3
1490.0,494,463.9,62861,358880,14.3,1290.124833,33.4,32.3,34.6,2.43,44.3,5.6,15.4,18.5,15.7,25.4,60.4,7.4,82.2,68.7,60.9,23.4,10.2,74.0632378,12.07313354,8.438202501,0.903719937,44.8630013,4.120270702,93564.75
97.0,41,459.7,55968,13984,10.3,0.0,44.0,40.5,47.0,2.28,61.6,20.7,21.4,2.4,37.7,13.7,64.6,2.8,73.8,56.3,46.2,35.1,16.4,94.79846722,0.510928186,0.844450752,2.39142776,57.01199201,7.056603774,58020.05
550.0,210,475.2,51978,102426,11.8,439.3415734,40.2,38.9,41.5,2.53,56.7,16.1,33.6,5.8,34.3,11.7,60.3,7.2,71.6,59.6,53.3,28.6,16.5,96.25054013,1.034096712,0.497898417,0.617708292,54.77389453,5.593582421,52796.0
82.0,29,489.6,45773,12762,15.9,0.0,43.2,41.2,46.3,2.48,50.2,24.3,28.5,4.8,31.4,11.4,39.2,10.3,66.7,47.4,40.1,41.9,20.4,88.79881518,8.862732871,0.226050355,0.101332918,54.75380077,4.476930105,46611.3
38.0,16,398.5,42006,6385,16.7,0.0,44.5,43.4,45.0,2.41,55.5,40.9,26.4,6.4,43.5,9.9,55.6,4.3,65.1,42.9,32.9,41.9,18.1,97.6660401,0.469924812,0.062656642,0.0,51.81047766,7.016060862,41543.55
437.0,155,485.5,56536,104352,14.7,19.16590003,30.3,29.9,30.9,2.65,41.4,5.6,20.4,10.6,26.3,18.6,61.7,10.4,73.3,48.7,51.9,27.0,16.0,83.73185107,6.914562269,2.444774546,4.381618669,45.12060962,4.533178353,58020.05
192.0,69,442.5,54642,35663,11.0,56.08053164,45.0,44.3,46.0,2.32,54.9,15.8,29.5,25.7,24.4,20.2,64.9,6.4,65.4,48.7,35.7,31.2,15.3,90.40530075,2.234460603,0.484754611,3.731749993,51.50644666,4.646266143,58020.05
129.0,54,332.0,32533,20152,22.8,0.0,54.8,54.8,54.9,2.14,54.1,26.3,40.4,0.0,36.6,6.4,37.0,11.2,50.3,23.7,20.9,62.2,31.3,73.92672732,0.196705188,0.82616179,8.984509466,46.56700481,4.686489981,28429.05
333.0,147,472.2,52850,51945,10.4,0.0,44.4,43.5,45.3,2.35,55.5,14.7,47.1,5.2,43.7,12.6,60.7,5.7,73.5,57.6,52.0,33.4,16.7,96.91127098,0.441247002,0.447002398,0.627338129,53.3624373,5.973097545,52796.0
648.0,240,483.6,51650,94352,15.5,392.1485501,45.1,42.8,46.5,2.44,55.8,14.6,40.2,8.0,25.8,19.7,48.9,8.0,66.3,46.4,32.6,39.1,19.5,82.80413765,12.34971605,1.0769214,0.645280839,53.44479444,3.694753236,52796.0
26.0,9,334.4,36821,7210,19.9,0.0,34.9,35.6,34.6,2.92,57.9,48.9,43.9,0.0,32.4,4.6,62.6,4.3,45.2,34.7,31.7,34.5,21.6,84.90036486,2.062868369,0.406960427,12.13864721,58.23578595,2.595628415,35815.95
103.0,45,469.6,40709,17260,17.4,0.0,44.4,43.4,45.4,2.38,54.4,19.9,41.0,3.4,42.4,8.2,48.7,10.4,60.6,48.7,35.8,45.0,22.1,96.25652931,0.684852002,0.429483459,0.249564713,50.21572721,4.369071572,41543.55
136.0,55,487.2,38366,23609,17.2,0.0,39.3,37.1,41.5,2.54,51.9,8.0,35.3,3.4,31.8,8.8,50.0,9.3,61.2,46.6,41.5,39.0,22.0,91.71463903,6.528506247,0.217474735,0.571404205,53.67289191,5.256362966,38888.25
1060.0,384,404.1,60577,279955,9.1,7.144005287,34.7,33.9,35.7,2.74,56.6,8.8,24.3,9.6,28.9,20.9,63.8,6.1,80.2,48.7,59.2,25.6,11.9,90.07563997,1.635082889,2.798239705,2.913566868,61.39920858,5.371555803,58020.05
128.0,54,370.2,41166,26105,20.1,0.0,42.3,41.2,43.8,2.6,57.1,30.0,32.9,3.2,34.7,10.6,50.0,8.7,61.3,41.8,37.4,44.2,23.3,94.74246064,1.300087689,0.282130466,1.589843303,57.87008756,4.930928626,41543.55
302.0,133,424.9,43377,53547,15.9,0.0,43.5,42.4,44.4,2.79,52.5,26.8,36.4,1.5,35.4,10.3,52.1,6.1,56.2,41.5,36.3,36.5,18.9,93.14510012,2.417703277,0.451304612,1.02965716,55.59017891,6.531059017,43962.7
228.0,95,510.7,34116,34123,21.3,0.0,43.0,41.5,43.9,2.44,43.9,14.2,42.6,3.9,38.4,7.6,49.8,8.9,57.7,42.2,38.6,42.2,24.1,57.66601133,40.31221573,0.762933185,0.035212301,40.55269457,4.40907905,28429.05
53.0,20,383.5,45578,12819,15.1,0.0,36.3,35.5,37.2,2.75,65.3,19.2,39.2,5.6,34.2,14.9,54.6,6.0,67.4,51.0,37.4,32.4,16.5,93.68868289,0.355349556,0.084974894,2.811896485,69.2651329,6.445533358,46611.3
9.0,4,347.2,56772,2311,10.3,3894.418001,34.7,35.5,33.0,3.57,62.4,34.8,18.2,2.3,37.6,15.2,46.2,6.2,66.6,49.1,44.3,36.2,17.4,96.94589878,0.087260035,0.0,2.748691099,70.78125,7.99086758,58020.05
85.0,32,404.0,61762,19162,9.6,0.0,481.2,39.4,41.4,2.64,59.8,7.1,52.3,2.6,34.9,15.7,60.0,7.4,69.7,48.7,50.3,26.1,13.8,88.44650966,6.58464463,1.24089133,1.019115007,58.64154127,3.450671607,93564.75
545.0,193,424.7,41641,215037,26.4,51.15398745,25.2,24.6,25.8,2.58,37.4,5.3,12.5,12.0,20.4,20.8,58.7,6.4,72.6,62.3,50.7,19.8,11.2,73.92520132,10.75212768,5.738755109,6.531853014,39.40534539,4.690848607,41543.55
32.0,17,405.2,51470,4168,10.9,0.0,51.0,49.6,52.6,2.04,64.8,12.2,25.9,14.0,33.8,15.6,58.5,1.3,79.0,53.9,37.7,35.8,11.0,98.02568982,0.0,0.0,0.261655566,55.52788845,7.244318182,52796.0
625.0,263,498.3,39757,98632,21.5,496.7961716,41.8,40.5,43.4,2.48,48.2,25.4,41.9,2.5,44.9,8.9,50.7,8.9,61.7,46.9,43.0,39.1,22.6,93.25596079,3.406596711,0.472052677,0.484079497,47.3540756,6.447299298,38888.25
1962.667684,20,453.5494221,48245,6856,10.4,0.0,49.8,47.8,51.6,2.24,61.2,23.3,33.7,4.5,38.3,13.6,60.8,3.7,78.6,54.8,38.5,38.4,14.0,96.95286914,0.626512886,0.811618966,0.128150363,55.75048733,6.786941581,49534.0
21.0,8,361.2,29147,4371,25.8,0.0,41.6,40.9,41.9,3.28,33.7,16.8,37.7,3.2,40.2,7.8,35.0,1.2,60.6,38.7,34.5,50.5,20.2,84.15819708,1.568714096,0.022094565,8.837825895,41.44295302,3.558718861,28429.05
512.0,217,425.8,48194,98573,14.5,649.2650117,40.9,39.0,42.8,2.46,50.0,14.0,31.4,4.5,36.7,12.7,54.0,8.6,71.5,53.0,47.6,36.3,17.5,92.37831389,2.645042567,0.287152939,1.528786071,50.8534401,4.630064868,49534.0
116.0,52,480.4,31835,20142,30.9,0.0,38.3,35.5,41.2,2.33,42.8,26.8,36.0,5.6,41.3,8.0,44.4,11.7,49.3,36.9,32.8,34.3,18.7,57.88547117,41.22450976,0.14670644,0.195608587,41.18541033,2.773207991,28429.05
1069.0,371,491.6,54782,195080,13.1,287.0617183,39.7,38.6,41.2,2.53,50.0,17.6,37.6,5.5,30.7,15.7,59.9,8.4,70.8,56.9,52.7,32.8,17.9,80.83532158,11.06955027,1.188332179,3.364888786,49.61094928,5.596635235,58020.05
177.0,80,493.5,24868,27337,33.5,0.0,41.1,39.2,42.5,2.44,46.6,20.6,46.4,2.3,35.6,5.0,35.4,11.6,39.7,26.6,24.4,57.6,39.6,95.00536673,3.209302326,0.322003578,0.032200358,42.08152958,3.381417714,28429.05
62.0,35,350.0,39135,13986,20.2,0.0,41.6,40.2,43.4,2.88,42.7,27.1,39.7,2.2,50.1,4.6,42.4,12.1,58.5,48.7,30.2,37.1,18.1,76.95875202,20.9050664,0.590260698,0.196753566,46.42487047,4.995038042,38888.25
1962.667684,11,453.5494221,56032,4964,8.3,0.0,42.0,40.7,43.4,0.0221,65.3,21.0,18.3,12.3,33.4,15.7,67.5,5.8,84.1,67.1,50.8,24.7,6.3,95.23133117,0.0,1.055194805,2.820616883,56.83060109,6.629834254,58020.05
2015.0,707,430.7,61937,523643,13.4,129.8594653,34.6,33.7,35.6,2.35,47.5,6.3,21.9,21.4,19.0,28.3,69.5,4.9,82.5,48.7,62.8,22.6,10.2,84.4213423,5.199353976,5.404960427,1.885542476,45.26843317,4.458527742,93564.75
819.0,344,455.0,51237,161448,14.9,12.3878896,38.9,37.7,40.2,2.47,50.2,12.7,42.1,5.8,36.8,13.4,60.1,8.5,69.7,54.4,50.3,35.4,19.0,90.11553753,3.491634884,1.151020053,1.185861741,47.85966011,6.125337107,52796.0
27.0,11,462.8,52749,3956,9.3,0.0,44.9,42.8,48.1,2.25,66.5,9.5,21.6,1.5,33.2,14.7,67.4,0.7,74.5,55.3,36.0,30.0,10.8,98.07544265,0.025660765,0.0,0.333589941,59.72957084,7.489597781,52796.0
819.0,328,478.4,43343,125593,15.0,39.81113597,42.8,41.0,44.5,2.41,50.0,8.4,40.5,10.0,48.2,13.1,55.5,6.4,70.6,51.9,46.4,38.3,18.7,95.93192459,1.594331267,0.71175503,0.213526509,48.79100208,4.508674734,43962.7
77.0,27,421.7,38694,9706,24.6,0.0,51.9,48.9,56.7,2.15,49.7,20.3,37.7,2.0,30.2,11.3,33.9,14.3,61.6,39.5,34.1,49.5,24.3,49.70186963,48.1859525,0.141485599,0.212228398,51.86110417,6.423357664,38888.25
14.0,8,467.1,33789,1828,20.6,0.0,47.3,51.2,45.9,3.84,27.6,59.1,8.6,0.0,42.9,6.8,36.9,5.2,53.4,37.3,29.2,49.3,30.4,80.04950495,0.0,0.148514851,15.0990099,41.92307692,0.0,28429.05
259.0,103,479.1,54920,45685,8.7,0.0,42.1,41.0,43.2,2.49,57.0,16.8,48.7,5.8,46.0,10.6,62.2,6.3,76.2,59.3,54.2,27.5,11.1,97.21741796,0.862578541,0.308689275,0.324014274,56.83162842,5.221317107,58020.05
46.0,16,417.4,61730,10309,9.7,0.0,41.1,41.1,41.1,2.67,57.1,8.3,34.3,4.9,23.2,14.5,55.2,9.3,76.5,56.8,43.7,27.9,12.3,82.50172227,13.76832989,2.20450743,0.344454286,60.10540184,1.574468085,93564.75
559.0,214,508.2,48880,87071,18.2,195.2429626,40.9,39.6,42.3,2.35,48.3,14.1,33.7,8.1,35.6,12.8,53.8,5.4,68.8,52.7,49.9,39.0,21.4,88.45548166,5.901412759,1.516988229,0.311554715,45.98629397,5.089635277,49534.0
938.0,334,444.5,72973,224469,5.8,280.6623632,38.7,37.3,40.0,2.73,60.3,15.5,30.4,13.1,26.8,25.0,62.5,6.1,83.8,71.4,64.9,20.8,9.6,89.67332982,3.456319686,4.511722658,0.631604795,63.68381424,4.708366736,93564.75
611.0,212,420.3,43171,154998,22.3,109.6788346,33.5,32.2,34.5,3.35,47.6,27.9,29.8,2.2,25.1,9.4,45.9,7.5,45.8,34.9,30.4,46.9,33.1,81.65314289,3.468309974,2.122895546,7.926912858,56.07405176,6.972732188,43962.7
372.0,139,473.2,40782,63308,18.2,0.0,40.5,39.3,42.0,2.63,51.4,14.8,45.1,1.8,30.5,9.6,46.6,13.2,53.1,37.9,32.5,47.8,28.0,86.44381809,0.508297441,1.28103623,4.609513555,50.75092811,4.096971483,41543.55
198.0,85,419.6,38139,35829,20.2,0.0,43.3,42.5,44.2,2.67,55.9,23.0,41.3,3.1,41.3,9.5,50.2,11.4,57.6,48.7,37.0,39.4,20.2,92.37809998,0.17634216,1.477915244,3.204948777,56.62841613,6.004650527,38888.25
13294.0,4895,434.9,66034,3299521,14.7,139.1111013,35.1,33.7,36.5,2.86,47.2,10.9,32.2,9.6,19.0,22.1,56.7,8.7,66.6,55.5,44.6,28.4,16.8,70.85169042,5.065812498,11.45023294,6.707308749,49.61783364,4.953958986,93564.75
391.0,165,495.0,40065,79812,25.0,388.41277,28.7,27.0,30.4,2.37,35.6,5.4,21.9,10.7,25.1,19.9,53.1,8.0,69.1,54.9,45.1,30.4,16.3,65.07075411,28.4436654,2.844238594,0.7497633,37.78393158,5.96087761,38888.25
162.0,61,452.0,50266,29550,12.2,0.0,40.7,40.4,41.0,2.45,54.8,17.0,38.2,8.6,38.8,13.2,65.9,3.6,74.6,48.7,55.0,30.7,14.9,93.4754522,0.465796274,0.550795594,4.226166191,52.56866734,4.872575733,49534.0
74.0,34,460.3,29430,13632,34.1,0.0,40.5,40.1,42.7,2.62,34.5,43.7,25.1,1.8,37.8,5.3,38.3,18.7,49.2,48.7,30.0,40.8,22.4,36.81737273,59.49448202,1.580633677,0.825916696,37.7028181,6.381381381,28429.05
98.0,41,455.5,34961,13069,19.9,0.0,50.3,50.1,50.5,2.38,53.8,23.7,50.1,10.6,31.0,15.0,42.2,9.0,44.8,48.7,24.7,49.5,30.2,85.32116952,1.129140806,1.50302849,3.559410753,48.08533917,1.470588235,35815.95
1962.667684,9,453.5494221,46859,2927,9.9,0.0,49.1,48.8,49.4,2.21,66.0,3.4,26.3,14.8,33.2,18.5,69.6,1.0,83.3,61.3,47.2,26.8,6.1,95.62860047,0.304981362,0.406641816,0.711623179,59.37019969,4.642857143,46611.3
74.0,22,376.2,36065,38273,27.1,0.0,23.2,23.8,22.3,3.6,53.6,4.3,16.6,5.6,15.8,23.3,56.7,10.2,76.0,65.5,44.4,21.6,13.5,95.3159616,0.693638569,1.099799557,0.967929106,71.70305677,6.963315217,35815.95
104.0,46,401.9,38504,22633,21.5,0.0,34.0,32.6,35.6,2.28,43.1,4.9,13.0,5.8,33.6,14.1,51.8,8.4,65.3,48.7,43.2,35.9,19.1,73.33743572,23.91543229,0.835128126,0.492286053,44.1308605,3.697749196,38888.25
1962.667684,7,453.5494221,50886,2640,10.4,0.0,47.4,45.3,50.1,2.25,69.1,8.7,29.1,6.3,37.7,17.4,62.6,1.9,74.7,48.7,35.1,32.3,12.6,96.89213894,0.987202925,0.548446069,0.146252285,62.43697479,8.951965066,49534.0
296.0,125,536.6,29749,46371,29.1,0.0,39.2,37.4,41.2,2.54,46.8,23.9,43.1,2.7,40.5,8.3,41.9,15.0,47.4,33.5,28.6,47.7,29.0,67.52513103,30.13145459,0.206203282,0.184723774,45.29652352,6.368497812,28429.05
495.0,208,479.9,49234,75550,13.9,688.2859034,44.0,42.8,45.0,2.35,50.1,12.2,39.0,5.5,39.5,13.4,57.6,7.7,71.7,53.0,48.7,36.1,16.7,86.56702696,8.419905176,0.509580909,0.886513179,47.04882425,4.607982234,49534.0
20.0,10,325.4,37294,3307,18.7,0.0,54.1,53.5,55.6,2.65,55.0,48.6,14.2,0.0,28.6,16.0,34.9,12.0,46.3,48.7,21.7,49.0,22.9,98.1227652,0.178784267,0.0,0.41716329,56.37254902,11.23809524,35815.95
950.0,315,550.1,41757,130779,19.3,267.6270655,41.7,40.2,43.1,2.36,47.0,13.8,25.0,6.5,35.5,11.3,53.6,7.8,66.5,48.7,45.0,41.0,22.4,93.04615292,2.517226302,0.677743769,1.522850293,45.57763418,6.073151538,41543.55
81.0,23,373.1,66846,24130,8.4,0.0,40.1,39.8,40.5,2.46,51.2,10.7,30.3,10.3,20.5,34.2,54.5,4.0,77.4,68.1,46.4,19.1,10.1,94.89112937,0.419384902,1.037871728,1.923239854,50.77934471,4.116913206,93564.75
76.0,36,558.3,27777,10711,33.0,0.0,42.0,40.6,42.8,2.59,49.5,23.4,51.5,0.0,33.8,5.3,31.7,17.0,46.5,48.7,32.5,51.5,33.4,98.57233791,0.682004183,0.036373556,0.500136401,48.69879518,3.237555645,28429.05
107.0,48,461.3,31835,19543,26.5,51.1692166,37.6,36.5,38.7,2.76,44.7,21.0,36.5,0.8,36.8,8.6,43.9,13.7,50.5,37.9,33.5,44.7,28.6,62.79081711,35.85845617,0.179754507,0.097581018,45.0853781,6.243007384,28429.05
49.0,24,451.5,39408,5794,15.6,0.0,52.4,52.4,52.5,1.99,58.1,22.2,27.7,1.6,35.8,14.1,50.1,7.0,65.3,48.7,35.2,46.7,21.4,97.12205857,0.440155747,0.067716269,0.338581344,50.13745704,4.091341579,38888.25
265.0,113,490.6,34665,45437,24.7,0.0,39.9,38.0,40.8,2.42,43.4,23.7,32.2,1.9,36.5,8.9,54.5,13.8,48.7,36.1,31.3,44.2,28.9,62.7090301,31.69439256,0.197628458,1.207488164,40.42576242,4.202401372,35815.95
109.0,40,408.2,54771,26986,10.4,0.0,36.2,34.3,38.3,2.42,61.8,17.4,28.1,3.0,32.3,17.5,62.5,2.3,73.4,55.0,40.5,29.1,13.2,90.31879004,1.842234942,0.993139002,1.250900269,58.5480978,9.527108955,58020.05
742.0,291,519.9,51205,111333,13.6,2065.874449,41.6,40.3,43.2,2.48,50.3,14.7,35.4,5.6,37.5,10.9,56.9,9.8,69.5,53.3,48.0,35.8,19.4,94.09570169,2.460494408,0.674193233,1.118325798,49.73780571,4.843425569,52796.0
8072.0,2584,463.9,75459,1644518,17.7,1258.727481,36.6,36.1,37.1,2.09,32.9,10.5,17.9,32.6,12.6,31.6,62.5,7.5,67.3,57.5,49.9,31.8,19.7,56.42651428,15.02110761,11.65334055,12.38129078,26.66790153,3.548717991,93564.75
53.0,19,562.7,29067,6759,27.8,0.0,44.8,44.4,45.0,2.45,51.3,35.6,45.3,5.6,39.1,9.6,44.3,10.2,49.7,34.5,30.0,45.9,26.1,94.84354341,2.967533421,0.264433671,0.0,49.69012031,2.826379542,28429.05
58.0,25,393.3,40454,12243,23.2,0.0,37.3,35.8,38.9,2.71,41.1,5.4,37.1,1.6,44.8,9.7,42.9,4.8,64.4,48.2,45.7,37.7,19.3,69.97489408,26.21999059,0.635493488,1.663266907,49.89059081,3.671437461,41543.55
29.0,9,537.2,43523,7121,12.4,0.0,30.7,29.1,31.3,3.09,46.4,14.7,61.8,5.5,33.3,9.0,66.6,5.6,52.4,43.7,36.6,30.0,21.8,88.97918449,1.25463359,0.969489592,4.348445965,49.51241135,9.422492401,43962.7
413.0,128,471.5,90640,123355,5.4,162.1336792,33.8,33.5,34.0,3.11,60.5,13.4,33.7,9.0,24.6,22.6,69.8,6.0,82.6,48.7,66.6,20.4,11.6,83.78819687,6.52387617,3.216535039,4.275384051,66.72032402,5.284618101,93564.75
51.0,18,462.3,43201,8311,16.6,0.0,42.4,41.6,42.9,2.53,58.2,21.1,27.2,2.5,44.8,10.8,47.8,9.7,59.5,44.5,39.3,42.3,24.7,86.70975323,10.98707403,0.105757932,0.17626322,58.39832034,3.533190578,43962.7
1072.0,424,454.6,49626,203709,13.0,14.72688983,42.2,40.9,43.3,2.6,53.8,17.7,33.4,8.6,28.8,19.3,55.0,7.5,67.6,51.3,42.6,33.7,17.5,86.43149635,9.601734308,0.669840765,0.958379672,53.93501026,5.381477705,49534.0
39.0,17,432.9,51423,6154,9.1,0.0,44.5,42.7,46.5,2.28,61.6,27.1,40.1,6.3,37.6,13.6,66.1,3.3,74.2,54.4,43.9,34.1,14.6,95.5240702,0.402511673,0.257607471,2.656577041,56.51685393,6.165540541,52796.0
298.0,116,413.9,53321,44828,13.7,0.0,50.7,50.0,51.4,2.45,55.5,15.0,35.3,6.3,27.6,14.4,43.0,12.1,66.6,44.3,36.8,43.4,19.2,92.05441508,0.583018741,0.897982889,1.188375366,54.85049834,2.851375221,52796.0
1962.667684,154,453.5494221,42881,42477,16.8,0.0,50.8,50.8,50.8,0.0242,54.4,32.3,41.2,3.3,35.6,9.2,39.7,13.4,53.1,34.6,30.2,48.2,25.0,85.66334311,2.564222874,1.431085044,5.158944282,52.18339358,6.302577113,43962.7
217.0,92,405.0,50774,48901,10.7,163.5958365,38.9,37.8,40.3,2.62,57.4,14.7,44.4,6.2,44.1,9.7,62.6,6.7,77.4,62.1,56.9,28.9,14.0,94.51362423,2.604601871,0.71942446,0.330160801,57.14516912,6.776406036,49534.0
349.0,162,474.0,45411,63603,17.4,157.2252881,41.3,39.1,42.9,2.58,50.1,17.9,37.9,5.2,34.8,13.0,53.2,10.5,64.3,48.7,41.2,34.6,18.8,70.94958707,24.87484455,0.49105577,1.315327955,49.1981483,6.021818182,46611.3
19.0,10,352.0,36929,3860,21.3,0.0,40.9,39.3,43.1,2.55,52.3,23.0,40.0,0.0,37.0,12.1,52.6,7.1,56.0,38.8,29.7,39.3,21.7,86.95995785,7.376185458,0.079030558,4.478398314,49.33890049,4.12371134,35815.95
207.0,79,457.3,43043,37325,16.4,0.0,42.1,40.3,43.6,2.65,51.2,12.9,33.5,2.2,39.4,9.3,53.4,9.0,63.9,48.0,39.2,39.2,20.9,89.37510092,5.592335432,1.014586361,2.196027773,52.90479346,3.572800615,43962.7
61.0,30,382.1,37581,11880,19.1,0.0,41.1,39.9,42.7,2.41,64.2,22.3,38.1,2.8,39.5,12.1,53.2,6.5,63.9,45.3,36.1,40.1,21.8,94.27091895,0.27124774,1.150747986,1.142528358,61.30713713,5.542168675,38888.25
5021.0,1788,500.1,60387,859470,13.0,250.1541648,39.8,38.1,41.1,2.56,44.7,12.6,29.9,13.5,30.2,18.4,59.9,9.5,69.1,56.4,50.8,34.3,20.6,75.01240977,12.84109466,3.895391453,5.554589063,45.04306379,4.240824844,58020.05
242.0,110,501.5,38057,31625,18.5,0.0,46.8,45.9,47.8,2.18,51.0,17.2,32.2,4.1,38.3,13.6,48.3,9.8,51.0,32.9,27.3,52.5,29.4,91.63120127,0.559162499,0.484607499,0.447329999,46.79255959,5.793688177,38888.25
249.0,88,651.3,32749,32477,25.8,0.0,39.5,37.3,41.1,2.44,29.5,14.3,43.7,12.0,34.0,9.2,49.3,13.0,53.1,48.7,32.3,43.3,26.3,18.14898982,77.07250257,1.319926532,1.273231018,27.0092947,4.372408594,28429.05
66.0,29,428.4,43842,10829,11.7,0.0,41.8,38.8,43.8,2.27,59.4,9.3,40.8,0.6,36.4,12.9,65.2,4.1,74.9,55.5,43.7,31.0,12.4,97.17705098,1.425178147,0.392837566,0.036543029,55.04192647,2.843394576,43962.7
1962.667684,7,453.5494221,52300,2512,10.9,0.0,45.7,43.1,48.3,2.21,64.1,6.7,18.7,8.2,33.8,15.9,65.1,1.2,73.4,49.7,31.6,37.6,16.1,97.90596602,0.07902015,0.0,0.1580403,56.66372462,7.382550336,52796.0
116.0,49,445.6,35550,19552,17.7,0.0,42.8,42.8,42.9,2.52,56.0,17.9,39.4,3.0,38.3,7.2,50.2,10.5,57.0,40.1,35.8,40.8,22.7,94.53400891,2.599928348,0.163775014,1.427913404,54.88761108,3.298774741,35815.95
136.0,58,434.1,30056,24184,25.8,0.0,41.7,39.5,43.5,2.48,40.1,14.0,31.4,3.2,32.9,9.0,43.3,13.7,54.2,39.6,34.1,45.1,27.0,35.58765594,58.34701248,0.779711097,1.206500328,40.73517512,5.896994065,28429.05
57.0,19,548.4,53905,7028,10.9,0.0,45.1,43.5,47.4,2.24,62.8,12.1,32.8,4.8,40.1,15.2,63.5,3.7,75.0,53.9,40.0,35.5,15.7,97.76552114,0.551548579,0.33941451,0.282845425,56.17542728,9.293394777,52796.0
105.0,43,420.1,35425,25378,26.9,0.0,27.9,27.8,27.9,2.36,39.1,4.5,12.9,11.1,33.9,15.2,51.8,7.9,73.9,59.6,50.6,27.4,13.2,93.52895149,2.0657277,2.386541471,0.19170579,43.06175402,3.767349636,35815.95
46.0,20,384.8,29818,9656,30.4,3935.376968,39.6,39.1,40.7,2.8,42.0,30.0,35.8,1.5,39.3,5.1,48.3,9.0,52.2,40.4,34.1,39.8,24.8,62.57913008,34.55176639,1.848070247,0.020420666,48.98454077,2.640934485,28429.05
1962.667684,58,453.5494221,52042,20022,12.2,49.94506043,45.4,44.4,47.6,2.26,54.9,19.6,29.7,6.3,38.6,15.1,62.5,3.5,72.5,52.3,42.8,38.8,17.2,97.57739558,0.348894349,0.540540541,0.265356265,50.45861171,7.700101317,52796.0
135.0,67,425.7,36867,20171,20.7,0.0,46.5,45.9,47.4,2.55,50.9,32.4,42.9,2.1,41.3,9.0,42.2,11.7,50.2,33.6,26.4,42.3,21.3,96.29171817,1.241038319,0.049443758,0.232385661,50.79365079,6.885245902,35815.95
77.0,38,417.9,70281,14363,8.2,0.0,45.7,44.2,46.7,2.55,50.7,7.8,41.3,11.5,28.0,18.1,59.0,6.0,75.4,58.9,52.2,25.8,9.9,88.73347787,5.482900902,0.972095951,2.363801664,50.21715527,6.678141136,93564.75
2249.0,860,461.7,49659,491863,14.7,1099.899769,37.7,36.5,38.7,2.58,50.5,15.0,29.9,12.3,26.3,20.7,58.6,7.6,66.7,48.7,48.1,29.3,16.5,76.24483316,18.27973291,2.137067991,1.225934559,50.47870034,5.183355631,49534.0
168.0,78,463.4,35799,27037,20.6,1146.576913,43.0,42.3,44.1,2.44,51.6,23.1,42.5,3.3,47.5,7.8,41.2,10.3,59.6,41.6,39.0,47.6,26.6,97.86584244,0.724877654,0.058873312,0.099348714,50.71046319,3.66910141,35815.95
73.0,31,455.6,33028,11965,27.3,0.0,39.4,39.5,39.3,2.33,44.2,21.4,45.8,0.5,40.4,7.5,45.2,17.7,44.0,30.1,25.2,52.5,32.7,49.88286614,48.05719363,0.056547379,0.807819695,38.22078907,5.621925509,28429.05
72.0,32,502.0,46383,9982,17.7,0.0,45.2,45.1,45.3,2.56,49.5,23.1,38.0,0.3,47.9,6.3,44.8,10.6,57.4,38.9,37.0,46.9,24.3,98.234714,0.473372781,0.0,0.029585799,49.74632166,6.267539757,46611.3
386.0,155,395.8,51827,96463,15.2,0.0,35.4,34.1,36.4,2.95,53.0,18.9,31.9,4.5,24.8,12.1,51.6,13.2,54.5,48.7,35.0,41.4,26.9,69.56439573,2.151248858,14.74482136,6.138776024,53.34461259,6.71564894,52796.0
123.0,48,513.7,46226,24757,16.9,40.39261623,36.7,35.3,37.7,2.91,54.9,10.5,48.3,5.1,44.8,7.7,55.3,6.8,67.3,52.8,50.1,34.5,18.4,94.85610053,0.31617349,0.024321038,2.375354682,56.81681682,7.708225556,46611.3
1962.667684,9,453.5494221,44896,3105,12.7,0.0,46.2,43.8,47.9,2.31,56.3,11.2,44.1,1.8,32.3,15.6,59.5,6.5,70.8,50.2,40.8,33.0,12.6,97.5269499,0.824350032,0.348763475,0.0,49.88764045,7.180385289,43962.7
44.0,17,401.1,62800,7378,9.3,0.0,49.1,48.9,49.2,2.26,63.9,13.1,47.2,3.7,25.6,19.9,57.0,2.9,68.1,50.5,39.9,31.5,13.1,92.38325932,4.185170233,0.807428341,0.309514197,58.75343721,5.182481752,93564.75
1962.667684,12,453.5494221,54536,6396,10.3,0.0,43.7,41.9,45.7,2.29,56.0,16.1,28.6,7.0,30.5,13.5,64.6,2.0,79.1,48.7,49.2,30.4,12.7,96.70548575,0.321789764,0.229849831,0.030646644,51.9092219,7.810107198,52796.0
652.0,325,371.0,57719,149568,10.4,608.4189131,41.7,41.0,42.6,2.55,54.1,12.5,35.6,7.2,36.2,12.2,56.4,8.3,77.0,59.7,55.4,31.1,14.0,94.60833843,2.322582361,0.616873621,0.607567338,54.45138818,6.102216567,58020.05
50.0,21,463.5,42555,7344,14.4,0.0,43.9,42.8,46.8,2.49,60.6,25.6,23.8,8.2,43.5,9.5,54.5,6.6,65.1,48.7,37.0,38.7,19.5,97.92787944,0.605489774,0.24219591,0.08073197,60.39402174,7.260963336,41543.55
78.0,30,480.2,39377,13027,15.8,0.0,37.6,36.6,38.4,2.41,48.8,18.7,47.6,3.1,29.9,13.1,57.6,7.5,59.5,48.7,38.2,35.9,18.5,82.82413741,9.135126919,0.531995744,4.537163703,45.51036071,6.288032454,38888.25
1962.667684,48,453.5494221,41193,37030,13.9,0.0,26.2,25.5,27.0,2.83,59.5,8.0,43.3,4.8,29.8,13.7,48.8,9.2,76.1,60.3,22.9,25.1,12.6,70.09813249,16.59009976,3.177753011,1.356457444,56.04024208,8.981723238,41543.55
192.0,93,579.2,31265,27565,27.5,834.3914384,41.4,40.2,41.8,2.47,53.6,23.0,35.5,7.6,32.2,7.3,41.3,13.9,48.3,48.7,33.3,48.4,32.1,96.34463821,1.433615064,0.55989444,0.0,50.8032491,4.955913652,28429.05
1352.0,435,514.9,45840,286085,20.1,443.9240086,31.5,30.6,32.7,2.4,38.8,5.9,16.7,12.1,21.6,20.4,57.3,9.0,72.7,48.7,52.0,31.3,16.7,75.50680621,11.15097128,5.676723423,1.772190299,38.80436161,4.499226458,46611.3
224.0,89,461.5,42252,47183,19.1,42.38814827,36.6,35.9,37.4,2.72,54.2,17.1,42.3,5.1,41.2,9.5,56.6,7.7,59.9,44.8,38.0,38.8,22.7,83.76027487,7.05432088,0.724133432,4.529639455,54.33287483,4.9190879,41543.55
27.0,11,475.1,36708,5533,25.7,0.0,35.0,35.4,34.0,2.81,37.8,26.6,53.8,0.0,40.1,7.4,49.2,18.2,32.0,25.1,23.8,36.6,25.4,23.24592488,0.301204819,0.460666194,0.212615167,36.37739657,6.744604317,35815.95
2600.0,825,451.0,59286,674471,12.2,173.4692819,33.6,32.2,35.4,2.6,53.8,11.5,29.8,7.8,21.0,21.9,57.3,8.4,72.0,56.2,39.0,29.1,15.6,80.2506473,6.03916803,2.738525611,4.530368353,53.08353072,6.187072813,58020.05
37.0,13,339.0,49709,10370,12.9,0.0,34.5,34.3,34.8,3.02,61.9,10.9,38.0,4.0,32.9,9.7,54.1,5.7,73.3,57.0,54.0,28.4,12.5,98.92803878,0.167785235,0.055928412,0.438105891,67.06315491,7.28003573,49534.0
215.0,80,417.3,85885,65065,4.0,46.10773842,37.5,36.6,38.1,2.57,58.6,11.5,29.7,23.0,14.7,32.8,67.4,5.5,82.8,71.3,63.4,19.9,9.5,86.74607489,1.001663948,6.003393796,2.136773258,57.20113892,5.099793071,93564.75
250.0,101,419.3,53203,45463,14.0,0.0,44.1,42.6,45.2,2.58,55.9,23.2,39.8,3.9,31.9,15.6,52.4,5.1,61.3,44.2,36.5,37.5,19.2,93.19952881,2.34913012,0.310347952,2.374048568,55.08264463,4.124513619,52796.0
70.0,32,500.5,24035,11059,33.7,0.0,40.2,37.5,42.2,2.86,33.2,23.5,43.0,5.0,41.3,8.1,32.1,20.8,41.2,27.8,24.3,54.8,35.0,27.35202492,72.02492212,0.0,0.587449933,34.60837887,4.996127033,28429.05
623.0,227,485.9,71294,106869,8.3,28.0717514,42.6,41.4,43.7,2.52,54.5,14.6,27.0,13.2,34.0,19.7,61.3,9.0,76.9,62.9,58.3,26.3,12.4,89.1518848,4.11560629,2.70829836,2.343647996,54.94516044,4.839230894,93564.75
142.0,60,453.7,38387,24758,19.7,0.0,41.8,41.2,42.5,2.57,51.5,9.1,39.1,6.1,48.4,9.3,48.2,8.0,59.7,45.0,41.3,40.2,23.3,97.41449511,1.099348534,0.236156352,0.052931596,53.55768173,5.300938708,38888.25
1619.0,680,466.0,35468,389617,27.9,523.5911164,35.4,34.7,36.1,2.38,30.0,15.9,26.3,12.6,23.2,20.0,54.5,10.3,53.9,44.2,35.7,37.6,25.8,34.29306308,59.53898996,3.022790374,1.382923942,26.74611467,5.131693567,35815.95
150.0,59,468.2,40198,30908,17.7,0.0,37.0,35.0,39.2,2.87,49.2,14.9,30.8,6.4,34.7,9.5,57.6,6.6,56.6,44.7,38.6,35.1,21.0,79.54582692,15.17514828,0.344070518,3.630763181,50.87269968,5.189340813,38888.25
1528.0,608,491.7,54375,266209,13.1,30.05157602,39.5,38.0,40.9,2.45,50.1,9.9,28.0,10.0,32.3,16.3,58.3,8.9,71.8,57.1,51.8,33.4,18.2,88.27705382,8.081733718,0.840826464,0.393482847,48.76343233,5.196780531,52796.0
142.0,59,405.3,52003,38809,10.9,0.0,31.1,29.7,32.4,0.0322,60.5,59.7,20.2,2.4,33.1,5.9,59.1,5.5,43.1,33.1,28.6,23.8,13.4,97.85474215,0.049889717,0.257325911,0.081399013,67.85561908,9.866568735,52796.0
161.0,68,405.2,37468,29126,20.8,0.0,43.2,41.7,45.1,2.35,52.2,24.3,35.7,7.6,46.3,10.6,48.7,6.7,59.6,43.1,40.5,43.3,23.4,96.90447812,1.924059254,0.17708156,0.08854078,51.97613076,4.231027535,38888.25
41.0,18,398.1,35274,7515,23.8,0.0,40.5,37.6,42.1,2.4,52.4,34.4,38.2,5.1,35.8,11.9,51.0,7.1,53.7,38.5,33.1,43.0,24.1,74.32274789,7.958522359,0.23331173,7.854828257,48.47890088,6.093432634,35815.95
32.0,14,434.9,52548,5657,12.0,0.0,39.0,38.4,39.7,2.42,63.9,10.3,28.0,5.4,31.3,13.4,62.2,3.9,61.0,46.3,41.0,27.3,13.0,87.96724813,2.278390886,0.462798149,6.603773585,57.8281727,7.705934455,52796.0
4355.0,1607,524.9,62937,588721,11.9,62.84810632,42.8,40.4,45.1,2.59,53.6,13.0,29.3,12.4,36.1,18.0,53.6,8.8,70.9,51.5,46.3,38.5,19.0,91.84420259,3.09760905,1.872996829,1.492844288,53.40548509,6.13243835,93564.75
148.0,74,433.7,34882,26066,23.5,0.0,42.6,41.1,44.1,2.61,53.0,12.0,45.7,4.5,44.2,7.8,42.7,14.9,54.0,48.7,33.3,45.8,27.4,91.72508907,6.221507106,0.038309773,0.356280887,51.1041329,3.799063738,35815.95
61.0,28,515.3,30682,7399,28.1,0.0,45.2,43.7,46.9,2.27,42.7,26.4,37.1,2.1,41.2,7.7,44.9,12.8,42.4,26.7,22.4,56.0,33.5,55.91857902,40.68455854,0.5445352,1.166861144,37.93103448,9.781931464,28429.05
182.0,99,321.4,52411,43441,11.2,0.0,44.1,43.6,44.7,2.39,57.4,14.9,43.7,6.1,39.0,13.3,60.1,6.8,69.5,53.6,47.9,36.1,18.8,96.29119618,0.387863766,0.541632241,0.743596805,54.76825609,5.534351145,52796.0
157.0,45,465.6,80631,35965,7.9,0.0,39.7,38.5,40.6,2.88,61.2,12.0,27.0,6.9,21.3,22.2,61.5,5.0,80.6,67.6,59.0,20.4,8.7,88.93604651,5.898255814,3.927325581,0.151162791,67.14646465,3.593692703,93564.75
135.0,60,487.9,40550,26720,21.7,2844.311377,34.7,33.1,35.5,2.5,44.7,8.7,23.3,5.0,30.1,13.2,52.7,11.3,60.9,43.7,37.0,33.9,17.6,47.53378129,45.70626892,1.063279923,4.862290482,46.71562217,2.874946891,41543.55
27.0,10,370.5,53721,4125,9.7,0.0,48.5,47.1,50.6,2.2,64.6,24.3,23.2,10.1,31.7,17.3,61.8,1.9,82.0,48.7,42.9,31.4,9.9,98.51689764,0.121565767,0.0,0.14587892,58.26086957,4.692082111,52796.0
206.0,77,532.5,37952,32526,22.0,0.0,40.5,40.0,41.1,2.51,50.9,16.1,39.5,4.2,38.1,7.8,48.6,11.1,58.6,48.7,35.9,45.3,25.6,94.52367722,2.488115083,0.080261777,0.904488486,49.14308489,6.638495093,38888.25
95.0,41,420.3,41079,19970,23.4,0.0,39.2,36.5,44.5,2.26,42.7,34.5,41.1,1.7,39.0,7.2,29.7,4.2,56.4,48.7,31.5,39.8,21.0,72.45970568,15.36690359,0.385423966,7.928721594,53.54345054,5.620219488,41543.55
684.0,334,419.4,41504,107685,19.9,9.286344431,46.9,45.8,48.1,2.41,52.2,20.6,32.9,2.9,32.1,10.1,44.5,12.2,56.8,37.4,32.6,49.1,26.6,92.82142657,0.317181932,0.820941471,0.695934474,50.07762912,5.54304604,41543.55
55.0,27,341.6,29415,10953,23.9,0.0,45.8,45.6,46.0,2.48,53.9,14.8,45.7,1.3,39.6,6.7,46.2,7.1,48.8,34.6,27.5,47.7,26.7,95.36387649,0.236815739,0.109299572,0.537389562,50.79001603,10.04694836,28429.05
497.0,202,530.4,32683,83848,30.1,0.0,36.6,35.2,37.8,2.68,43.1,26.8,50.8,2.4,44.5,9.0,49.2,6.1,56.3,45.3,41.4,37.8,24.7,56.36324495,40.86924282,0.392283497,0.480786481,42.65554216,6.971510409,28429.05
108.0,32,558.5,37311,15485,27.6,64.57862448,43.3,43.1,43.5,2.81,49.1,32.0,30.9,2.3,34.2,10.4,41.6,11.2,42.0,30.1,24.8,52.1,36.8,89.53510377,1.26789882,0.025231817,2.889043083,50.52141527,2.98792117,35815.95
1962.667684,347,453.5494221,84113,251597,6.0,584.2676979,38.9,37.8,40.0,2.67,57.2,13.6,28.9,13.2,22.0,27.3,54.5,4.8,85.7,72.3,65.1,21.2,9.0,87.00855394,3.840758909,5.16925447,0.758097864,59.14859455,5.104712042,93564.75
1962.667684,224,453.5494221,69430,151436,9.8,151.8793418,36.7,35.8,37.7,2.52,55.2,14.0,27.3,16.6,20.9,23.8,69.3,4.1,80.4,48.7,60.9,26.4,12.5,85.5885596,5.106362952,5.864081325,0.79671364,53.62614208,5.82767149,93564.75
210.0,84,481.6,42279,32384,17.5,0.0,43.8,42.0,45.1,2.41,47.9,21.2,29.0,6.5,38.3,12.1,58.2,10.4,61.7,44.7,39.9,45.6,27.0,66.86543309,28.02606504,1.008176062,1.914919776,44.47794949,5.456570156,41543.55
28.0,13,406.8,54057,3828,9.0,522.4660397,50.8,50.0,51.3,2.17,66.0,10.1,20.2,29.8,27.6,13.9,61.3,0.8,86.6,48.7,42.3,29.8,8.1,96.19537275,0.077120823,0.334190231,0.0,60.08018328,7.1197411,52796.0
142.0,60,431.6,41419,27254,22.4,0.0,38.8,37.2,44.5,2.55,40.8,21.9,40.3,2.9,29.1,9.4,38.3,11.5,50.4,35.0,30.8,51.9,31.8,76.464661,2.886137901,2.159205412,4.167266446,42.03821656,9.278553175,41543.55
136.0,56,435.3,64258,26235,7.9,0.0,41.6,40.3,42.9,2.5,58.6,24.4,33.1,6.5,28.4,19.0,57.4,5.2,80.0,62.6,55.3,26.3,10.6,80.39517183,14.40762666,0.7188437,1.749058199,60.1961379,5.34985643,93564.75
59.0,30,404.3,33975,8251,20.5,0.0,51.3,50.8,51.9,2.27,55.7,37.1,27.9,2.6,40.6,6.7,39.7,13.2,57.4,48.7,26.0,49.7,20.6,96.684036,0.438180957,0.0828991,0.272382757,51.92620727,5.041436464,28429.05
187.0,76,505.7,54353,29494,12.6,0.0,39.7,37.0,41.9,2.17,46.5,16.7,27.9,6.8,33.3,12.3,43.7,7.8,73.0,51.8,45.8,39.7,17.8,79.20616905,11.76058219,0.881292562,1.745893978,50.54616749,7.205728778,52796.0
344.0,132,467.4,53945,51130,13.6,0.0,46.5,45.4,47.4,2.49,61.4,13.8,54.3,5.6,34.2,15.7,48.1,8.9,65.1,46.0,39.9,40.7,21.4,95.71363157,1.262219037,0.774453005,0.6331004,61.11249938,4.243210863,52796.0
110.0,62,438.5,28171,19513,35.3,0.0,37.8,35.1,39.6,2.48,35.7,27.8,23.4,6.6,31.7,7.2,45.0,18.1,39.3,27.3,22.2,53.1,36.0,36.74169977,61.5222402,0.117698985,0.068657741,32.75968039,6.831119545,28429.05
82.0,39,390.1,38731,17032,22.8,0.0,42.2,40.9,44.7,0.0268,43.5,14.4,47.9,5.0,43.5,7.6,45.6,11.2,59.7,47.1,40.9,35.9,20.2,61.54792594,34.46801031,0.521443637,1.48230607,50.72282706,3.636938646,38888.25
71.0,27,483.2,43178,8979,14.3,0.0,47.0,45.2,49.8,2.19,55.3,17.7,33.7,1.9,43.3,10.1,56.0,5.5,70.3,48.7,38.1,41.7,19.3,97.11707746,0.539172535,0.121038732,0.066021127,49.44348256,4.371921182,43962.7
185.0,70,356.3,26699,63795,35.4,0.0,29.1,27.6,30.8,3.84,47.3,24.0,32.5,3.9,22.2,6.6,47.6,13.8,23.4,48.7,17.2,42.2,31.2,94.92561614,0.057463925,0.146852254,4.186885455,54.15298854,5.949245101,28429.05
144.0,58,423.9,45464,20366,14.7,0.0,50.9,48.9,53.4,2.3,56.1,15.0,30.2,9.2,27.2,18.6,48.0,8.8,68.0,45.1,35.6,41.3,17.1,91.42519801,5.086830324,0.122989128,1.972745609,53.52258361,4.746227709,46611.3
1962.667684,727,453.5494221,52862,446903,15.4,170.0592746,37.6,36.8,38.4,2.58,47.0,15.9,28.7,7.8,24.0,18.2,59.6,9.1,65.4,48.7,45.7,28.1,15.6,80.45763518,2.406331677,5.309883017,5.805723428,45.20183955,5.642578635,52796.0
408.0,168,438.3,50571,87074,14.3,689.0690677,39.8,39.1,41.0,2.62,55.6,18.7,42.1,4.6,35.5,9.9,54.2,8.4,69.7,48.7,49.1,32.1,16.9,87.39401845,9.473120283,0.837370726,0.915401099,57.3063573,4.899005125,49534.0
316.0,141,420.9,50243,63642,11.9,0.0,40.9,38.3,43.3,2.45,53.8,17.2,37.1,9.3,36.6,15.3,64.9,5.5,71.9,55.5,49.1,34.4,17.2,95.251778,0.53498857,0.671513843,0.612776226,52.09427184,4.992503748,49534.0
26.0,11,372.9,41248,5557,18.3,2159.438546,37.8,35.8,44.0,2.24,41.0,19.5,47.4,1.6,42.2,11.6,32.8,6.3,64.2,48.4,39.7,43.4,25.9,84.51989777,11.15370573,0.091274188,0.912741877,51.28205128,5.208333333,41543.55
345.0,177,420.9,39078,68066,20.0,0.0,40.4,39.4,42.1,2.59,51.3,20.3,35.3,3.3,37.2,9.7,51.7,8.4,59.8,48.7,43.4,35.8,20.5,92.37607088,4.583729955,0.376363769,0.609211393,51.45011601,6.366601435,38888.25
45.0,23,323.8,35069,11388,26.0,0.0,37.3,35.3,39.1,2.8,43.1,28.5,39.4,0.0,33.3,5.7,54.5,10.9,43.6,48.7,25.9,39.8,22.1,85.71305174,0.85514382,0.371426103,12.27433705,45.51689103,7.84067086,35815.95
110.0,44,510.2,39089,19365,21.8,0.0,38.8,38.0,39.6,2.51,49.9,15.9,48.5,2.6,44.8,8.1,50.7,9.2,65.5,51.6,46.4,37.3,20.9,88.51752295,8.779226049,0.852056601,1.014353096,49.87153482,7.024889509,38888.25
201.0,87,441.3,35180,37388,21.8,80.23964909,39.9,37.4,42.2,2.49,50.8,19.2,34.1,4.1,36.3,10.3,50.4,9.0,53.7,40.9,36.0,41.3,24.1,84.57622123,11.47136847,0.270639621,1.248693695,48.53437795,4.523580366,35815.95
60.0,25,461.2,42745,8543,14.9,0.0,47.6,45.9,49.0,2.24,61.4,14.8,32.1,6.2,37.2,13.3,63.2,3.3,70.1,50.0,35.9,36.2,15.8,87.52921926,0.070126227,0.502571295,0.607760636,54.79009688,6.866666667,43962.7
822.0,281,493.1,82048,143673,6.2,132.2447502,43.4,42.5,44.2,2.67,55.9,12.2,28.0,13.0,31.0,23.2,64.0,8.2,80.9,68.4,63.4,22.2,9.8,93.33721647,2.111971493,1.848831632,1.045706846,59.78569177,4.625184917,93564.75
46.0,27,379.5,44947,7263,11.5,0.0,45.5,45.0,46.4,2.18,58.4,16.2,24.6,7.0,42.6,10.0,62.0,4.0,73.2,53.0,40.3,37.8,16.2,97.1747612,0.013453518,0.242163326,0.053814072,51.29502828,5.139186296,43962.7
83.0,34,374.9,35491,17142,23.7,0.0,39.8,39.6,39.9,2.86,42.0,32.7,32.1,1.0,37.7,8.8,42.8,7.2,55.5,39.3,34.9,38.9,19.5,70.60884549,24.7731189,0.241240666,2.349224584,45.84717608,3.950011158,35815.95
55.0,25,344.1,34206,18793,26.0,0.0,31.5,30.2,35.1,3.14,41.1,35.3,38.5,0.9,33.8,7.0,46.4,5.2,47.2,28.9,23.7,38.3,24.9,73.27168648,4.183179216,0.445838838,21.2681638,51.79390905,8.13579163,28429.05
139.0,60,513.2,34295,21415,24.4,46.69624095,41.9,41.4,42.8,2.69,50.6,16.9,50.7,5.2,43.4,5.7,42.2,10.1,51.7,34.3,31.7,52.6,31.6,98.32560297,0.477736549,0.269016698,0.0,52.9271954,2.635983264,35815.95
4568.0,1645,440.7,47069,1288126,18.2,271.7125499,34.4,33.4,35.3,2.75,42.8,11.9,25.1,10.6,26.1,20.8,61.6,9.1,60.3,51.6,44.5,26.9,17.6,64.47102167,20.80926643,5.192105377,6.222178466,43.90160228,4.907650931,46611.3
2647.0,962,463.4,66949,502146,11.3,213.0854373,40.8,39.2,42.6,2.59,47.2,13.2,28.0,6.4,19.9,21.4,59.5,8.1,69.2,48.7,45.1,32.1,16.7,77.25732107,1.561572116,3.890498063,10.93019686,46.97095568,5.065070552,93564.75
60.0,24,465.5,49837,9410,12.1,0.0,42.2,41.7,42.5,2.39,56.9,20.9,26.2,3.5,44.0,7.9,63.5,3.4,74.4,54.3,44.0,36.1,15.2,98.25152728,0.326522014,0.221192332,0.105329682,53.52986811,6.748466258,49534.0
168.0,93,424.9,31486,30895,29.8,0.0,39.8,37.4,41.7,2.44,47.4,28.4,38.8,3.6,38.6,6.9,47.8,8.1,49.3,35.6,31.0,46.8,28.1,85.71383309,9.7617388,0.41505608,1.872504911,43.16723441,6.176009129,28429.05
346.0,141,446.7,37367,68215,24.4,0.0,36.6,35.6,37.9,2.71,48.0,18.3,30.2,5.2,28.2,10.4,50.2,7.4,52.2,39.6,35.5,43.6,27.6,69.06379987,28.86958814,0.555099889,0.443786982,48.71544318,8.134642356,35815.95
1080.0,398,477.4,56718,180143,13.7,22.20458192,43.1,42.1,44.3,2.44,46.9,10.6,30.1,10.5,30.2,16.5,56.4,9.3,70.0,48.7,48.5,34.7,17.8,86.63872035,5.863761721,1.879757308,1.701047987,46.72683306,4.324719649,58020.05
1459.0,520,443.7,61775,281401,14.5,156.3604962,39.3,37.1,41.5,2.51,48.2,6.3,20.1,7.2,19.7,20.8,54.0,6.6,71.9,55.9,45.6,30.3,13.9,85.00670845,2.054846537,3.662342641,5.069127757,50.36688036,4.076692166,93564.75
37.0,16,534.8,40701,4874,17.0,0.0,42.3,41.5,43.1,2.39,58.4,15.0,36.5,1.9,38.2,7.9,52.4,6.8,55.9,41.8,35.1,43.2,26.7,96.56902087,1.565008026,0.080256822,0.060192616,54.58960661,5.540166205,41543.55
186.0,93,406.2,37122,25345,19.0,0.0,624.0,51.6,52.5,2.2,52.2,25.2,32.4,2.2,40.0,10.0,40.4,12.1,61.4,34.2,29.4,53.2,23.4,96.14582103,0.625959608,0.51966458,0.141726704,48.10896588,4.012841091,35815.95
654.0,267,475.9,41123,115620,20.5,51.89413596,39.1,37.5,40.6,2.52,48.2,13.9,28.3,4.8,31.8,10.7,50.8,12.3,65.0,46.0,39.3,39.7,20.2,75.11058912,20.48470612,0.857280022,0.996159386,47.1918324,4.524919585,41543.55
554.0,168,455.4,79069,110714,6.9,72.25825099,43.3,42.0,44.2,2.8,60.0,19.9,26.9,13.0,21.5,28.8,57.8,7.6,80.4,64.8,54.9,24.0,9.9,70.97786572,20.82923013,4.009019373,1.227739174,65.2835085,3.49249879,93564.75
52.0,24,316.6,51481,12229,15.5,0.0,42.0,39.9,45.1,2.78,50.6,27.6,43.0,1.8,36.0,9.9,42.8,4.3,61.7,48.7,43.6,31.3,14.7,88.44436958,3.335298577,1.221258317,4.31230523,53.79832387,10.60674157,52796.0
25.0,8,376.2,57644,10564,11.6,0.0,35.2,35.2,35.3,2.85,52.9,23.6,47.1,10.4,20.1,30.3,70.0,8.5,67.5,57.4,40.7,19.7,12.7,92.34807973,0.233349538,0.145843461,5.269810404,54.25797503,7.958199357,58020.05
250.0,102,430.4,46931,51211,16.8,0.0,38.8,37.6,39.7,2.62,51.0,19.9,29.3,8.2,29.5,15.2,52.1,7.1,68.1,46.2,33.4,36.3,18.0,76.77658989,17.35123025,1.232214449,0.782171213,49.88517745,4.884815874,46611.3
76.0,27,398.5,35049,13170,25.0,0.0,44.9,43.8,47.1,2.37,48.3,17.4,43.1,2.8,36.8,7.4,40.4,13.6,56.0,39.9,34.3,44.8,24.2,55.89399029,43.30720418,0.0,0.014930944,45.20179372,4.317548747,35815.95
100.0,52,416.8,31386,22004,27.2,0.0,37.0,36.4,38.2,2.78,52.7,24.4,47.6,2.8,42.6,10.0,49.2,7.9,38.6,29.4,26.6,41.9,29.4,44.2885411,0.296815974,0.589134736,0.98938658,51.95783133,5.336200156,28429.05
168.0,75,516.9,45615,45408,17.9,0.0,33.0,32.7,33.3,2.92,43.0,18.6,33.7,7.1,40.9,9.9,54.5,12.2,61.6,48.7,43.3,32.6,20.0,72.21288908,21.55256895,2.267954641,1.094311447,44.73014782,5.677721702,46611.3
104.0,41,431.3,54063,23137,14.6,0.0,39.4,39.3,39.5,2.66,52.2,15.7,39.9,12.3,25.6,21.0,63.7,5.1,63.2,49.4,36.9,33.2,18.8,87.8192448,0.545078905,1.758319047,6.387093938,51.39821712,3.453598302,52796.0
94.0,40,383.0,42286,20053,20.6,0.0,41.2,38.5,43.6,2.78,47.5,25.3,39.4,4.4,39.2,8.8,50.6,9.0,54.7,39.5,33.6,38.6,22.1,62.335,26.23,0.0,10.11,49.82292109,3.467781604,41543.55
182.0,78,475.8,41121,29237,16.7,0.0,42.6,41.2,44.1,2.62,54.5,13.7,41.2,9.2,41.1,11.7,46.8,6.8,66.9,48.8,45.6,40.6,21.3,97.40224228,0.66311184,0.201668034,0.061525841,55.45062062,4.735242361,41543.55
216.0,109,445.1,38500,31081,21.1,289.5659728,47.2,45.2,49.3,2.41,44.4,18.7,42.3,3.4,32.5,9.8,47.6,6.9,61.7,42.9,34.8,41.1,20.2,60.57360165,35.09111076,0.440500713,1.673268896,43.75901298,4.664723032,38888.25
2768.0,914,531.8,80479,450226,7.2,446.4424533,41.0,39.2,42.6,2.66,50.8,11.3,34.5,13.0,29.5,23.3,61.0,8.5,81.4,65.2,58.6,25.7,10.6,72.79982954,16.12030469,4.655137208,2.602118272,53.74561974,4.910516481,93564.75
124.0,61,372.1,33698,22785,25.9,0.0,44.5,43.2,47.1,2.45,43.9,27.1,38.1,3.5,37.3,10.9,40.5,6.4,53.6,38.6,34.3,42.6,24.9,67.36241231,25.55666914,0.148154604,4.823739597,46.04772558,3.995098039,28429.05
31.0,11,439.8,48368,4445,14.9,0.0,56.4,58.5,55.0,2.15,64.8,36.8,21.3,0.0,18.7,21.9,38.2,14.0,51.9,24.4,19.3,52.0,24.2,93.98094353,3.137346038,0.0,0.162677202,58.16633267,5.851979346,49534.0
316.0,124,422.8,47419,56264,16.3,0.0,45.0,44.7,45.2,2.36,58.4,9.5,36.4,4.0,32.0,13.1,54.0,6.2,67.4,50.2,40.1,35.0,17.2,89.09704342,8.450679215,0.266358874,0.878984285,57.66095994,5.965766068,46611.3
34.0,15,459.8,36891,5526,21.9,0.0,43.0,39.0,48.3,2.44,39.8,31.7,41.0,0.0,35.2,8.4,49.2,12.7,57.4,43.9,27.4,37.5,20.2,63.41120675,35.25382048,0.386439487,0.491832074,44.7804878,7.282913165,35815.95
1962.667684,27,453.5494221,67423,17019,10.7,0.0,35.3,34.9,35.4,2.74,51.6,31.9,40.2,4.7,37.4,8.8,64.5,7.8,69.4,59.2,53.9,20.6,11.6,87.06275268,0.451163063,0.31640007,4.371008379,51.35794438,5.517423442,93564.75
169.0,54,469.0,42126,28319,16.9,0.0,43.9,42.9,46.1,2.42,62.7,10.2,33.7,5.1,31.2,12.6,48.9,6.8,63.2,48.7,37.7,36.7,17.9,94.2859199,2.727501709,0.302256126,1.644417257,60.60445387,3.822835972,41543.55
256.0,100,454.1,45193,41859,16.2,501.6842256,47.2,46.6,47.6,2.36,57.8,23.8,49.9,3.5,31.4,14.5,48.9,6.2,62.9,45.4,35.4,36.7,17.8,95.51697268,0.175327522,0.487020893,0.435883699,54.02780201,6.717676047,43962.7
161.0,66,422.1,45743,23154,13.0,0.0,49.5,48.6,50.2,2.38,60.1,25.4,27.6,5.7,33.7,15.8,49.3,9.7,64.6,41.6,35.4,45.7,21.8,96.07598745,0.322344952,0.275067692,0.709158895,58.22066261,3.888098625,46611.3
4427.0,1457,461.9,80037,933736,7.9,214.1933052,38.8,37.4,40.2,2.72,55.6,10.1,26.3,18.0,19.0,28.3,65.1,7.0,79.0,67.4,59.8,22.8,11.7,79.4271785,4.707376947,10.82961097,2.385502337,57.95795707,4.783276672,93564.75
51.0,24,355.4,39615,13522,23.6,0.0,36.9,36.3,39.6,2.59,43.8,20.9,39.9,1.8,36.7,5.6,34.3,12.6,54.9,42.3,36.4,39.2,23.3,72.04331517,25.81215939,0.0,0.375115012,52.53588517,6.247604446,38888.25
47.0,23,331.1,50709,20051,14.0,0.0,28.9,28.6,29.4,3.35,60.6,21.2,57.6,2.9,27.9,8.5,60.9,4.0,45.4,38.5,33.6,26.1,18.6,91.430535,1.844998943,0.502220343,4.329668006,64.82635797,6.114037096,49534.0
212.0,86,445.9,37008,45459,29.5,0.0,34.1,34.6,33.6,2.62,34.6,9.1,22.7,6.0,39.0,9.2,43.4,8.4,65.6,52.7,47.9,32.5,18.4,54.58674528,41.48487826,1.528551152,1.05251665,36.44386031,3.145390664,35815.95
18.0,9,303.0,36684,4201,19.4,0.0,40.3,38.2,45.2,2.39,44.5,15.4,23.7,12.0,35.3,11.0,46.5,2.1,48.2,34.2,28.7,44.4,28.1,79.09656603,2.834754552,0.207421065,14.01244526,47.01731879,3.536585366,35815.95
356.0,123,482.4,52485,63531,10.7,487.9507642,40.6,39.1,42.0,2.44,55.6,14.2,36.1,7.0,38.5,13.5,61.8,5.1,73.4,56.9,50.8,33.9,15.7,95.12569413,1.358983689,1.202360423,0.229397712,55.24062236,5.497771174,52796.0
67.0,50,259.6,35651,19324,26.7,0.0,42.1,40.0,45.1,2.6,48.4,28.0,34.5,4.5,36.9,7.3,38.1,15.4,47.8,33.9,25.4,45.0,26.2,89.05016552,6.987522282,0.371785078,0.621339445,53.30990041,5.39241858,35815.95
157.0,58,596.9,44843,21491,14.6,0.0,38.5,37.4,40.6,2.32,47.9,19.4,49.6,7.7,38.5,11.7,57.9,4.9,61.7,46.0,40.9,37.0,20.1,81.1536643,12.74231678,0.964539007,2.245862884,40.80389769,7.446377985,43962.7
20.0,7,307.1,57242,4691,9.6,0.0,52.9,51.2,53.5,2.31,61.0,17.3,37.6,2.4,19.4,30.8,56.4,6.7,69.8,49.8,31.7,35.0,13.9,97.72925764,0.0,0.829694323,0.0,56.86868687,2.292993631,58020.05
14.0,6,445.3,55319,1973,9.1,0.0,46.7,45.6,48.8,2.46,64.9,10.9,55.5,8.0,34.8,14.5,68.5,5.1,78.6,55.5,44.6,27.9,10.7,97.01417004,0.0,0.0,1.062753036,64.63878327,1.38121547,58020.05
190.0,85,472.0,38916,31183,21.6,0.0,41.5,39.5,43.1,2.6,55.2,20.0,42.2,3.4,42.1,5.0,45.3,10.3,60.5,45.9,42.4,40.3,22.9,92.5899901,5.266856176,0.226771855,0.089431154,56.41736719,5.430404297,38888.25
512.0,193,466.8,52903,102659,15.4,301.9706017,38.2,36.9,39.4,2.78,51.9,12.1,33.6,5.5,29.8,14.9,55.0,9.7,67.7,52.8,46.1,34.6,18.9,88.02697811,1.236167288,1.277702509,4.509538267,54.91358025,4.397120317,52796.0
37.0,18,328.3,36856,10980,25.0,0.0,34.6,35.1,34.4,2.96,36.6,25.5,40.9,0.0,29.8,7.2,54.5,10.3,38.9,33.5,31.0,40.3,30.4,95.31922861,0.458715596,0.215315484,3.819509455,37.16367713,2.542372881,35815.95
58.0,29,444.0,44282,8094,14.4,0.0,47.0,46.1,48.1,2.14,59.7,11.2,38.5,5.7,39.7,15.1,60.1,3.4,69.5,50.6,42.5,40.1,19.4,93.29350079,0.036580905,0.256066333,0.121936349,51.82132412,6.961613533,43962.7
116.0,40,498.1,45049,25876,14.4,0.0,30.8,29.9,31.5,2.6,59.8,10.5,44.9,1.4,27.9,11.2,54.5,8.4,68.7,44.9,22.1,33.2,15.2,84.85195798,2.418338109,3.163323782,4.909264565,58.5998978,8.913784705,43962.7
1962.667684,18,453.5494221,43264,5598,10.8,0.0,46.3,44.1,48.4,2.27,62.5,14.8,19.9,20.4,38.0,13.2,64.5,3.1,74.4,48.7,44.7,33.9,13.7,97.22124516,0.756243405,0.175870559,0.281392895,57.33005733,5.961538462,43962.7
74.0,33,448.2,46289,12847,13.2,0.0,39.2,37.1,41.2,2.51,51.1,16.0,45.2,6.4,46.5,9.8,59.5,8.5,69.9,54.5,48.7,34.1,18.8,89.45224083,3.500829938,0.24898144,4.496755696,49.13461538,4.770134808,46611.3
1962.667684,85,453.5494221,45180,35788,15.0,1900.078239,38.2,36.5,40.0,2.48,51.9,12.8,32.3,8.9,30.5,12.7,55.4,7.0,69.0,52.3,46.2,34.4,17.4,87.71861748,3.168047895,1.610355054,1.89306799,50.73056692,7.404550713,43962.7
98.0,33,510.8,54683,14270,10.2,0.0,42.6,42.1,43.3,2.46,54.6,18.5,24.5,7.3,35.0,13.8,61.5,5.5,72.7,48.7,46.2,33.0,18.1,97.12941827,0.740125891,0.366604413,0.574116345,55.04587156,6.077529566,58020.05
1190.0,389,480.9,73413,183603,7.7,92.59107967,46.0,44.8,47.1,2.46,53.8,11.7,33.4,13.7,29.3,19.5,63.8,7.1,75.8,48.7,54.2,30.7,15.5,93.51382686,1.517412401,1.808871522,1.281776022,53.68635766,3.812301967,93564.75
137.0,59,431.1,32508,25759,25.0,3493.924454,39.7,38.1,41.9,2.55,39.3,20.6,46.1,3.3,41.6,6.6,46.4,17.6,53.2,39.4,35.8,41.5,25.5,48.12703271,48.81193801,1.170843696,0.577769275,40.6686994,9.115971329,28429.05
1882.0,700,490.7,45944,369019,19.7,341.4458334,37.7,36.2,39.2,2.46,46.6,16.7,32.4,11.9,25.6,20.9,57.1,9.5,65.3,52.7,45.3,31.6,18.5,67.04028931,25.98760244,2.056767786,2.918293317,44.9000398,4.481749235,46611.3
165.0,60,541.3,40235,23058,20.4,1778.124729,42.5,41.5,43.9,2.6,51.1,23.8,39.6,1.5,44.7,8.7,47.8,10.3,59.7,40.9,37.0,43.7,22.4,96.5739864,0.791942842,0.279762417,0.16785745,51.59301131,4.211869815,38888.25
137.0,66,470.1,35884,22129,18.9,0.0,42.2,41.3,43.3,2.45,61.3,14.3,44.7,3.8,43.7,8.2,47.8,7.7,59.9,48.7,36.8,41.7,24.1,97.67873303,0.809954751,0.339366516,0.0,59.12515462,3.83125269,35815.95
453.0,196,481.1,37915,72743,18.9,82.48216323,42.7,40.4,44.2,2.47,54.4,17.2,35.8,5.4,31.1,10.0,51.2,6.9,58.0,48.7,34.1,39.8,21.5,92.32198989,3.703703704,0.612272789,1.003143365,52.0415485,4.712239256,38888.25
177.0,72,396.1,52224,44497,13.9,0.0,34.1,33.4,35.0,2.48,47.6,4.5,25.4,5.5,34.6,16.2,62.0,6.1,72.4,57.5,50.2,32.3,16.8,94.42242804,0.597839625,2.096967776,0.23551258,51.38981814,5.116736739,52796.0
19.0,8,481.5,50038,2704,11.1,0.0,48.4,49.6,46.4,2.25,65.9,10.8,25.0,6.8,37.1,12.2,57.4,1.1,81.2,56.0,35.7,34.7,9.9,96.03204884,0.724914155,0.0,0.0,62.51145738,15.15711645,49534.0
100.0,47,424.2,29036,11282,23.8,0.0,55.6,54.7,56.5,2.25,47.9,17.1,51.8,3.3,33.7,12.3,39.8,6.8,50.8,48.7,22.5,57.6,27.8,91.39044339,0.4563065,0.241067585,3.409384417,44.70658208,8.198614319,28429.05
494.0,189,455.9,45706,75522,13.5,39.72352427,45.3,43.6,47.1,2.42,54.0,13.0,44.3,8.4,49.3,9.9,51.6,6.9,72.3,52.7,47.1,37.2,16.4,95.67589438,2.640406176,0.304110054,0.41113591,56.74735811,5.627676205,46611.3
18.0,8,275.7,64182,6193,10.5,1291.781043,39.3,38.4,40.2,2.61,55.2,8.0,52.8,8.7,34.3,16.0,46.0,2.1,72.1,48.7,43.2,28.3,11.6,83.6628002,8.429995099,0.130697598,4.590753145,68.73940079,10.43307087,93564.75
21.0,11,303.0,41589,5724,18.3,0.0,37.4,36.6,38.7,2.62,54.7,14.5,43.4,3.9,31.9,12.5,54.7,10.9,49.6,38.0,32.0,39.1,24.4,84.94101319,1.231783484,0.208188758,8.917418459,50.63985375,3.301127214,41543.55
263.0,118,491.8,33333,39752,22.7,0.0,43.0,41.7,44.5,2.48,51.4,13.6,50.9,2.1,41.8,6.7,42.1,9.9,54.8,40.2,35.9,45.4,26.7,97.89426523,0.510254879,0.283751493,0.057248108,50.91591122,4.345366074,28429.05
769.0,335,413.7,35787,99491,19.5,0.0,52.1,50.2,54.0,2.39,54.0,33.0,34.0,1.4,36.3,10.7,37.6,13.3,53.2,27.8,21.6,54.6,25.3,83.03941909,9.559840534,1.504149378,3.765966968,51.71176077,5.119076848,35815.95
123.0,48,399.8,44129,26514,17.5,0.0,42.1,40.7,43.9,2.6,45.6,26.8,36.2,6.8,36.3,11.4,45.9,8.9,65.0,48.7,45.6,34.9,19.2,59.0455679,36.63190509,0.343837376,2.063024258,48.85664028,3.616566206,43962.7
40.0,19,370.0,40667,9055,18.8,220.8724462,33.7,33.1,34.6,2.22,48.7,5.3,13.7,6.9,29.1,19.5,59.8,2.6,71.5,48.7,37.4,26.7,10.8,89.30604203,0.525394046,1.762259194,0.645796848,50.26308502,7.437661221,41543.55
73.0,32,456.2,49513,10021,10.8,0.0,46.1,44.8,48.1,2.25,59.3,16.2,27.3,11.0,39.3,14.9,63.3,4.0,77.6,57.4,44.8,33.3,13.3,97.9011979,0.702900703,0.0,0.316800317,54.53926464,8.116710875,49534.0
92.0,42,408.2,36377,10349,17.5,0.0,56.6,56.5,56.7,2.08,60.5,20.6,38.1,4.7,39.9,9.0,35.3,12.2,66.6,48.7,26.4,55.6,18.7,97.53554502,0.274881517,0.360189573,0.123222749,55.38892222,2.960526316,35815.95
5047.0,1524,489.0,85336,948053,9.0,146.6162757,39.7,38.1,41.1,2.76,50.8,14.8,27.7,17.4,22.6,25.7,62.4,9.0,71.9,59.9,52.7,27.3,15.7,73.91591125,11.24307567,5.042431618,6.946614992,53.23821488,4.646681703,93564.75
360.0,133,481.8,57556,47285,10.7,0.0,50.3,49.3,51.0,2.22,59.4,14.8,44.4,3.4,31.4,20.0,56.6,5.8,70.0,47.9,40.2,36.4,13.4,97.39650201,0.359901501,0.599835834,0.027360933,54.68263699,7.381867511,58020.05
737.0,252,463.7,61908,161382,11.0,632.040748,36.3,35.0,38.1,2.36,46.0,6.5,15.1,15.9,20.6,29.6,67.0,5.0,77.7,48.7,58.6,29.2,15.6,91.5779126,2.383054392,3.245236709,0.403228331,46.86919273,4.180500351,93564.75
3012.0,1037,517.7,74576,510393,8.5,25.47056876,42.1,40.5,43.4,2.71,50.9,11.1,34.5,12.7,29.0,22.1,62.4,7.9,76.7,61.6,56.7,33.4,17.4,84.85390555,9.01979626,1.271241123,2.385636941,54.00578752,4.322689366,93564.75
77.0,34,430.1,37853,14601,19.0,0.0,39.7,39.1,40.4,2.64,49.9,16.4,49.3,5.9,40.4,9.0,50.8,7.4,56.4,42.9,35.7,39.5,22.9,80.46575342,13.14383562,0.116438356,4.061643836,48.5237484,4.708383961,38888.25
174.0,83,422.1,37831,33426,18.7,0.0,40.9,38.8,42.5,2.59,52.7,13.9,38.1,2.9,42.1,8.5,49.5,7.6,58.1,40.0,35.7,43.2,23.5,85.80561892,11.65506063,0.150078041,0.252131108,52.96638102,3.906472769,38888.25
1962.667684,91,453.5494221,52298,37075,9.6,80.91706001,44.1,42.4,45.9,2.32,59.8,11.5,25.3,9.1,29.9,17.8,63.8,4.5,77.9,56.8,46.3,35.2,14.1,97.72255598,0.576187875,0.243036592,0.174767886,56.35323607,6.190278355,52796.0
49.0,24,437.7,27596,9122,32.5,0.0,36.8,35.6,42.9,2.6,34.4,28.5,40.8,7.3,36.1,10.0,39.0,9.7,42.3,32.7,27.9,48.2,32.0,28.87105404,70.65810594,0.0,0.470840021,36.05484575,2.790178571,28429.05
124.0,37,479.6,32318,20410,29.0,0.0,37.9,35.8,40.6,2.54,42.8,29.2,32.4,3.8,40.3,6.4,44.7,11.5,46.4,33.7,27.7,43.0,26.2,66.24817518,32.72019465,0.063260341,0.0,42.81697684,5.698070375,28429.05
103.0,54,425.6,37761,17469,18.3,0.0,42.9,40.3,44.5,2.36,56.4,13.3,42.8,0.9,39.3,8.7,47.7,5.4,51.3,36.5,30.9,47.1,27.8,96.54704719,0.695111613,0.02825657,0.531223509,51.20654397,7.27081138,38888.25
326.0,140,415.6,52886,80527,14.7,0.0,38.7,38.3,39.2,2.94,52.8,25.3,36.2,3.3,30.4,12.0,54.6,9.8,62.0,47.5,41.9,31.1,16.2,81.05213911,7.887144565,0.881114519,7.5024692,55.77512375,4.583083383,52796.0
196.0,77,438.6,41085,37052,18.6,0.0,38.7,37.5,40.3,2.52,53.2,11.8,30.9,5.3,38.9,10.4,52.5,6.9,57.6,44.1,38.0,40.3,23.9,94.40625677,2.054016021,0.868694523,0.495237064,51.58730159,4.404237591,41543.55
8895.0,2817,528.0,85886,1501587,7.7,181.8076475,40.6,39.1,42.0,2.98,51.4,10.8,28.5,15.3,29.3,18.7,61.0,6.4,77.9,61.7,55.7,26.2,12.0,80.94863835,7.662319757,3.781605237,4.950535277,57.61862432,4.419518742,93564.75
19.0,7,527.4,51961,2272,10.9,0.0,48.5,49.3,48.0,2.25,65.9,19.2,41.0,15.4,33.2,14.2,59.7,2.9,76.1,54.7,33.5,35.1,14.5,89.97384481,0.0,0.087183958,0.217959895,57.92622134,16.4556962,52796.0
95.0,44,497.6,36577,12432,18.9,0.0,47.1,46.3,47.7,2.16,55.0,23.1,43.3,4.1,36.2,9.7,47.8,11.8,59.9,41.4,35.8,40.0,18.9,95.28279373,0.318192666,0.572746798,0.198870416,49.00210084,8.244897959,35815.95
262.0,94,491.1,47592,41753,13.8,47.90074965,43.8,43.1,44.7,2.6,56.3,16.7,40.9,9.0,31.7,16.5,55.0,7.2,68.1,51.3,43.0,33.7,17.9,87.49246025,6.615677854,0.410162376,3.701112264,57.55391134,5.784848148,46611.3
432.0,170,445.5,56465,90802,10.0,0.0,38.8,37.8,39.7,2.64,59.6,15.7,36.9,6.4,33.1,16.8,60.4,5.5,72.8,58.2,52.7,27.8,13.0,75.13846844,1.085323467,0.969839668,1.587621931,60.30637328,5.259595862,58020.05
296.0,124,409.2,46867,63508,15.8,0.0,43.6,42.4,45.1,2.45,51.6,22.0,35.9,4.1,28.1,17.6,52.2,7.9,57.5,48.7,29.1,37.8,20.9,86.92823642,5.17423975,1.267503824,2.961991696,50.4853129,6.476142726,46611.3
183.0,77,456.9,60121,34602,11.5,0.0,43.7,42.8,44.4,2.64,55.1,14.8,50.4,2.7,37.0,13.0,58.3,8.1,67.4,51.9,46.1,30.2,14.3,78.38815983,16.67451303,0.517860295,1.894897899,58.25863279,5.015546843,58020.05
3000.0,1247,410.8,52109,405549,10.8,199.7292559,54.0,52.2,55.5,2.21,53.5,14.6,38.9,6.4,30.2,19.3,45.6,8.2,66.2,41.1,30.9,43.9,17.2,91.17611048,4.713573684,1.463123473,0.769313179,49.33984074,3.94772339,52796.0
746.0,320,468.7,44730,129723,16.7,215.8445303,39.8,38.5,41.3,2.41,48.4,21.3,36.1,4.1,39.1,11.9,52.2,9.3,64.7,47.6,43.3,37.9,19.3,88.06493706,7.838501689,0.439821922,1.105311636,47.30857745,4.977235099,43962.7
10502.0,3405,435.2,56866,2339150,15.4,16.672723,37.7,36.2,39.2,2.91,45.3,13.6,23.5,15.1,27.3,19.3,58.7,8.6,54.5,45.5,40.9,37.4,26.5,41.14631928,18.47910969,24.38479379,12.1518083,44.72000041,4.84491139,58020.05
489.0,229,473.2,43045,96201,18.3,187.1082421,34.9,32.9,36.7,2.54,37.8,12.1,39.2,5.8,28.9,13.3,54.5,11.6,62.4,47.8,37.7,35.8,22.0,41.22536017,52.63431633,1.097415093,1.274249753,35.93873276,5.954956101,43962.7
446.0,169,453.7,42903,82278,14.3,1300.469141,38.0,36.4,39.7,2.35,52.0,13.8,36.8,5.8,31.8,17.4,56.6,5.1,66.9,47.4,36.2,34.9,17.0,88.65148008,1.242538677,0.922158606,0.744305031,47.60833531,5.796213808,43962.7
123.0,53,484.2,38663,21121,19.9,0.0,39.5,37.3,41.2,2.58,53.6,17.1,46.2,2.7,48.6,6.6,57.8,8.2,65.1,48.7,46.3,34.8,18.7,98.12279464,0.578687368,0.268172195,0.065866855,52.79043982,6.336972811,38888.25
135.0,49,479.6,56243,22247,10.2,1842.945116,41.5,40.4,42.8,2.43,58.3,16.5,39.6,9.8,35.8,14.0,65.9,4.2,71.7,54.4,45.4,33.7,15.8,95.8895399,0.83117591,0.458736431,1.15819594,55.00111882,9.453503746,58020.05
2075.0,706,446.2,72131,530847,10.7,50.86211281,35.9,35.0,36.8,3.01,54.3,18.4,31.2,8.3,23.5,20.4,64.3,7.6,68.4,58.7,53.5,28.2,18.3,72.70493021,5.545204101,3.694516524,15.53194408,58.70105926,5.683202717,93564.75
511.0,215,452.5,43348,93919,18.2,21.29494564,41.0,39.2,42.5,2.52,45.3,22.0,29.9,7.6,33.9,13.6,53.8,11.9,59.8,45.4,39.4,37.6,21.3,54.39918921,38.1991512,0.838242436,3.375139883,44.16932255,6.201122458,43962.7
134.0,50,395.9,43482,38778,19.9,0.0,28.5,27.6,29.9,2.33,45.5,2.9,15.2,11.8,19.8,27.8,58.6,7.6,80.5,67.5,52.6,21.5,9.0,93.00190407,0.654685829,2.253579906,0.550353426,46.33289125,4.020530368,43962.7
943.0,346,488.6,43346,164622,16.9,42.52165567,41.5,40.3,42.8,2.52,54.0,22.6,38.3,4.6,33.2,13.5,54.8,11.0,63.0,48.7,41.5,36.0,21.0,86.61109314,9.327686477,1.265660566,1.058175227,52.84685609,5.03246323,43962.7
5834.0,2059,455.3,33687,1455444,31.5,241.1635212,33.2,30.9,35.2,2.86,31.0,24.2,26.4,6.8,27.3,12.3,51.2,14.0,43.1,32.5,29.5,52.0,38.2,20.9939812,33.28145555,3.672541248,37.85902264,27.30922949,5.67890152,28429.05
950.0,369,390.5,45463,286272,23.3,38.42499441,30.0,29.1,30.7,2.43,37.8,6.7,15.4,12.9,19.0,25.3,59.7,10.6,74.0,61.8,52.2,24.1,12.8,62.22626705,31.12709408,3.224358521,0.866968262,37.82864464,3.782242355,46611.3
44.0,19,404.1,43344,9516,15.0,0.0,39.1,37.9,39.5,2.44,46.3,17.3,59.0,0.4,24.1,17.4,63.5,7.1,57.2,44.2,33.7,28.8,14.4,92.82062207,0.287601193,1.363442693,0.223689817,43.99577725,2.808716707,43962.7
55.0,22,560.9,25562,8669,40.3,0.0,35.3,32.3,37.5,2.91,26.8,24.6,34.4,2.7,27.8,7.8,39.4,26.8,33.5,26.3,23.4,53.4,39.8,22.60685663,75.40071238,0.111308994,0.745770258,26.98724239,9.134847753,28429.05
388.0,141,520.5,52410,58937,12.0,0.0,42.7,41.4,43.9,2.45,52.8,13.1,32.7,11.8,37.2,12.0,61.0,6.7,73.2,55.4,51.9,34.7,16.6,92.19785395,2.775068115,0.694607959,1.422853106,51.63756371,6.002939584,52796.0
32.0,11,533.1,51929,3796,12.2,0.0,46.8,45.5,47.8,2.18,64.4,23.3,33.8,0.0,39.1,11.1,63.0,3.2,75.2,53.8,43.7,38.3,15.1,97.327852,0.69373073,0.282631038,0.0,59.13853318,8.874172185,52796.0
322.0,138,449.4,49136,63569,14.5,251.6950086,36.2,34.9,37.3,2.52,55.7,18.7,36.9,15.2,35.6,14.5,58.5,5.6,65.4,48.7,39.9,34.5,18.7,82.10702341,3.217455621,1.006560329,5.079431438,53.62409659,7.18973747,49534.0
102.0,38,451.7,55958,17403,8.9,57.46135724,43.1,42.3,43.5,2.48,57.8,13.0,32.0,7.5,44.1,9.9,68.2,3.6,80.1,62.2,47.3,29.8,12.8,98.25783972,0.222768036,0.337008054,0.039984006,57.22070845,5.807872282,58020.05
60.0,25,442.3,50600,9133,11.5,0.0,42.9,40.8,45.8,2.23,58.1,8.6,23.4,10.1,30.9,15.1,62.6,2.9,76.3,56.1,43.1,34.9,14.7,97.19808862,1.259774109,0.4018245,0.108601216,52.92934373,4.690117253,49534.0
51.0,20,478.7,54107,7771,11.8,0.0,41.6,39.9,43.0,2.49,62.2,28.4,32.4,8.0,41.2,12.7,58.8,5.4,69.1,51.4,40.8,34.6,16.3,89.20779221,0.363636364,0.0,4.246753247,59.75090134,5.897114178,52796.0
1133.0,466,476.1,51041,168871,11.7,183.5720757,44.8,42.9,46.6,2.38,51.0,12.7,36.0,11.3,39.2,15.3,57.7,6.8,73.9,55.0,50.3,36.9,16.8,90.94619666,6.06001708,0.577789557,0.237359013,49.70961344,4.491424455,49534.0
207.0,78,493.1,36303,40764,28.6,0.0,35.1,33.2,37.9,2.76,42.3,17.5,24.9,4.8,33.6,8.7,50.7,5.8,47.9,37.9,33.5,37.4,24.8,64.25086425,29.74722338,1.372986491,3.167675975,42.25950308,6.308457711,35815.95
225.0,85,396.8,44490,33211,16.2,0.0,50.1,48.6,52.8,2.31,57.1,16.2,31.9,2.9,28.4,17.4,49.1,6.9,62.8,37.4,28.0,41.9,17.1,90.33041788,3.914601555,0.622570457,2.857750243,56.36203995,4.726613966,43962.7
176.0,79,466.2,37501,27777,19.6,288.0080642,43.5,42.5,44.6,2.37,45.4,20.7,30.0,5.7,37.8,7.6,48.8,12.3,58.3,41.6,38.1,43.3,24.2,66.45688889,31.30666667,0.0,0.135111111,42.01097206,5.461302311,38888.25
170.0,67,432.2,41662,25653,17.5,38.9817955,48.0,45.4,50.2,2.45,52.2,20.1,35.6,5.5,34.6,13.4,46.0,7.8,62.0,42.0,36.3,44.0,21.9,91.62799843,0.232009438,0.861187574,3.448682658,50.94115316,5.352172982,41543.55
168.0,64,425.6,56519,34042,7.8,0.0,39.7,38.4,41.1,2.6,63.3,16.2,31.8,10.2,42.8,11.9,66.8,3.4,85.3,69.0,64.6,24.2,9.1,95.47741634,0.324713316,0.175520711,2.805406038,63.98957775,6.184443536,58020.05
887.0,375,401.0,57408,249672,11.9,92.12086257,35.0,34.3,35.7,2.75,59.9,14.7,39.8,9.7,30.8,19.9,60.9,4.2,68.5,57.4,52.6,28.3,16.5,87.92894987,1.490776581,3.468542977,2.515554287,60.57429672,5.82126689,58020.05
176.0,74,488.0,34425,26777,23.9,0.0,42.2,41.5,43.3,2.47,52.3,24.7,39.1,3.6,37.1,9.3,48.3,11.2,56.1,40.0,33.9,42.7,24.4,86.50009323,8.901734104,1.226925228,1.129964572,50.18597731,5.630397237,35815.95
345.0,133,462.2,49920,64717,14.7,0.0,40.1,39.5,41.0,2.42,47.2,6.5,24.2,8.2,33.7,13.0,55.6,5.4,76.5,59.3,53.9,32.9,15.8,93.28714063,2.44903628,1.359546921,0.729927007,49.85552712,5.026285421,49534.0
74.0,26,482.3,42046,10234,19.3,0.0,45.1,43.5,47.7,2.22,55.6,21.4,36.9,2.1,37.6,10.9,55.2,9.6,67.9,45.6,37.6,43.4,21.2,95.86239847,0.0,0.028666985,1.299569995,50.62906725,6.811862836,41543.55
193.0,91,412.3,42214,37120,14.2,0.0,41.6,40.0,43.2,2.39,52.0,15.2,46.1,6.2,45.4,9.3,57.5,7.1,71.4,53.8,49.9,36.2,18.7,95.64007917,1.19563473,0.353073343,1.270529075,50.02640264,7.598197038,41543.55
266.0,99,475.0,54366,55347,13.1,0.0,37.7,36.7,38.4,2.68,54.8,19.1,38.8,5.4,33.5,13.5,54.5,7.6,73.1,56.8,46.1,30.0,14.3,77.39990221,18.67948788,0.967023415,0.925372594,56.06981761,5.87213091,52796.0
615.0,264,472.9,39904,103057,19.0,0.0,40.8,39.3,42.2,2.56,50.1,19.8,32.2,4.7,31.9,10.1,49.4,9.0,62.8,48.7,39.7,38.7,19.9,81.25204788,15.4434015,0.654356918,0.697723725,50.28948094,4.287972051,38888.25
3721.0,1571,464.8,47973,568088,14.5,51.04842912,46.6,45.1,47.9,2.46,48.6,15.3,29.9,7.9,28.8,16.9,49.6,10.9,64.2,45.5,38.0,38.1,18.3,83.0508444,10.28087523,2.307840987,1.237736885,47.33045769,4.967904974,46611.3
77.0,33,457.7,44119,15050,18.9,0.0,37.1,33.7,42.2,2.43,47.9,29.8,43.5,2.3,40.2,6.1,49.7,7.8,60.9,46.4,41.7,38.7,22.5,84.56202933,12.94094332,0.158541419,0.039635355,50.4494786,4.645550528,43962.7
44.0,22,331.3,34312,12965,29.5,0.0,40.7,40.3,42.2,3.32,45.9,30.9,45.6,1.2,41.8,5.9,43.2,13.8,56.4,43.9,37.7,33.4,16.6,71.83549124,25.3541508,0.159939071,0.898705255,55.44835414,3.861652116,35815.95
1034.0,447,432.6,43488,245671,19.7,85.48017471,32.9,31.6,34.3,2.68,46.6,12.0,24.9,8.8,27.9,14.6,57.3,6.2,62.4,49.7,44.4,31.2,17.9,77.54663465,14.39970187,1.560216145,3.837187636,47.32220033,4.887587132,43962.7
30.0,9,444.6,46961,4854,14.0,0.0,41.3,41.1,41.7,2.38,53.6,24.8,27.9,2.5,32.3,13.6,64.7,4.0,69.2,54.9,40.7,30.9,15.8,96.12228149,0.800164136,0.307755437,1.292572835,49.67188289,5.760869565,46611.3
416.0,176,460.1,36333,64591,24.3,0.0,45.5,44.4,46.8,2.34,45.4,19.5,35.1,3.7,28.3,10.8,43.7,14.6,47.6,31.0,25.3,50.6,28.4,79.60971352,2.247576296,1.287446616,9.948876212,40.38824881,6.718511986,35815.95
1962.667684,31,453.5494221,53796,13338,10.3,0.0,40.8,39.4,42.5,2.51,61.4,23.4,30.5,7.8,40.6,12.5,62.8,4.4,77.7,59.9,52.6,31.0,13.0,87.61940299,0.671641791,0.485074627,0.044776119,58.75781102,5.896980462,52796.0
457.0,172,425.1,42611,86966,17.0,34.49623991,38.9,37.1,40.8,2.41,48.4,7.1,22.0,6.1,43.9,13.5,52.9,7.8,73.2,56.3,49.1,31.1,13.4,94.49229194,2.508675124,1.118379885,0.315148757,50.63562432,4.149417541,41543.55
275.0,110,417.8,48681,64223,15.2,0.0,37.9,37.3,38.7,2.72,50.0,17.0,39.4,6.6,38.1,10.6,52.8,10.4,69.1,53.2,49.8,36.1,19.5,91.08235514,3.273289211,0.348089411,1.053633866,54.4314684,6.91088967,49534.0
236.0,94,487.5,50043,36706,12.9,27.24350242,39.4,38.3,40.4,2.37,55.8,16.3,31.9,8.3,36.8,13.4,63.7,5.1,72.7,55.3,48.2,30.8,13.7,95.82573179,0.49012934,0.577263445,0.313138189,52.27663799,7.218949743,49534.0
82.0,33,527.4,38471,12622,22.3,0.0,40.7,40.0,41.1,2.63,51.6,20.6,43.2,2.8,35.4,8.5,47.2,10.8,56.4,40.8,34.8,39.2,22.2,66.335611,32.30573653,0.063562689,0.158906722,51.52719665,5.109751709,38888.25
118.0,49,429.0,45717,20797,18.0,0.0,42.2,41.0,45.4,2.66,50.1,17.3,53.8,5.1,37.5,10.7,48.1,6.8,61.3,48.7,36.5,35.0,18.8,70.69620253,10.03894839,0.087633885,16.68451801,51.56493415,4.149048626,46611.3
38.0,14,483.4,31996,5146,19.2,0.0,49.4,47.7,50.4,2.25,66.7,7.5,62.7,0.0,38.4,4.8,50.6,4.9,60.2,40.5,31.2,44.1,21.8,97.68491269,0.74553659,0.0,0.0,63.15789474,8.686210641,28429.05
362.0,159,442.4,37693,74553,20.8,134.1327646,36.1,33.8,38.5,2.38,48.3,6.9,32.7,6.3,37.8,15.4,50.5,8.4,61.0,48.0,41.4,36.1,21.1,94.21758569,2.410242515,1.109605744,0.365804092,46.05161334,3.640481715,38888.25
114.0,54,442.8,43933,20928,16.9,0.0,40.8,39.2,42.6,2.47,50.6,25.5,35.3,3.9,42.1,9.4,47.2,6.8,63.7,47.0,42.1,36.2,18.8,93.40154422,4.528444887,0.222632751,0.497371039,54.22175677,6.615715309,43962.7
492.0,189,484.6,51510,88373,11.1,135.7880801,43.3,42.6,44.0,2.64,57.1,15.0,37.2,4.7,37.1,11.2,53.0,10.5,74.7,56.0,50.2,33.3,14.0,95.75225251,1.271604239,0.470334901,0.595001983,59.89229545,5.407671348,52796.0
105.0,56,325.8,32083,22776,23.2,0.0,45.5,43.1,47.9,2.37,51.6,11.8,39.5,10.4,34.4,6.7,35.9,10.6,51.0,36.8,33.8,50.3,33.0,95.57608788,2.669675551,0.485395555,0.272502768,51.54628257,6.462372316,28429.05
98.0,49,524.8,32835,15745,25.9,1397.268974,40.3,39.0,41.3,2.6,57.2,19.8,39.7,1.5,41.5,6.2,42.6,7.8,54.3,42.1,38.6,43.0,26.5,98.15435181,0.151697111,0.568864168,0.037924278,56.87054533,3.753424658,28429.05
102.0,42,468.1,35019,16569,22.7,0.0,41.6,41.2,42.2,2.4,50.9,18.7,41.5,3.2,36.4,9.0,47.6,7.9,52.3,36.6,31.2,46.8,28.8,46.26235833,52.95997106,0.006028454,0.144682903,47.28648334,4.697986577,35815.95
1300.0,567,447.5,40094,178439,15.3,16.81246813,48.7,46.9,50.0,2.45,52.4,14.5,40.5,4.5,37.5,10.6,40.1,13.7,55.7,48.7,28.9,47.9,25.8,89.94216545,5.380157772,1.088044666,1.210463992,51.03190825,5.381697487,38888.25
42.0,17,485.1,66807,10331,9.3,0.0,34.8,34.5,35.5,2.83,46.1,24.4,37.6,2.7,29.7,17.6,64.9,4.7,72.8,48.7,49.7,19.7,7.9,66.1082892,0.118880363,0.670052956,0.572787204,49.78165939,5.573419078,93564.75
74.0,31,365.5,52895,16898,13.0,0.0,39.9,39.1,42.1,2.69,52.8,28.5,36.3,1.8,39.1,12.3,57.9,5.7,65.6,49.9,40.4,31.3,15.7,80.09481517,11.46783485,0.40806529,6.985117619,56.78785857,8.291032149,52796.0
97.0,49,470.8,46159,13427,13.1,0.0,44.7,42.2,47.3,2.18,57.4,18.5,38.3,8.7,44.3,14.6,61.9,3.2,68.6,48.7,39.4,42.6,21.8,97.52023547,0.419426049,0.38263429,0.360559235,50.03289474,9.298780488,46611.3
78.0,30,578.6,42892,9316,14.1,0.0,45.9,45.6,46.2,2.44,61.1,22.7,43.6,2.5,46.9,4.9,49.8,6.7,67.4,49.7,44.0,40.9,20.7,97.6900149,0.191611667,0.404513519,0.010645093,59.77522216,1.418067227,43962.7
1757.0,561,469.0,57908,434211,11.6,414.5450023,35.8,35.0,36.6,2.61,53.6,10.4,30.1,11.4,21.4,24.8,61.9,6.6,76.1,48.7,53.6,23.7,11.1,91.4024158,1.135566142,2.665143317,1.284308301,52.60735221,4.783515756,58020.05
36.0,13,408.9,50358,6322,12.5,0.0,45.5,44.8,46.1,2.55,57.4,18.8,41.3,6.7,40.2,12.2,57.9,6.5,74.6,48.7,45.7,32.5,12.5,94.36309243,3.857660211,0.0,0.0,60.35044825,0.702028081,49534.0
194.0,86,478.1,36118,34649,21.6,86.58258536,37.7,36.2,39.7,2.62,48.7,16.0,38.9,7.8,35.7,9.3,49.0,7.5,57.7,45.5,37.6,37.0,22.4,68.23529412,30.79534014,0.575291241,0.046023299,48.44146848,2.20341093,35815.95
232.0,97,502.7,39247,37421,17.7,0.0,40.3,39.2,41.0,2.56,53.9,15.7,28.8,4.1,36.7,10.5,53.8,7.2,61.5,48.7,42.0,39.5,24.1,91.94709615,5.018399019,0.338648605,0.63463282,53.74565671,4.754260311,38888.25
2075.0,793,433.4,50917,538388,18.1,105.8716019,33.5,32.3,34.8,3.08,47.9,12.2,37.0,4.0,28.3,11.0,52.3,15.2,54.7,44.9,39.7,39.8,27.7,75.29481367,2.718220897,5.415583455,10.6589908,51.06740112,6.025884863,49534.0
227.0,85,471.4,56573,39165,14.7,0.0,43.7,42.7,44.8,2.58,56.4,14.8,36.9,5.7,35.8,15.9,54.1,8.5,71.8,55.6,45.8,32.9,15.6,69.61920956,27.64981708,0.66986139,1.076931004,58.14360771,5.28264626,58020.05
228.0,81,537.3,38121,28803,16.8,0.0,47.1,45.6,48.5,2.24,53.2,14.8,25.0,3.7,33.4,10.1,54.5,9.3,65.7,42.8,37.9,43.2,18.2,96.73180129,0.567634512,0.464428237,0.168570249,49.22182047,4.633003644,38888.25
62.0,26,407.3,46667,10313,12.5,0.0,45.5,42.9,47.5,2.25,63.9,14.8,27.2,19.7,34.0,14.9,67.5,0.9,77.3,59.2,41.1,30.4,11.5,97.41296403,0.086555107,0.384689363,0.605885747,57.8539823,8.200103146,46611.3
248.0,111,454.4,36779,40844,21.3,24.48340025,42.8,42.4,43.3,2.48,50.2,21.7,32.6,2.8,34.4,11.3,47.8,9.0,61.1,43.5,36.8,43.2,23.5,70.29378174,27.71122397,0.036449348,0.826185211,49.64161,5.462418119,35815.95
166.0,76,366.5,38221,28609,19.1,454.4024608,46.5,44.6,48.1,2.37,45.8,20.4,30.5,2.5,26.9,12.8,54.5,9.7,57.0,48.7,32.0,52.6,30.3,89.08959786,0.631889831,0.19574848,5.910230434,43.28457447,5.998550199,38888.25
1549.0,578,437.1,58833,353089,14.2,135.9430625,37.8,36.4,39.3,2.46,49.8,12.8,30.0,10.4,21.3,24.7,59.0,8.5,74.3,57.4,50.0,27.3,12.4,68.92979408,24.08425173,2.488757007,0.845461526,48.18933417,5.111191026,58020.05
953.0,382,488.0,50303,159875,13.8,500.3909304,42.8,41.8,43.8,2.47,53.7,16.7,36.3,5.1,35.3,11.0,54.1,10.4,71.2,53.0,47.2,36.1,17.0,93.62646404,2.202843626,0.625198686,0.645145204,52.59030604,4.646092865,49534.0
100.0,37,479.3,40590,14766,20.7,0.0,43.7,42.1,44.8,2.45,50.5,18.6,39.1,7.3,31.7,11.1,48.3,8.8,57.3,42.1,36.9,45.6,25.7,90.84310069,6.006925946,0.419552477,0.186467768,47.16886588,4.987212276,41543.55
141.0,54,445.9,61931,25658,8.8,233.8451945,41.4,40.2,42.2,2.51,61.8,21.1,35.3,6.1,36.4,16.3,65.1,4.7,80.5,63.0,55.8,29.9,11.8,97.76382591,0.701468821,0.213153509,0.251908693,60.49832578,6.183093392,93564.75
646.0,281,428.8,58479,173323,10.1,115.3914945,36.0,34.8,37.0,2.8,52.3,18.1,27.7,8.1,29.9,15.7,64.3,7.6,72.7,59.6,53.5,25.1,12.5,71.44840022,23.86319149,1.328698706,1.023809806,53.63939343,4.636235598,58020.05
47.0,22,506.4,43298,6801,15.7,0.0,43.7,43.0,44.7,2.42,58.5,12.1,30.7,3.9,43.3,9.1,58.7,4.5,66.1,50.2,45.2,33.7,16.1,97.70198005,0.260153201,0.057811823,0.0,54.81821391,7.955390335,43962.7
435.0,175,502.1,35927,71565,26.8,27.94662195,38.5,36.3,40.4,2.41,40.0,13.0,33.2,3.6,38.7,11.5,48.3,11.2,56.5,41.5,35.4,44.2,27.1,41.5007886,55.58410834,0.80763583,0.697503671,38.21259647,4.806902219,35815.95
583.0,267,350.1,45025,126427,18.7,0.0,40.0,38.2,41.8,2.42,50.4,17.9,37.9,4.4,23.4,14.5,42.3,8.7,64.7,37.2,27.0,43.5,20.5,80.02036299,3.874366549,1.679174991,7.288251946,49.64669739,5.457360828,43962.7
116.0,57,396.4,33127,20216,22.0,0.0,43.1,42.4,44.8,2.56,51.3,19.2,39.5,0.8,39.0,7.8,46.3,9.0,47.1,29.0,22.5,52.7,30.9,92.74700452,0.206246317,0.427224514,2.175407582,49.52597649,6.71641791,28429.05
154.0,68,480.3,35321,25707,25.3,350.0991948,39.8,37.6,42.8,2.59,41.1,29.4,43.5,3.3,44.4,5.7,38.3,18.7,53.5,48.7,35.5,45.3,28.9,56.16120062,41.85807336,0.441854264,0.20188169,44.23715234,4.627249357,35815.95
216.0,75,433.0,68166,58792,14.1,102.0547013,35.0,34.2,35.7,3.33,51.0,10.5,38.1,5.1,24.4,13.4,60.1,12.2,64.5,54.1,48.4,31.2,20.5,84.53185538,0.780096252,2.66344667,6.939208089,59.57669496,6.536926148,93564.75
1068.0,446,409.8,55472,156283,12.1,102.3783777,50.7,49.0,52.4,2.39,51.1,18.6,32.9,8.0,26.1,19.8,47.3,9.7,64.9,43.8,34.2,40.6,17.8,87.11028723,5.595503543,1.114218991,4.081511485,50.7538094,5.354923743,58020.05
33.0,14,395.1,43564,5848,13.3,0.0,43.9,43.8,43.9,2.14,68.0,29.2,35.7,12.8,31.0,14.5,69.9,2.6,76.0,58.4,41.0,30.8,12.9,91.55979203,0.034662045,0.27729636,0.0,61.72792725,4.047619048,43962.7
337.0,119,417.7,51831,83279,11.3,0.0,37.8,36.7,38.6,2.69,60.3,12.7,35.4,9.8,31.6,17.9,60.9,6.4,69.3,57.0,47.8,28.5,16.1,95.63556808,0.585879561,0.564867003,0.426431326,61.04921543,5.849007988,52796.0
337.0,109,416.6,51569,100739,13.9,774.278085,33.2,32.6,33.9,2.39,49.5,5.2,21.1,9.7,20.0,31.8,54.5,6.3,77.5,67.0,50.9,19.0,9.9,94.85328829,0.398644608,1.245239869,0.479422595,49.2531077,4.428705174,52796.0
10.0,5,296.6,31922,3321,33.9,0.0,30.5,31.8,29.7,3.05,47.1,44.9,28.2,6.3,32.2,14.3,51.3,17.4,43.7,32.7,23.7,43.4,30.3,45.2888477,0.15446401,0.494284832,1.112140871,49.90310078,12.14574899,28429.05
82.0,40,400.7,33631,13934,21.4,0.0,44.8,42.3,46.5,2.33,55.2,19.1,32.8,4.5,42.4,9.4,45.6,10.5,52.8,48.7,25.6,44.4,22.3,96.45119493,0.086380651,0.079182263,0.035991938,47.83197832,6.495468278,28429.05
406.0,185,427.9,41983,69154,16.1,0.0,43.9,41.3,46.5,2.35,50.6,18.1,36.6,5.5,43.5,9.4,51.3,8.5,69.5,51.5,47.9,37.7,18.8,93.48907418,3.834100058,0.368027602,0.405405405,49.99105065,3.534951105,41543.55
1962.667684,4,453.5494221,47180,829,14.0,0.0,46.5,43.0,47.5,2.35,44.3,1.2,62.7,0.0,43.2,12.6,46.0,11.9,56.5,38.8,34.9,37.1,16.5,87.37949167,0.0,0.0,7.975460123,40.57971014,4.326923077,46611.3
571.0,240,455.5,44235,103468,20.6,202.961302,41.2,40.5,42.2,2.54,51.1,20.4,33.6,2.9,30.9,9.8,49.7,10.7,62.3,45.0,40.0,42.9,24.0,90.71312709,0.619515722,1.319158084,1.498954445,49.8428187,6.298743004,43962.7
138.0,70,439.1,40122,23434,16.4,0.0,42.2,40.4,44.2,2.5,49.0,31.0,39.3,3.6,42.8,6.7,48.7,12.1,57.2,43.5,39.4,39.6,22.5,96.26046355,2.002271484,0.319690405,0.668825979,47.99700086,2.64006449,38888.25
1962.667684,903,453.5494221,55070,538133,16.5,535.1836814,34.6,33.5,35.7,2.47,44.0,12.7,25.0,15.4,21.9,24.4,63.9,7.1,68.8,56.4,50.6,33.6,20.5,69.12483812,11.1467148,13.25095609,1.869888948,41.77378576,6.13624584,58020.05
439.0,177,496.1,49252,63960,13.0,78.17385866,45.0,43.9,46.4,2.48,52.7,9.4,39.7,6.8,46.2,9.6,54.5,8.6,71.8,51.9,45.2,37.6,17.4,96.0748213,1.525512888,0.471887861,0.451774608,52.33971496,3.33234816,49534.0
200.0,84,438.5,56787,39578,10.0,101.0662489,41.7,40.7,42.8,2.67,52.3,17.3,49.0,7.8,41.9,10.4,58.2,7.9,73.1,58.0,53.5,30.3,13.6,97.46622483,0.828447617,0.36961509,0.198827428,55.09449466,3.198968831,58020.05
569.0,229,431.4,57547,116573,10.3,0.0,40.4,39.2,41.6,2.53,46.9,9.1,29.0,7.3,34.3,13.9,61.5,9.3,68.9,55.1,50.9,36.2,21.0,90.30901507,2.230356687,1.230101302,2.414233421,48.29027012,3.936336507,58020.05
244.0,94,477.0,40994,43996,15.3,0.0,38.8,38.1,39.3,2.74,53.7,20.0,36.2,5.8,34.0,10.1,49.1,7.7,60.3,46.1,41.1,33.8,18.2,87.82364969,3.848186183,2.196337905,4.293886553,57.34660926,6.010723356,41543.55
236.0,102,433.2,37242,40971,20.0,24.40750775,42.5,41.3,43.5,2.47,48.9,13.4,43.3,3.2,40.9,7.5,43.3,9.9,54.6,39.7,37.0,45.6,27.1,97.9300706,0.361454493,0.132533314,0.214462999,47.52860823,4.112005292,35815.95
474.0,163,499.2,42128,88255,17.9,11.33080279,36.4,35.6,37.5,2.77,50.0,14.5,33.8,4.8,31.6,10.1,54.2,9.1,54.4,41.4,35.7,37.6,22.2,78.43711538,15.09550075,0.966403793,3.437115376,51.11663342,5.728131815,41543.55
425.0,174,372.9,67083,105703,9.1,113.5256331,38.6,36.9,40.4,2.45,51.0,4.5,29.8,13.8,18.2,25.4,57.6,3.8,81.9,48.7,55.0,22.4,8.9,81.52519688,9.366877449,4.440004655,1.347131163,52.90453762,5.043113678,93564.75
507.0,194,518.7,52349,92066,13.2,65.17063846,37.3,35.9,38.5,2.49,47.2,9.4,28.7,12.7,31.0,18.2,62.4,6.8,72.4,56.4,50.1,28.3,14.9,93.6386991,3.211806505,0.812243782,0.637332605,46.76269132,4.943288381,52796.0
273.0,116,443.5,38895,65664,22.7,0.0,30.2,29.5,30.6,2.52,43.9,9.1,16.4,5.1,28.1,15.0,53.6,8.6,58.2,45.5,34.0,29.3,17.2,76.16090095,18.33635989,1.599243106,2.067723673,44.56630944,4.912890034,38888.25
141.0,64,474.6,40975,28296,18.5,0.0,36.7,34.7,38.3,2.67,44.8,19.8,30.6,1.7,29.6,11.3,51.4,10.0,60.6,46.2,40.0,36.3,20.6,67.07372866,30.78303713,0.362484603,0.464543375,46.8612555,5.503910285,41543.55
1962.667684,6,453.5494221,46318,2564,12.8,0.0,41.7,41.3,42.4,2.21,60.0,8.5,15.0,6.5,26.9,17.9,54.5,4.0,73.1,48.7,43.7,34.5,13.3,95.46529968,0.867507886,0.670347003,0.512618297,56.00375235,3.783783784,46611.3
2938.0,1155,474.0,50507,639242,14.8,231.5242115,35.3,34.2,36.7,2.5,48.5,18.6,31.0,9.6,25.8,20.7,62.9,6.5,64.4,52.2,46.2,29.5,17.3,71.04446245,10.08655057,2.666944741,3.603840631,45.01341027,5.964154695,49534.0
847.0,314,559.1,55409,94727,13.0,179.4630887,48.3,46.7,49.9,2.3,53.4,14.3,33.2,10.7,34.1,19.5,53.0,10.0,72.1,50.9,44.8,38.2,16.8,90.84703304,4.732529617,1.151296905,1.61160691,51.14075027,5.43325019,58020.05
273.0,91,480.9,50964,30466,14.1,262.5878028,55.6,54.3,56.8,2.18,53.7,25.2,27.1,8.1,23.2,21.5,43.6,9.5,66.0,40.1,29.5,49.0,20.7,90.39324535,0.860951368,1.625502776,0.478675664,50.49173,5.305574211,49534.0
61.0,28,468.9,46277,9052,15.7,0.0,45.4,45.4,45.5,2.45,52.3,15.8,53.5,2.0,40.8,8.0,49.3,10.1,56.2,40.4,34.0,37.6,20.9,86.78477113,0.473151408,0.539172535,0.132042254,48.14612868,5.089647195,46611.3
117.0,42,416.2,38445,21139,19.9,94.61185487,44.0,42.4,45.9,2.36,54.3,15.7,17.8,12.1,31.0,12.9,50.7,7.3,61.8,48.7,35.6,40.4,21.9,95.76259095,1.945118181,0.475579017,0.565939031,55.25443787,4.341957255,38888.25
104.0,42,460.0,54916,15858,9.6,315.2982722,44.3,43.1,45.3,0.024,60.2,14.3,34.8,5.8,41.9,10.6,58.4,6.2,78.7,59.4,52.8,33.2,14.2,97.42348047,0.47184454,0.31663252,0.769851617,58.58937491,4.061068702,58020.05
58.0,22,356.3,41039,11766,17.0,0.0,45.6,45.5,45.7,0.028,50.5,16.3,41.5,8.4,50.2,7.0,51.3,6.7,65.1,48.0,44.5,42.4,21.2,97.37621667,1.379602201,0.0,0.110029623,55.4011976,3.528435035,41543.55
56.0,28,423.4,41207,8159,16.2,0.0,48.6,48.0,49.6,2.52,56.1,28.3,54.2,3.9,33.2,15.4,48.3,5.9,61.7,48.7,35.3,42.1,18.9,96.9634648,1.016210985,0.241954996,0.568594241,56.75931775,5.684931507,41543.55
1962.667684,49,453.5494221,53552,25673,11.5,0.0,35.1,33.8,36.5,2.46,51.3,7.3,23.5,7.9,35.1,18.6,69.0,5.3,76.7,62.4,51.4,29.5,15.3,89.67664111,2.926183898,3.330868905,2.840577454,50.33139185,5.799293999,52796.0
194.0,70,449.9,51151,40534,15.5,24.67064686,37.0,36.1,38.3,2.76,58.1,18.9,38.9,1.8,27.7,12.8,59.7,6.5,55.3,41.1,37.2,40.7,26.0,73.33771055,0.3409177,0.742442991,21.15709993,59.49197861,4.643274854,52796.0
26.0,12,320.2,51817,5104,11.7,0.0,43.2,40.9,44.7,2.3,60.8,9.6,21.1,14.1,28.7,20.5,66.4,1.5,82.7,62.9,49.7,25.7,8.0,96.36188643,1.482194418,0.346487007,0.365736285,58.630394,12.01143947,52796.0
42.0,21,383.2,39484,7673,17.9,0.0,47.2,46.2,47.8,2.23,46.5,15.2,36.6,6.1,42.2,7.4,48.9,9.3,58.6,48.7,33.3,38.0,20.8,66.19170984,32.56476684,0.272020725,0.077720207,43.21167883,1.638311279,38888.25
68.0,32,381.9,35256,14462,22.3,0.0,40.5,39.7,42.3,2.64,44.6,16.9,45.8,0.8,37.5,8.2,40.1,10.0,49.0,33.5,28.3,43.5,25.9,81.25213821,13.43140609,0.64317482,1.108450222,49.81187291,4.5,35815.95
102.0,48,342.0,37933,27245,22.1,0.0,34.1,32.6,36.2,3.13,45.8,12.4,37.2,4.8,23.2,11.3,53.3,8.1,49.4,38.7,33.9,37.2,23.9,92.37533393,0.337637281,0.990650045,3.832739685,49.3301719,10.31353135,38888.25
427.0,202,430.4,44243,75882,17.1,342.6372526,42.8,42.2,43.4,2.52,52.7,20.2,41.2,2.5,31.6,9.3,48.3,12.1,58.4,40.3,35.0,45.3,25.0,91.74468649,0.782625968,1.16135867,1.362643183,51.02151448,4.603840773,43962.7
45.0,16,429.5,52816,7142,10.0,420.050406,44.8,43.2,46.9,2.2,62.8,19.5,60.9,3.7,44.3,15.3,66.8,4.1,78.0,48.7,48.1,28.0,12.1,97.55085098,0.359762004,0.027674,0.055348001,56.46618884,9.712509713,52796.0
76.0,32,490.6,38544,12007,19.9,0.0,42.5,41.3,43.7,2.51,56.6,19.8,39.0,9.5,42.1,8.7,47.3,8.9,63.0,48.7,44.3,40.2,22.7,97.24080958,1.470466749,0.132176786,0.0,58.68212063,2.563121653,38888.25
330.0,110,479.9,46890,48586,13.6,0.0,45.0,44.1,46.3,2.43,57.2,18.6,48.1,6.3,50.8,8.5,56.0,7.3,70.9,52.6,44.2,34.9,15.3,97.71829035,0.568390172,0.226133724,0.305586114,54.965,4.585306863,46611.3
62.0,24,419.3,45308,9383,15.5,0.0,48.7,45.5,52.0,2.43,48.2,26.9,51.4,0.8,43.2,13.1,38.7,10.8,65.8,42.9,38.3,43.5,18.6,85.74292951,7.735331363,0.105529759,0.105529759,51.75792507,2.429149798,46611.3
403.0,137,438.9,66734,92991,8.2,1161.402716,36.8,35.4,38.2,2.3,53.9,7.9,33.2,10.2,24.5,23.5,70.4,2.3,83.5,67.1,58.4,22.9,8.3,92.31152874,0.913593961,0.68009476,0.310576607,50.32513963,6.137971127,93564.75
782.0,320,457.0,54606,149585,13.8,73.53678511,40.4,39.1,41.9,2.5,49.4,18.0,33.7,8.5,38.1,12.3,56.5,8.5,68.9,53.5,48.7,36.3,20.5,83.71072553,10.27333021,1.669458029,0.653178804,49.83858598,5.93936457,58020.05
153.0,72,353.8,46200,41382,20.2,0.0,34.6,32.9,36.0,2.97,50.7,35.5,35.3,4.7,34.1,7.3,53.8,6.6,53.0,38.6,35.6,33.0,20.1,93.87617279,0.578857239,0.361785775,3.863872073,51.71017427,8.130335207,46611.3
106.0,46,469.7,31558,19027,26.3,0.0,41.0,39.1,42.5,2.5,50.9,9.5,25.6,4.7,36.3,9.3,49.8,7.7,56.1,43.0,34.2,40.9,23.8,95.05622746,2.800763845,0.339486527,0.408444727,53.07888763,4.546508931,28429.05
117.0,56,445.9,37080,21713,17.4,0.0,39.1,36.6,41.3,2.8,53.1,15.7,48.8,4.8,40.6,9.3,50.5,8.3,55.7,40.6,37.0,42.1,23.5,81.96473552,2.729562629,1.497595603,12.14105793,54.66371797,4.956760177,35815.95
249.0,125,315.2,75920,87513,4.9,399.9405803,37.6,37.2,37.9,2.63,59.5,14.1,31.7,14.0,27.7,22.8,69.6,4.6,81.8,48.7,62.7,23.0,10.6,96.14714694,0.735037971,1.02882092,0.137021296,60.15588897,6.401613935,93564.75
168.0,76,490.5,42839,31552,15.5,0.0,39.4,38.7,40.5,2.57,53.2,10.8,43.9,4.5,42.0,10.4,55.4,8.4,65.0,50.4,44.5,34.1,18.3,89.36743798,7.195352868,0.545588754,1.354343849,52.44819519,3.440273038,43962.7
121.0,59,422.2,34581,24788,25.5,0.0,40.1,39.2,41.2,2.67,50.1,14.4,33.5,1.1,42.0,4.3,45.9,12.2,52.9,40.7,35.8,42.8,25.9,94.81794954,1.960236346,0.115777707,0.019961674,53.94121576,4.671312865,35815.95
1537.0,662,444.2,46139,311003,15.3,234.7244239,37.2,34.9,39.6,2.53,41.3,12.9,30.9,6.7,28.9,16.4,52.4,9.4,65.5,48.2,36.3,35.0,18.2,68.96159986,21.60403752,2.893639803,1.201004156,41.92591941,4.387164057,46611.3
95.0,32,469.0,32903,15658,28.8,0.0,496.8,38.9,44.8,2.37,46.9,28.4,35.9,1.0,38.0,9.0,45.4,17.0,48.4,33.7,28.2,42.8,25.6,59.15456929,35.16019697,0.511607086,3.696361195,43.59130303,4.200664853,28429.05
258.0,102,502.2,37666,43570,19.5,183.6125775,40.4,39.0,42.0,2.48,55.8,20.7,39.6,4.7,41.5,9.0,54.8,7.6,60.6,46.8,41.3,39.0,22.7,93.12987769,4.209668026,0.533488643,0.465928946,53.03021379,5.4866708,38888.25
157.0,61,441.7,35094,30380,28.7,32.91639236,36.1,35.3,37.3,2.62,47.3,20.3,37.9,2.0,29.9,9.4,44.6,11.2,54.6,48.7,31.2,44.5,26.2,85.66004386,1.243821806,1.639880855,6.628260941,49.52362434,8.019109367,35815.95
1929.0,709,438.1,70929,537559,10.9,68.82965405,36.4,35.5,37.3,2.88,56.3,20.3,32.8,7.4,24.3,21.7,54.5,6.1,68.4,58.2,51.8,23.3,13.5,86.40590864,3.543473157,2.513201721,3.716577859,58.84967501,6.062213529,93564.75
579.0,258,441.0,50020,124108,18.2,145.0349695,35.4,34.1,37.3,2.61,46.9,16.5,31.5,6.3,28.2,14.0,58.3,5.9,57.8,46.5,41.6,32.5,20.0,74.67242527,20.14483106,1.410966244,1.405283411,45.37901705,6.625137665,49534.0
176.0,106,367.3,38528,39718,21.9,0.0,39.8,37.8,41.5,2.46,47.5,12.2,35.6,5.9,32.4,9.0,41.3,11.0,59.7,43.7,40.0,42.3,22.9,92.66962744,5.418208734,0.47125586,0.180113496,49.41654648,3.651138835,38888.25
1962.667684,32,453.5494221,52381,10631,10.5,0.0,50.2,50.0,50.5,2.06,62.3,13.3,41.9,4.8,36.2,15.5,54.0,4.8,71.9,49.5,44.3,42.5,19.8,97.03255814,0.111627907,0.0,0.446511628,54.17731472,7.011070111,52796.0
112.0,60,371.3,44055,22105,16.3,0.0,44.2,43.6,44.9,2.34,52.7,23.8,37.5,2.0,30.5,12.9,52.4,9.6,64.1,43.5,37.1,43.3,21.2,93.52994555,0.444646098,0.875680581,0.762250454,49.15961888,3.801794105,43962.7
724.0,281,414.8,50106,148513,15.4,188.5356837,38.4,36.8,40.1,2.43,51.7,16.5,27.9,3.4,29.1,17.7,57.8,8.7,63.2,48.7,40.7,36.5,20.2,92.79800317,0.746783555,0.61014381,2.090182231,49.53981255,7.265243902,49534.0
94.0,41,445.2,35615,16704,21.5,0.0,41.5,40.9,42.1,2.68,52.0,9.8,36.1,8.3,47.1,7.9,46.5,9.0,55.6,40.1,36.5,44.8,26.4,96.84418146,0.836770068,0.37654653,0.029884645,55.28885946,2.292860865,35815.95
41.0,18,492.5,41045,5265,17.5,0.0,45.1,44.8,45.7,2.23,55.2,19.9,32.3,0.5,41.4,6.5,51.8,7.5,58.2,38.8,32.3,50.3,27.5,96.86165274,0.389972145,0.464252553,0.018570102,49.54318937,5.876865672,41543.55
1195.0,468,427.2,54098,281833,13.8,39.03020583,38.5,37.3,39.6,2.54,52.0,14.9,35.9,8.3,28.0,18.7,61.1,7.5,70.4,56.2,50.0,29.3,15.3,79.93850491,14.51561661,1.570607976,1.432207506,51.01043728,5.524669383,52796.0
101.0,48,446.8,45827,10965,13.7,0.0,55.6,53.4,57.2,2.13,51.4,10.2,46.6,10.8,32.8,15.3,48.6,7.9,71.0,48.7,32.4,42.9,15.5,69.77266601,28.0168928,0.979423129,0.107826399,44.2680093,4.297328688,46611.3
862.0,326,456.2,84500,167627,5.9,89.48439094,42.2,41.0,43.1,2.73,56.7,6.6,30.1,12.4,30.6,20.8,65.6,4.6,84.5,69.0,62.0,23.9,9.8,92.69248226,3.253027878,1.688922864,0.458063591,61.33424438,4.31864301,93564.75
53.0,24,485.1,49345,6585,10.6,0.0,47.4,46.1,48.6,2.33,60.7,22.9,40.6,4.1,39.2,12.3,57.4,3.3,72.3,54.3,45.1,35.0,15.1,95.66721829,0.97788476,0.48142019,0.64690838,57.8721885,7.352941176,49534.0
689.0,255,457.6,41765,175842,23.4,244.53771,31.5,30.3,32.5,2.48,39.6,7.3,17.2,10.8,25.2,19.1,57.6,12.1,66.2,55.2,45.0,28.9,17.5,58.67961657,34.14711332,1.701975857,2.905096721,39.1929128,4.079871327,41543.55
792.0,320,501.6,43559,114234,14.6,122.5554563,43.8,41.9,45.3,2.37,49.3,15.0,37.8,7.1,44.4,13.9,52.7,6.8,69.5,51.5,46.0,38.0,19.2,91.3735692,5.678113077,0.701526188,0.420568852,49.96487068,4.669101054,43962.7
1395.0,490,496.0,48552,314488,19.8,241.662639,34.1,33.1,35.1,2.35,43.3,7.3,21.3,14.6,20.6,23.6,63.0,6.9,72.4,60.1,52.6,26.4,14.7,76.03874073,14.53426142,3.527339721,2.670723242,40.84865449,4.844986927,49534.0
97.0,52,339.1,34885,18045,21.9,0.0,48.0,46.1,50.0,2.31,53.5,10.5,36.3,6.9,36.0,8.0,45.0,8.3,57.4,39.5,32.2,43.9,22.3,92.20324135,6.395094174,0.076653526,0.251861586,51.42490372,2.944539737,35815.95
401.0,163,443.9,35629,66390,21.5,1581.563488,43.3,41.9,45.0,2.48,50.4,26.7,32.1,5.9,31.8,10.4,46.0,12.2,53.4,38.1,31.5,45.6,26.6,85.35108054,10.18320497,0.595229193,2.096762133,50.04540982,5.963398511,35815.95
25.0,10,359.0,27627,4596,24.2,0.0,42.6,44.0,42.6,2.81,41.2,12.8,10.6,27.4,35.6,6.8,31.9,5.4,27.8,16.8,14.3,62.7,46.6,63.64806867,0.128755365,0.0,35.57939914,43.34945586,1.084812623,28429.05
215.0,90,462.1,50302,38987,11.3,0.0,41.2,39.7,42.8,2.53,55.2,15.6,40.5,3.9,45.1,10.7,58.2,9.1,71.9,55.4,51.5,34.2,17.8,94.44317518,1.896275988,0.385855355,0.390932399,55.08958456,4.636217581,49534.0
411.0,151,508.6,59831,60641,10.0,329.8098646,46.1,45.3,46.8,2.42,54.2,15.4,37.9,10.5,31.5,19.1,60.8,5.3,69.6,48.7,48.6,33.9,16.8,96.38901306,0.543055349,1.066242819,0.322853027,53.36016587,4.824422651,58020.05
832.0,322,436.0,41382,163591,19.0,434.0092059,38.8,37.6,40.4,2.49,46.7,20.1,29.2,6.6,29.0,13.7,51.1,10.8,58.4,42.0,36.8,45.5,27.1,78.76225088,2.238745906,0.763996805,10.99870603,44.75893652,5.466762526,41543.55
232.0,84,480.5,54441,43011,11.4,0.0,38.2,37.1,39.2,2.59,56.3,15.7,32.9,8.0,35.0,13.5,63.9,4.6,74.9,54.7,49.4,33.6,15.6,91.93950551,1.547316664,1.242047864,2.395544474,55.22178036,6.572520705,52796.0
83.0,41,434.6,34340,12455,20.1,80.28904055,44.6,42.4,47.1,2.38,49.6,18.3,40.8,1.9,39.0,10.3,45.8,7.2,53.9,36.7,28.5,42.5,21.9,79.05625845,17.56982573,0.063658789,1.002625925,45.45804465,1.546003017,35815.95
8.0,4,261.0,35554,1894,22.5,0.0,49.5,50.7,49.1,2.54,51.1,32.0,46.7,0.0,28.8,20.8,56.4,4.9,57.8,39.9,37.9,42.7,15.6,97.58656873,0.157397692,0.0,2.203567681,53.54752343,1.58013544,35815.95
55.0,20,435.5,37869,7735,18.2,0.0,51.2,51.2,51.2,2.03,57.8,12.5,60.0,2.2,33.7,15.5,48.1,6.1,63.2,36.8,27.4,44.3,18.4,95.78947368,0.346598203,0.410783055,0.410783055,49.31470035,5.332359386,38888.25
16.0,6,532.8,43699,1861,12.0,0.0,48.3,42.2,52.7,2.39,66.3,23.4,31.3,0.0,37.6,16.3,61.8,2.5,76.0,57.1,33.8,30.3,14.1,88.95823332,0.38406145,0.0,0.0,63.62573099,3.205128205,43962.7
221.0,85,496.5,45596,31101,13.1,0.0,44.9,43.7,46.1,2.43,59.0,23.5,37.1,8.1,41.0,9.3,54.5,7.7,68.2,50.5,46.1,39.7,20.7,98.1206504,0.426541804,0.275808986,0.035277894,57.14965878,4.006754682,46611.3
61.0,22,494.3,50540,9625,11.7,0.0,41.1,39.5,42.9,2.24,59.5,7.5,28.1,19.6,35.6,14.2,62.0,2.0,77.3,55.2,43.7,30.6,10.3,95.00266951,0.843566471,0.06406834,0.597971169,55.71212884,1.750547046,49534.0
4139.0,1292,392.9,97279,1040116,7.2,184.5947952,38.5,37.0,40.0,2.76,53.2,12.7,23.5,19.9,14.0,26.6,67.1,6.1,77.0,64.7,56.4,23.0,11.5,55.62676166,17.6079398,14.56193834,7.859929519,53.70241078,5.281994667,93564.75
167.0,76,441.5,49945,32609,12.6,91.99914134,38.4,37.2,40.1,2.76,52.6,20.2,42.3,4.0,45.6,10.4,59.8,7.3,68.7,48.7,50.2,30.4,15.9,92.79731993,1.239530988,0.2680067,4.385564185,53.92081079,5.349679576,49534.0
126.0,48,488.7,36390,21498,23.4,0.0,40.8,38.4,43.5,2.52,51.7,18.2,50.6,2.9,51.3,4.0,38.2,8.5,60.4,44.4,39.2,43.7,24.3,94.15435441,4.313113701,0.032118932,0.27530513,57.421981,3.724928367,35815.95
371.0,154,477.6,40120,57202,16.1,0.0,45.7,45.2,46.0,2.6,48.1,19.0,35.0,7.0,45.6,11.9,54.5,9.2,59.0,48.7,37.6,44.4,23.8,96.82694485,0.404033368,0.623465283,0.156737082,49.89663252,4.600845561,38888.25
228.0,125,335.0,48030,51657,14.8,0.0,44.1,43.1,45.2,2.56,54.2,24.7,27.5,3.4,36.2,11.5,53.5,9.7,65.5,48.7,43.6,38.0,20.1,88.25069295,4.733215276,0.769941484,1.751616877,54.30575593,5.517112399,49534.0
292.0,120,469.5,41009,49440,18.6,323.6245955,40.3,37.8,42.1,2.56,52.9,23.3,22.5,4.7,34.7,10.7,53.7,7.4,55.7,41.8,36.1,37.1,21.5,80.97889682,12.50655691,0.82516241,0.843320018,51.53474193,5.292201918,41543.55
1601.0,551,413.6,57428,433898,17.0,73.75005186,33.5,32.8,34.3,3.26,46.3,20.9,27.3,5.1,20.8,14.2,54.3,8.4,55.6,48.7,37.5,35.1,23.1,73.30694308,2.788481961,6.086018845,12.75344797,51.74558619,5.921976696,58020.05
53.0,24,430.5,53244,11721,14.0,0.0,34.8,33.1,37.4,2.86,50.0,20.9,40.8,2.6,35.0,7.9,55.4,4.4,61.1,48.7,45.3,29.6,17.1,84.36525612,6.262806236,0.356347439,7.091314031,50.42492918,7.0703125,52796.0
1962.667684,11,453.5494221,44727,3923,10.7,0.0,50.3,51.3,48.7,2.4,52.3,12.9,62.5,5.8,44.8,12.4,59.9,4.8,69.4,48.7,41.1,40.1,19.4,94.27703216,0.582425931,0.911623196,0.0,51.32470733,5.924855491,43962.7
241.0,92,509.2,44719,35089,17.7,0.0,42.9,41.1,44.8,2.4,49.8,15.4,39.8,6.1,41.7,11.3,57.2,8.7,68.1,50.4,44.8,38.8,19.3,93.39534621,3.019593429,0.508920241,0.576776273,48.25839578,6.389732266,43962.7
9.0,5,355.4,42780,1410,15.5,0.0,49.0,45.3,52.4,2.35,62.0,9.1,36.4,0.0,37.5,11.4,52.5,6.9,56.1,32.7,27.7,46.7,23.0,89.03818953,4.101838755,0.0,2.899575672,56.89655172,11.51832461,43962.7
1962.667684,15,453.5494221,42381,4725,12.7,0.0,50.9,50.0,51.7,2.07,57.4,20.2,23.6,12.7,35.1,13.4,61.8,3.8,74.7,51.6,42.0,36.9,15.4,97.66957969,0.145651269,0.582605077,0.0,48.87912088,7.552083333,41543.55
37.0,17,397.1,55520,7234,13.2,0.0,42.1,42.0,42.7,2.27,58.0,16.5,46.1,4.6,32.2,12.9,57.7,5.2,73.4,57.6,52.5,29.4,12.4,94.7287472,0.209731544,0.531319911,0.069910515,52.34427328,17.40104556,58020.05
245.0,101,423.7,66950,56482,10.2,0.0,39.7,39.9,39.3,2.65,53.3,14.1,24.5,6.2,32.1,18.2,60.3,8.4,73.3,58.6,53.8,29.2,14.6,88.24211251,6.96562466,1.622776832,0.56688521,54.09965078,4.995519713,93564.75
60.0,31,389.4,31025,9409,22.3,0.0,50.7,50.7,50.8,2.22,59.1,29.4,36.3,0.0,44.2,7.5,39.3,12.6,51.6,28.9,25.2,52.1,27.0,96.49785048,0.167767642,0.0,0.450875537,52.49232223,5.784615385,28429.05
228.0,97,496.9,35002,23898,20.7,0.0,54.4,53.9,54.8,2.06,53.8,19.4,33.6,3.1,38.9,9.1,36.2,14.2,60.7,31.4,27.0,56.0,22.8,96.82566063,0.199434934,0.274223035,0.091407678,46.59100754,5.928954766,35815.95
124.0,54,393.5,48944,24737,12.3,0.0,43.0,42.2,43.9,2.61,56.3,24.4,47.1,3.8,51.0,8.0,56.2,5.7,69.6,52.3,46.5,31.9,13.1,96.71352048,0.757179105,0.394699746,1.276732853,56.92536996,5.734425605,49534.0
382.0,132,444.5,43835,104236,22.5,95.9361449,30.0,28.5,31.3,2.56,37.2,3.5,23.8,14.5,29.9,20.6,55.4,5.8,76.5,63.8,57.1,23.3,12.4,90.57717276,3.597002007,3.150450486,0.353110123,40.42122317,4.001671717,43962.7
265.0,108,449.0,57517,49600,12.0,20.16129032,42.9,42.1,43.7,2.6,53.9,15.2,36.6,2.7,33.8,12.4,51.4,9.8,69.1,48.7,46.8,35.5,17.3,92.58539351,0.475814453,1.158152625,1.220919638,53.97391536,4.225482912,58020.05
100.0,45,467.0,50645,15979,13.9,0.0,43.4,42.1,44.0,2.4,57.0,11.9,36.9,11.0,38.2,12.1,57.7,8.5,63.6,44.8,37.8,43.6,24.4,97.27705922,0.31561359,0.433195123,0.538399653,54.15977133,5.790960452,49534.0
399.0,144,471.4,44236,82375,14.5,461.3050076,34.5,33.5,35.4,2.71,55.7,16.3,28.5,1.3,28.9,12.0,60.2,5.9,65.0,49.1,40.0,31.1,16.5,92.91160442,0.507474626,1.597420129,2.141142943,55.38477444,8.551754776,43962.7
44.0,20,398.4,30699,6780,35.6,0.0,39.7,38.1,42.2,2.65,37.8,14.2,42.4,0.2,35.8,6.1,41.5,13.9,39.5,48.7,21.9,58.0,39.1,61.62411733,34.42422596,0.312330255,0.298750679,36.76248109,4.373757455,28429.05
294.0,121,432.8,35731,54592,18.7,787.6611958,41.5,40.1,42.7,2.43,50.7,15.6,33.2,5.5,35.5,12.4,53.9,9.0,54.8,39.3,29.9,38.8,20.3,93.12482495,0.825319765,0.935486883,1.945663337,48.98591549,5.505782701,35815.95
193.0,79,445.5,39882,34622,19.5,1357.518341,40.6,37.7,43.2,2.22,44.8,18.0,39.2,2.7,34.9,16.8,58.5,7.0,63.8,47.7,42.3,34.7,17.5,94.65107528,0.471793684,0.688876668,0.457321485,39.61304807,4.512392241,38888.25
37.0,12,520.2,50225,6829,14.2,0.0,37.7,36.5,41.2,2.43,37.9,28.9,15.6,15.9,41.9,9.5,46.5,5.4,77.6,48.7,52.5,29.6,13.8,78.0142878,16.69339554,1.151771395,0.029158769,48.69158879,3.908484271,49534.0
173.0,81,496.9,40774,27755,19.2,0.0,39.5,37.8,40.9,2.57,53.0,22.8,43.9,2.1,43.5,10.1,49.8,4.4,61.9,40.0,36.4,34.8,17.9,81.93407394,2.429429976,0.280458933,1.591695502,51.41961827,6.713239053,41543.55
29.0,15,356.1,40351,5220,16.0,191.5708812,46.1,45.2,47.8,2.29,56.5,30.1,26.2,5.4,31.1,17.2,61.2,1.4,64.9,48.7,28.1,38.3,17.8,84.54854552,0.434454099,0.547789951,0.491122025,52.45683931,5.360824742,38888.25
720.0,272,459.5,59921,151408,9.6,475.5362993,39.0,37.8,40.2,2.66,55.6,17.1,39.5,7.3,34.4,17.5,59.7,6.9,74.3,60.5,55.9,30.5,16.4,89.44015237,6.432748538,1.368099147,0.494929986,57.35753743,5.968296134,58020.05
44.0,19,414.4,46196,8681,12.8,0.0,40.4,37.5,42.3,2.52,51.4,17.6,46.6,2.7,45.2,12.0,60.4,5.3,62.4,48.6,42.5,35.9,20.5,97.82906764,0.845521024,0.148537477,0.262797075,50.01458151,7.146666667,46611.3
394.0,155,515.4,45226,74103,19.4,0.0,35.8,34.7,37.1,0.0277,46.0,23.5,41.4,3.3,42.1,9.0,55.5,10.6,58.0,44.2,38.6,37.5,23.0,62.28867429,31.42633017,2.687386729,0.742513998,46.37692162,6.645642202,46611.3
622.0,198,462.5,53755,171512,11.3,204.0673539,31.9,31.4,32.5,2.29,46.8,7.0,20.7,14.7,20.6,25.8,72.7,3.2,81.5,67.1,58.6,21.1,8.8,90.12553846,3.179076923,2.684923077,0.440615385,42.7300221,6.444608704,52796.0
600.0,242,478.2,46701,107233,15.4,83.92938741,40.6,39.6,41.4,2.34,49.0,13.4,32.5,6.8,37.2,13.9,54.5,7.2,65.5,50.5,46.1,38.8,20.8,92.46692056,1.41163763,0.801728232,0.279347816,46.16229053,5.235413921,46611.3
895.0,395,431.1,42622,181877,17.7,87.97154121,37.8,36.5,39.3,2.35,46.6,13.2,29.9,8.8,34.5,15.8,59.2,6.2,68.4,54.9,50.7,31.7,17.6,86.15371887,9.056562147,1.071123245,0.82623204,43.72852581,4.541089313,41543.55
64.0,12,318.5,73274,17787,7.0,0.0,43.4,43.7,43.4,2.28,38.0,24.1,20.0,15.3,11.5,42.2,69.0,7.7,75.1,64.4,41.6,19.1,9.6,94.44316877,1.526980482,1.44087256,1.136624569,35.70673712,5.170657157,93564.75
74.0,35,367.9,40205,14081,18.0,0.0,45.3,42.6,48.8,2.17,46.3,29.2,24.8,1.8,31.5,11.9,40.9,9.4,64.3,46.2,40.9,40.6,19.9,60.91703057,36.17410903,0.0,1.676292436,47.51432268,5.135032332,38888.25
231.0,93,465.6,45132,37831,15.4,0.0,43.9,42.7,45.3,2.32,51.3,20.4,27.5,5.1,26.3,14.6,54.5,7.6,62.4,43.0,35.1,40.8,19.4,90.60510406,0.7650741,0.944304746,2.517254294,47.38013481,5.997663248,43962.7
22.0,9,395.7,48535,3595,11.7,0.0,45.9,44.2,48.1,2.25,57.5,12.7,35.4,12.2,38.1,10.9,60.9,3.2,74.9,57.9,45.5,29.0,9.9,99.61527892,0.054960154,0.054960154,0.0,54.32816537,7.391304348,49534.0
1006.0,396,490.4,45979,198788,18.4,5.030484738,36.1,34.8,37.4,2.55,47.3,15.4,35.2,6.1,35.8,14.4,56.9,8.3,62.2,48.3,42.6,33.7,19.6,70.80255453,24.90262243,1.315043877,0.515092885,46.04447395,6.064227035,46611.3
320.0,130,539.0,33646,42082,23.6,356.4469369,41.8,38.3,44.5,2.2,38.7,13.7,32.7,6.1,28.1,11.3,48.9,12.7,57.2,48.7,34.1,46.1,25.5,46.20023557,48.65959953,1.220259128,1.703180212,33.34770192,3.236583838,28429.05
30.0,9,385.5,48048,7648,15.7,0.0,34.2,33.4,34.4,2.99,55.5,26.1,39.1,0.7,39.8,9.5,57.4,9.4,60.6,46.6,38.8,36.0,24.4,85.17656189,0.323373432,0.012934937,9.520113827,53.96020289,12.93684856,49534.0
161.0,77,464.5,43087,27413,18.6,0.0,43.6,42.6,44.5,2.84,55.5,34.6,45.5,0.0,45.0,8.1,46.5,12.6,54.2,38.5,35.7,39.9,21.6,85.72697332,11.36069274,0.662398697,1.23228361,56.15238497,5.042979943,43962.7
146.0,54,543.5,50299,19444,11.3,1388.603168,44.5,43.2,46.2,2.29,57.5,15.1,35.2,6.0,44.8,10.4,61.2,4.4,74.1,50.9,42.2,35.2,15.2,97.30226855,0.178826896,0.40363785,0.051093399,53.30250208,6.349206349,49534.0
227.0,80,501.0,36810,35827,20.1,0.0,40.6,38.7,42.7,2.57,49.8,21.7,29.1,2.8,33.8,9.9,49.6,10.9,58.5,44.9,39.7,39.3,22.9,68.09951624,30.46579129,0.09398756,0.05252246,49.69862227,5.236239649,35815.95
127.0,55,527.3,42837,18135,17.6,716.8458781,42.2,41.3,42.8,2.53,54.8,14.1,41.3,1.2,42.8,8.9,48.1,8.9,66.9,49.0,42.9,37.8,17.8,95.09868421,3.229166667,0.191885965,0.082236842,54.126895,5.078225186,43962.7
221.0,77,459.6,69900,54277,7.7,0.0,38.1,38.2,38.1,2.73,56.7,13.6,41.4,11.5,36.8,17.9,61.7,4.2,79.3,66.9,62.9,24.4,12.8,92.21993641,2.332148869,2.730503086,0.35720965,61.70039607,5.668411867,93564.75
143.0,63,456.7,51642,31535,15.1,0.0,40.0,39.5,40.3,2.57,46.0,27.3,32.8,0.1,39.4,11.6,50.6,9.3,67.5,52.8,46.7,31.7,17.7,81.85877666,15.47481367,0.407992804,0.449755847,49.25638387,2.534634761,52796.0
378.0,152,526.5,36808,75944,26.4,65.83798588,31.9,31.1,32.8,2.58,38.9,9.2,18.7,7.8,28.2,15.3,54.1,13.1,56.5,45.2,38.3,35.7,22.4,59.84370698,36.59511978,0.886359762,0.831290073,38.54840439,4.81629545,35815.95
107.0,37,412.7,48683,20455,11.7,0.0,43.1,42.4,44.0,2.32,58.7,18.5,41.1,4.8,46.3,9.3,62.2,5.5,69.4,52.8,44.4,35.7,17.8,97.79765667,0.486168506,0.116680441,0.486168506,53.72316126,6.550868486,49534.0
1230.0,419,395.3,57659,333577,12.8,257.8115398,35.5,34.4,36.7,2.47,50.3,7.0,21.2,12.4,19.0,27.6,63.1,6.7,75.7,48.7,51.9,25.5,13.3,91.07618147,0.898415282,1.991660041,2.219799074,50.51543096,4.709495456,58020.05
560.0,217,492.4,52852,102804,13.7,165.3632154,38.9,37.4,39.9,2.53,51.5,8.6,31.0,6.1,31.8,17.3,62.9,7.2,73.3,48.7,51.0,30.9,15.5,93.52089985,1.012238085,0.88704277,2.294276924,51.75544794,4.797917183,52796.0
275.0,104,487.3,47360,41877,16.3,0.0,43.0,42.5,43.7,2.47,52.2,12.0,37.8,5.5,44.6,12.0,52.6,7.4,69.5,51.6,46.4,36.5,16.9,97.1147479,0.718948065,0.532116167,0.073313783,52.9829631,6.635885322,46611.3
413.0,164,499.8,55691,51540,11.9,0.0,49.1,47.0,50.2,2.45,50.7,13.7,43.7,10.2,31.6,18.8,53.1,9.9,67.4,45.4,38.5,43.6,21.1,82.55206817,14.15011937,1.500417322,0.217395524,50.84003273,5.625635809,58020.05
524.0,211,461.9,43065,104091,17.5,9.606978509,39.4,38.0,40.4,2.58,51.7,12.8,37.0,4.5,32.3,12.9,53.4,11.2,63.6,48.7,42.8,35.3,19.6,91.70700163,4.630518704,1.034665204,0.588857753,51.58581605,7.159837221,43962.7
145.0,52,459.6,75539,28031,7.1,0.0,43.7,42.4,44.9,2.63,57.5,26.2,46.2,2.7,28.6,19.3,56.6,4.9,83.7,65.2,57.4,22.7,7.2,85.04271989,12.25936824,0.542418549,0.251710568,65.72456321,5.615292712,93564.75
323.0,131,459.0,43186,53777,15.6,0.0,43.3,42.2,44.6,2.49,55.9,20.4,36.1,3.1,42.0,9.4,52.2,9.3,68.0,44.9,39.8,40.5,18.8,96.48842337,1.148474825,0.316060272,0.350973907,56.45418701,6.304667879,43962.7
110.0,45,415.4,52930,33897,14.1,0.0,26.4,26.3,26.6,2.38,42.2,1.7,17.3,9.3,26.1,27.4,69.5,3.1,81.2,48.7,56.1,20.1,9.7,92.73739636,1.295164316,2.868728439,0.602190885,45.44421907,4.882440161,52796.0
280.0,111,454.6,54836,37512,11.7,213.2650885,49.0,48.2,49.6,2.3,54.0,16.1,39.3,15.9,27.9,18.2,55.8,6.7,72.1,48.2,38.4,40.1,16.2,82.23233419,11.88655785,1.481520675,0.703722321,50.68079601,3.328451604,58020.05
272.0,119,509.8,37758,39485,19.9,0.0,42.1,40.4,43.9,2.41,50.0,21.9,32.4,5.2,34.4,10.0,48.5,10.0,57.0,39.8,36.0,48.1,28.3,97.50592029,0.47614249,0.438353404,0.151156346,47.2534908,4.6247512,38888.25
2663.0,909,463.0,68172,555786,11.1,25.18955137,38.1,36.5,39.5,2.91,46.5,15.3,29.8,13.0,29.7,19.7,62.0,9.8,65.9,56.1,51.1,27.5,17.1,57.86687417,21.30720336,4.822467307,13.51850772,49.27138445,5.746896424,93564.75
248.0,156,394.3,42471,57580,20.4,0.0,38.9,38.2,41.3,2.68,44.5,24.2,51.2,2.0,36.9,7.5,41.4,4.3,59.7,46.5,41.6,34.1,19.0,74.17594751,21.17758784,0.61296728,2.35344902,52.91270837,7.105682422,41543.55
340.0,140,438.5,55472,55423,12.4,0.0,46.9,44.9,48.2,2.51,58.3,20.4,36.9,3.0,28.4,17.1,51.0,5.0,64.9,45.3,37.6,36.3,16.0,93.66007786,0.818115138,0.626281244,3.116360422,57.52914198,6.844366335,58020.05
55.0,25,449.5,39896,8291,18.7,0.0,45.4,44.9,46.7,2.16,56.5,26.5,30.9,6.2,41.8,7.2,50.9,6.2,51.7,39.1,30.7,47.1,28.7,86.12235182,12.3184956,0.119019281,0.3808617,50.31364349,7.01754386,38888.25
194.0,112,403.3,33577,43738,27.1,0.0,35.6,34.0,37.1,2.57,45.8,19.8,40.8,3.1,36.6,8.2,50.3,12.0,49.5,37.0,31.9,45.2,30.0,61.72878031,34.64470399,0.296451498,1.633826676,43.72557027,7.372578522,28429.05
80.0,29,446.8,55637,11927,9.6,0.0,46.6,45.3,47.4,2.32,57.3,14.4,26.3,5.6,36.8,16.1,63.9,2.9,75.2,54.8,43.7,35.4,14.6,96.07238159,0.19179453,0.483655771,1.692795197,53.55309909,3.811252269,58020.05
147.0,60,538.4,52377,27924,12.6,0.0,36.7,36.9,36.5,2.73,57.1,20.1,47.6,3.2,39.8,8.4,54.5,11.5,67.9,48.3,36.0,35.6,17.3,92.13347996,3.883428414,0.814488968,0.350539556,59.26801589,6.956521739,52796.0
16.0,6,507.5,43272,1926,14.6,0.0,51.4,50.3,52.1,2.18,63.3,0.8,36.1,13.4,37.7,25.1,55.5,3.9,68.9,48.7,31.1,34.4,14.0,98.44767151,0.0,0.0,0.250375563,59.91237678,2.089552239,43962.7
182.0,87,443.1,36205,33960,21.5,0.0,36.9,35.1,39.4,2.32,49.0,3.9,21.6,5.1,39.8,13.6,50.5,11.2,69.2,51.7,44.1,35.0,17.8,88.39750109,9.103588552,0.145285486,0.636350429,49.54671736,5.005740528,35815.95
1962.667684,78,453.5494221,50175,31533,12.7,0.0,38.9,36.9,41.5,2.37,52.8,14.9,26.5,5.1,31.1,16.3,63.9,4.6,72.5,56.1,46.4,34.5,17.9,92.85193521,1.157003836,0.833676736,1.534218785,51.04928083,7.867590454,49534.0
115.0,51,459.5,51221,20609,12.4,0.0,41.0,40.2,41.5,2.48,58.2,11.7,44.6,6.9,38.7,12.6,59.6,5.8,73.0,48.7,49.8,28.9,13.3,95.23368133,1.75139038,0.619572641,0.414674602,57.70183259,6.863636364,52796.0
131.0,59,572.1,25215,21013,38.2,0.0,39.1,37.1,41.4,2.53,48.2,30.4,35.1,3.7,36.9,5.3,31.6,15.9,39.7,48.7,26.4,57.3,41.9,93.37558685,3.915492958,0.056338028,0.643192488,47.61904762,7.638737758,28429.05
1962.667684,47,453.5494221,61279,33347,10.2,0.0,35.7,35.6,35.7,2.39,50.8,3.8,14.8,8.0,27.0,22.3,70.4,4.0,80.7,65.5,57.5,28.0,13.1,93.60756816,2.436075682,1.477966512,0.95810917,52.822868,5.329918283,58020.05
455.0,151,484.5,67299,119455,13.7,0.0,34.8,33.8,35.8,2.84,54.4,14.4,36.2,3.7,34.6,18.9,64.2,6.4,71.5,61.9,56.8,25.1,15.4,74.24044345,21.88376998,0.886367202,0.442747825,56.52954375,6.260702788,93564.75
10.0,4,341.9,59408,1956,7.1,0.0,50.2,51.5,48.8,2.09,62.2,12.3,40.0,3.8,30.9,16.3,62.6,4.0,84.8,60.8,38.8,29.8,7.9,99.646286,0.0,0.0,0.353713997,54.11392405,7.098765432,58020.05
312.0,131,461.0,49056,52021,13.9,0.0,40.5,38.1,43.0,2.43,55.0,15.6,43.1,9.0,33.8,18.5,56.4,5.3,67.2,48.7,44.9,33.2,15.5,78.41383308,2.573415765,1.71561051,0.852009274,51.87848198,6.522329921,49534.0
277.0,99,462.5,50435,70916,16.7,338.4285634,29.4,28.5,30.7,2.25,45.7,3.0,19.2,10.5,24.7,21.4,67.0,3.6,81.1,66.2,55.5,22.5,10.0,88.99665115,2.487713652,2.349990577,0.775598371,43.85891098,5.407811283,49534.0
311.0,140,463.7,47824,58469,13.4,119.7215619,38.8,37.5,39.8,2.58,53.1,18.8,43.3,5.0,48.1,8.6,54.5,7.2,68.9,53.0,49.0,35.3,19.2,94.75372007,1.128323464,0.254509052,1.868096442,52.89208505,4.663965135,46611.3
305.0,120,442.5,49819,60338,15.7,464.0525042,36.9,35.5,39.1,2.5,46.5,13.7,29.2,5.6,22.6,16.4,54.5,6.4,65.7,47.6,40.0,38.0,18.8,86.23882396,1.649198004,1.617386063,5.63573653,49.3270649,4.138710893,49534.0
150.0,62,421.6,51282,22086,10.7,45.27755139,48.2,46.7,49.2,2.33,59.3,21.1,30.4,6.4,38.2,15.1,59.4,5.6,76.8,48.7,46.5,35.1,14.9,97.69165513,0.267893021,0.397374648,0.160735813,56.50806959,7.092543114,52796.0
23.0,13,308.2,44562,4464,12.8,0.0,51.1,50.8,51.3,2.32,59.9,23.9,15.7,0.0,39.2,12.0,51.1,7.2,68.9,48.1,38.9,41.8,17.6,98.45844504,0.201072386,0.067024129,0.0,57.93067227,3.462050599,43962.7
116.0,43,396.8,47781,17531,16.2,0.0,50.6,50.6,50.6,2.29,58.2,25.7,28.8,8.0,28.5,13.8,48.2,11.6,68.6,48.3,42.9,41.3,18.6,87.56534937,1.07931868,1.298555287,2.636460734,55.46630361,9.589041096,46611.3
58.0,29,475.0,47606,10524,17.4,0.0,40.1,38.9,41.0,2.55,56.7,31.2,36.3,0.0,46.6,6.5,52.8,9.6,61.4,46.3,40.5,37.1,20.1,96.85714286,0.99047619,0.238095238,0.438095238,55.71112749,3.788224555,46611.3
1251.0,361,394.9,60957,575205,12.6,62.58638225,24.4,24.3,24.6,3.62,58.8,9.9,21.7,7.6,16.8,25.8,54.5,5.5,78.3,69.1,58.9,17.0,9.2,91.94593057,0.607837205,1.501022725,2.11556335,71.12700722,8.614426925,58020.05
346.0,120,461.5,58375,55949,10.6,71.49368175,46.0,45.4,46.6,2.66,55.0,13.1,32.1,8.6,35.8,14.7,51.9,11.6,72.5,53.7,48.3,35.9,16.1,89.42117531,5.871238876,1.536233931,1.214860856,58.48474785,5.499704317,58020.05
36.0,13,417.3,73998,9362,9.9,0.0,36.6,36.4,36.8,3.1,46.5,6.3,44.6,4.6,27.2,19.7,59.3,10.7,64.4,51.7,48.1,20.0,9.2,73.24529479,0.0,3.202661953,1.195799106,52.05980066,5.470675209,93564.75
523.0,229,413.5,57088,108801,9.8,9.191091994,41.0,39.6,42.6,2.45,52.1,11.7,32.8,10.6,29.7,16.1,58.8,7.8,76.5,57.7,53.4,32.3,13.6,87.12398815,6.392778357,1.973398806,1.423283891,50.74257426,5.808302127,58020.05
144.0,82,350.2,42896,28783,16.3,799.0827919,45.7,44.5,46.9,2.3,54.9,24.5,33.9,1.8,34.4,12.6,52.1,10.7,64.3,43.1,36.9,43.5,21.0,94.99843266,0.996133886,0.599073526,0.56424367,50.78380144,5.960854093,43962.7
148.0,67,454.6,35528,23877,20.1,0.0,43.9,43.3,44.7,2.53,52.7,19.9,33.5,2.8,33.7,6.8,45.3,9.6,58.8,42.0,35.3,43.9,22.8,96.17488603,0.505594695,0.178201409,0.111893908,52.95556028,5.871779509,35815.95
107.0,33,499.4,43097,12781,17.9,0.0,49.8,47.8,51.3,2.36,55.1,21.3,35.5,0.6,32.2,12.7,45.9,9.7,61.4,37.6,27.7,45.6,20.1,75.19642582,19.03404714,0.261901094,1.209366816,55.41340462,5.096660808,43962.7
182.0,81,410.4,43211,33693,17.1,1751.105571,41.3,39.2,43.5,2.56,52.0,25.1,33.3,2.6,35.2,10.0,48.4,6.7,59.5,48.7,37.8,36.3,19.1,87.70890127,6.803366125,0.551143771,1.825293351,53.81660264,4.543403039,43962.7
1385.0,506,507.2,49274,212652,13.4,0.0,42.6,41.5,43.8,2.39,47.1,9.8,29.9,9.7,35.1,13.6,57.4,7.6,72.9,52.8,49.0,37.1,16.0,87.95050198,7.388746206,1.155265001,0.525799673,45.31301605,4.92078633,49534.0
239.0,99,467.0,50244,40746,13.0,908.0645953,38.9,37.5,40.8,2.6,55.3,24.7,30.4,5.9,32.9,13.9,60.9,6.3,70.8,52.3,47.5,37.4,19.1,84.40749963,1.730872516,2.888042576,8.949758313,55.07615872,7.694148618,49534.0
599.0,250,489.9,39927,128755,22.5,62.13350938,412.8,33.0,35.6,2.68,44.4,14.7,25.3,5.3,35.6,13.4,54.9,10.7,55.4,41.4,36.4,38.7,23.6,67.09114961,29.71566549,0.765822482,0.362590249,45.4565442,3.432793045,38888.25
219.0,90,484.1,54472,34584,10.9,0.0,42.2,40.7,44.3,2.37,50.6,16.5,30.4,6.2,37.7,10.9,54.1,7.5,74.2,57.3,51.6,32.7,15.0,91.18679876,5.087503926,0.733719702,0.984954464,51.86801805,5.709342561,52796.0
209.0,102,368.5,42081,41475,14.7,0.0,44.2,43.1,45.1,2.55,53.6,17.8,39.1,3.7,45.1,7.8,50.9,10.7,63.8,48.7,38.5,40.0,20.2,96.63683534,0.571238159,0.311800828,0.606940544,53.63022113,5.167988801,41543.55
102.0,51,442.5,34916,16779,23.0,59.59830741,41.1,38.9,42.9,2.45,48.9,14.1,26.0,4.0,42.7,8.3,47.9,6.9,50.9,35.5,30.9,47.1,27.7,97.2987257,0.89846732,0.076340361,0.035234013,47.86439665,5.841924399,35815.95
179.0,78,499.6,37968,31439,21.7,0.0,38.4,35.7,40.0,2.65,46.6,28.0,36.5,4.0,41.1,9.7,52.3,9.2,57.5,42.3,36.0,42.2,25.3,79.74804352,17.14703824,0.334033212,0.34039575,45.89769997,7.155147691,38888.25
117.0,50,475.2,39572,19605,18.0,0.0,40.9,40.1,42.1,0.0254,54.4,18.9,37.8,3.7,46.5,7.1,53.2,6.8,62.6,48.4,43.3,38.1,21.3,96.51204056,1.404309252,0.319391635,0.547528517,53.24267782,6.829499644,38888.25
533.0,232,403.0,54996,129730,13.5,262.0827873,34.8,33.8,35.9,2.44,48.2,5.5,16.6,10.7,31.3,18.0,62.1,7.2,81.8,67.4,62.4,24.2,10.6,92.16433254,2.714823292,1.682119719,0.986150444,49.45798646,4.528947447,58020.05
85.0,34,486.2,39563,12298,15.0,0.0,43.3,41.8,45.8,2.35,54.3,18.8,47.6,1.6,49.5,6.6,51.6,9.8,61.7,48.7,40.5,39.3,19.8,97.44309073,0.577108047,0.248477076,0.032061558,51.77888294,6.987761548,38888.25
32.0,13,459.2,51584,5092,12.0,0.0,43.5,43.0,44.0,2.42,53.9,21.3,39.3,2.7,49.4,8.9,57.1,9.4,68.2,51.1,46.3,39.3,21.4,98.6533282,0.0,0.192381685,0.0,51.45951036,3.388278388,52796.0
180.0,67,472.5,46177,27811,13.5,71.91399087,44.5,43.3,46.1,2.54,58.4,17.0,44.1,5.3,47.5,6.7,55.0,7.1,65.3,50.0,45.4,35.1,19.6,97.16864709,0.835654596,0.222136032,0.363174782,59.31461903,5.228870221,46611.3
1962.667684,50,453.5494221,40676,15702,14.9,0.0,53.1,52.7,53.4,2.05,61.2,19.4,42.4,8.0,39.9,10.8,47.8,7.3,66.3,40.5,32.5,51.5,22.3,95.07544668,0.366184734,0.309362965,0.082075889,53.34472335,7.867412141,41543.55
1962.667684,22,453.5494221,53700,10079,9.8,0.0,43.4,42.7,44.3,2.32,59.4,10.7,28.0,7.9,34.8,14.2,66.0,3.2,80.4,48.7,47.7,32.2,12.8,95.34815395,0.195867202,2.477720106,1.282930173,54.91502067,7.996051333,52796.0
16.0,10,259.5,49947,6415,28.0,0.0,39.4,38.6,39.9,2.7,46.7,28.9,39.4,17.1,27.8,5.4,36.9,2.0,51.6,39.2,32.2,36.9,22.7,84.94539782,4.96099844,0.062402496,6.131045242,56.26631854,1.260504202,49534.0
68.0,28,354.9,38783,13670,21.1,0.0,45.3,42.5,48.0,3.04,44.3,38.6,23.6,0.2,44.5,5.8,33.3,12.9,47.1,27.7,24.1,47.5,24.1,79.87492465,13.02742616,0.421940928,1.672694394,51.65816327,1.600365798,38888.25
715.0,291,415.4,57737,161292,15.0,18.59980656,35.9,35.2,36.5,2.36,39.6,4.6,10.7,7.8,24.2,21.6,60.6,7.2,79.7,65.4,57.6,29.5,15.3,88.78880809,2.712756362,5.265646091,0.827947424,44.85169961,2.489937484,58020.05
41.0,19,443.8,33370,6337,23.8,0.0,47.5,45.7,48.7,2.43,42.7,26.7,37.7,9.5,43.3,9.2,46.3,10.6,61.8,43.0,39.1,36.9,18.5,41.43297381,57.53466872,0.184899846,0.107858243,40.0750469,4.686258936,28429.05
84.0,31,529.0,51805,14282,10.1,0.0,36.6,35.5,37.8,2.61,52.0,20.0,18.0,7.2,34.7,8.1,63.3,3.4,76.3,60.9,54.0,25.7,11.6,91.62256267,0.793871866,2.681058496,3.189415042,53.87931034,3.0621435,52796.0
232.0,95,450.4,59184,48799,9.1,0.0,39.9,39.1,40.9,2.57,53.4,12.0,39.3,13.7,37.6,15.4,66.2,4.9,67.9,48.7,48.9,39.1,23.2,95.46862737,0.448180429,0.313932835,0.349043744,53.47605031,4.602473498,58020.05
81.0,31,554.7,29421,12808,30.2,312.3048095,41.0,39.9,41.7,2.57,52.6,13.1,44.0,0.5,37.8,3.9,35.3,12.2,44.6,32.9,29.4,53.0,35.9,99.84590492,0.084752292,0.0,0.0,53.18254604,5.955168953,28429.05
224.0,101,403.4,35849,46036,25.6,0.0,40.2,38.8,41.2,2.53,39.6,24.7,34.3,3.7,34.6,10.4,45.1,11.2,53.7,39.2,34.6,40.5,24.8,40.57384112,54.7927796,0.480354989,2.571945545,39.47182268,4.18136909,35815.95
61.0,26,474.1,35630,14649,31.6,0.0,30.3,28.9,31.0,3.0,38.8,22.5,25.0,2.3,21.8,16.1,48.9,4.8,35.8,48.7,26.9,36.9,29.2,20.06483653,0.538005242,0.255207615,0.186232584,37.72517805,6.726726727,35815.95
2265.0,901,440.7,50083,490945,16.3,462.3735856,37.2,35.7,38.7,2.45,49.4,10.9,29.3,8.6,25.7,18.1,55.1,8.4,65.2,50.6,42.5,36.5,21.4,89.03816718,1.827041461,2.315985625,1.03362505,48.18837711,5.355835918,49534.0
1962.667684,48,453.5494221,49508,29029,13.0,723.4145165,32.2,31.0,33.8,2.35,45.1,2.9,17.7,9.8,27.7,21.9,68.6,4.5,80.0,64.5,52.9,24.3,9.5,94.29172559,1.145103991,1.386541579,1.014037871,43.27677893,3.977583379,49534.0
108.0,47,474.6,35664,16759,20.6,0.0,43.2,41.3,46.1,2.36,53.6,16.6,31.8,2.1,38.8,8.4,44.8,10.0,65.3,44.9,38.3,43.4,21.1,85.546875,12.38754735,0.390625,0.0,51.49921842,5.73089701,35815.95
1031.0,426,447.8,44325,259964,21.6,115.4005939,30.8,29.9,31.8,2.46,37.7,5.5,13.7,14.7,21.5,21.5,54.6,7.9,71.3,48.7,47.3,25.2,13.2,69.8660205,19.89630947,5.656562478,0.946825166,38.96880138,3.204859373,43962.7
116.0,47,454.2,35351,19364,21.4,0.0,41.3,39.9,42.9,2.49,48.1,20.0,27.3,3.2,45.7,5.7,46.0,10.8,52.9,39.3,35.1,44.0,27.3,66.81680913,30.32707171,0.332702053,2.206070533,45.09297521,7.219802888,35815.95
248.0,92,495.4,43202,39498,15.1,0.0,40.3,39.4,41.1,2.39,50.0,8.9,30.1,5.4,47.0,12.3,51.7,8.1,70.6,52.7,46.4,36.2,16.8,96.87484159,1.183656917,0.615907132,0.248390531,50.2590019,4.792232199,43962.7
49.0,22,462.1,37794,7410,21.9,134.9527665,43.3,37.0,59.6,1.86,33.3,34.2,58.2,0.3,53.6,5.7,17.6,4.8,68.2,35.8,29.6,56.2,18.9,66.03350481,27.31829574,0.68592534,2.770083102,49.84802432,1.652892562,38888.25
137.0,81,365.4,37378,27891,17.9,0.0,43.8,43.0,44.8,2.51,54.0,12.6,39.5,2.4,36.7,8.0,43.7,8.0,56.7,48.7,35.5,43.2,23.5,97.21720659,1.037351744,0.145158435,0.601876438,52.3494794,3.255738239,35815.95
25.0,11,305.1,58425,5969,8.6,0.0,40.7,40.4,41.1,2.62,58.0,26.7,24.7,5.4,28.4,15.4,61.5,1.7,74.1,61.1,55.0,23.4,9.4,95.56690837,1.071193144,0.346077785,0.428477258,58.61317052,6.235912847,58020.05
455.0,166,511.3,54585,64688,13.3,633.8115261,45.2,44.0,46.4,2.4,48.4,12.5,33.8,7.1,33.3,15.0,58.6,6.6,72.6,48.7,49.6,36.5,16.8,96.17367291,1.213562442,0.918993556,0.273089905,47.70792892,3.57092349,58020.05
81.0,36,396.0,50289,20781,14.8,0.0,33.7,33.0,34.3,2.81,57.1,18.0,41.0,2.8,34.9,7.6,65.4,7.4,65.5,48.7,47.4,27.8,16.8,68.51139533,4.135012982,3.168573901,20.24713915,57.47599451,9.833738848,49534.0
156.0,51,408.2,40010,29400,19.7,0.0,45.1,44.2,45.9,2.58,59.3,25.4,42.9,2.8,35.5,10.9,46.7,10.0,51.5,35.1,27.8,41.1,22.7,92.35517734,1.196247341,0.449900603,4.600146479,58.65270824,6.54966528,38888.25
370.0,156,490.9,37873,41053,14.9,0.0,51.5,50.2,52.4,2.23,57.5,17.6,42.1,1.3,35.6,13.1,44.0,7.6,60.3,36.4,30.5,51.1,23.6,96.75194932,0.328947368,0.504385965,0.519005848,52.90134332,4.674318905,38888.25
622.0,256,476.0,46243,110884,17.9,1127.30421,39.9,38.1,42.2,2.38,48.5,22.6,38.8,3.7,39.2,10.9,52.3,9.8,66.2,52.5,47.9,34.7,20.1,84.01150252,10.87437096,0.499640546,1.732566499,48.36061762,5.182440874,46611.3
118.0,48,461.5,45485,17664,15.1,0.0,43.4,41.9,45.1,2.29,56.3,17.6,36.4,6.1,39.2,12.5,54.5,9.6,67.2,48.6,43.2,40.8,21.1,98.17696754,0.550244553,0.383503779,0.005558026,52.3587351,6.41025641,46611.3
144.0,62,471.1,34830,24922,21.1,0.0,40.3,38.2,42.4,0.0249,46.9,34.7,34.3,4.4,39.7,5.7,44.2,10.0,49.3,37.2,34.6,43.6,26.5,86.31195278,10.72857652,0.511073254,0.895368646,46.77488253,4.430147059,35815.95
1273.0,458,494.5,63441,250088,11.2,115.9591824,39.8,38.7,41.0,2.7,54.3,23.9,30.4,7.3,27.0,20.3,58.5,7.6,67.8,48.7,45.6,30.6,18.1,83.73394798,11.74761278,1.553753704,0.73674679,55.78754661,5.430602081,93564.75
86.0,36,423.2,52260,16829,11.7,0.0,41.4,40.5,42.1,2.51,57.4,21.0,33.3,2.8,41.5,12.2,66.2,3.6,71.8,48.7,48.8,31.0,14.9,96.81021681,0.386100386,0.207900208,1.585981586,56.4098706,5.702647658,52796.0
509.0,197,469.7,45641,102782,15.2,2062.617968,35.4,34.2,36.5,2.58,48.7,14.4,33.3,4.6,34.2,14.4,65.7,5.2,67.5,48.7,48.8,33.5,19.2,85.21505901,2.791378133,2.614844436,4.611333268,46.91639073,6.360617144,46611.3
125.0,49,456.9,37243,21190,23.6,0.0,42.1,40.4,43.8,2.65,48.7,35.9,30.1,5.1,39.0,5.9,45.0,12.8,51.2,48.7,34.6,42.6,25.2,57.56679345,38.31056017,0.577546133,1.554209513,47.19879139,6.365870002,35815.95
6298.0,2451,399.2,50699,1897753,18.3,286.6547965,33.1,31.8,34.5,2.9,45.0,15.6,31.6,7.5,25.2,17.1,59.0,7.4,61.1,48.7,39.8,30.8,18.3,77.71456838,7.479148201,2.630399748,8.319848458,45.72944794,5.991129949,49534.0
76.0,36,427.8,51285,14008,11.5,0.0,43.0,42.5,43.6,2.56,53.0,29.0,29.8,7.4,49.5,6.5,54.2,8.9,66.1,51.0,45.5,33.8,17.4,97.02639254,0.277441844,0.433947499,0.775414384,52.49027958,5.900305188,52796.0
70.0,24,478.3,61750,11745,7.9,0.0,38.4,36.6,40.5,2.57,65.2,13.4,33.7,10.9,37.1,15.4,68.2,2.4,78.7,60.3,46.8,28.3,11.0,97.33003497,0.059711678,0.324149109,0.818903011,63.45640569,6.586310805,93564.75
50.0,22,492.6,29969,6741,25.1,0.0,43.9,42.0,45.5,2.36,42.1,41.5,37.7,3.8,44.5,7.7,43.7,12.4,40.0,48.7,25.4,52.5,34.3,69.85536302,26.76500072,1.102677932,0.143204926,40.29543112,5.860805861,28429.05
166.0,64,417.1,47441,29460,12.4,0.0,44.5,42.8,45.6,2.47,56.5,15.8,31.8,7.8,42.2,10.2,56.1,7.0,62.5,46.7,41.0,41.4,23.2,97.29312716,0.603763459,0.412571697,0.09391876,57.15249094,6.553245117,46611.3
2780.0,1022,485.9,64632,556779,12.3,474.1558141,37.5,36.1,38.8,2.63,45.2,14.0,31.0,12.4,28.6,20.6,60.8,7.4,73.4,59.9,55.4,30.5,17.0,65.46940469,24.20098136,5.044183224,2.547835595,46.45074851,4.724925622,93564.75
133.0,56,482.1,48584,22324,12.9,44.79483963,39.8,38.6,40.9,2.41,53.3,7.0,30.8,7.0,37.6,16.6,61.8,8.0,74.7,58.3,48.4,34.2,16.7,95.46347562,1.384175746,1.134131095,0.437578139,51.51280062,3.880659295,49534.0
176.0,76,541.3,34991,27158,23.9,0.0,40.1,38.9,41.2,2.54,51.9,14.4,33.3,5.0,41.4,7.9,45.5,11.1,54.3,42.0,38.1,41.7,26.0,97.95798873,0.819732123,0.135402181,0.073190368,52.61752646,4.045610747,35815.95
367.0,156,475.2,49895,57079,12.2,140.156625,42.7,41.7,43.7,2.4,52.7,16.9,36.4,7.9,35.0,10.7,57.6,8.1,67.4,49.2,44.1,40.3,21.7,92.41373316,1.787049109,0.596262495,2.644067797,50.23356548,5.75990637,49534.0
336.0,137,420.3,58921,76559,9.8,0.0,38.4,37.9,39.0,2.74,57.5,20.6,39.3,5.9,35.3,16.2,59.2,6.0,67.0,53.0,47.1,31.3,16.7,76.02764256,3.556127389,1.258770941,1.09827433,58.88459857,4.655824075,58020.05
1403.0,577,400.2,51222,359715,16.8,102.859208,34.9,33.8,36.1,2.72,46.1,16.4,33.6,8.0,28.2,12.9,59.7,6.6,56.2,45.2,39.4,33.7,21.6,86.79003579,4.050161904,1.817871954,5.004828722,44.7998424,5.753453598,52796.0
399.0,130,348.4,48653,139097,21.3,50.32459363,30.8,30.7,31.0,0.027,41.2,9.7,26.3,7.1,21.3,19.5,58.9,8.8,61.1,47.2,38.6,29.8,17.8,62.81592673,1.563265814,1.658363874,3.577150131,44.86582724,5.030073987,49534.0
2737.0,1032,449.7,57369,536624,10.5,59.63207013,38.4,37.1,39.6,2.64,54.8,18.9,35.9,7.8,38.2,16.4,62.4,6.1,70.6,56.2,50.1,29.5,15.0,88.55258989,4.031375892,2.0436954,3.185494214,56.86991246,6.226276831,58020.05
1590.0,629,435.7,48651,368450,15.2,222.5539422,35.6,34.6,36.6,2.55,49.5,17.3,29.9,9.6,29.4,17.5,61.4,8.0,66.9,48.7,50.4,29.1,17.6,79.4867562,11.57316077,3.16299494,2.071794702,47.38003074,6.597186511,49534.0
25.0,13,401.5,45771,3689,11.7,0.0,45.7,45.4,46.2,2.33,59.4,25.3,41.8,2.1,34.0,11.6,56.9,5.1,59.9,48.7,32.2,40.0,22.2,96.34408602,0.295698925,0.564516129,0.725806452,52.66836086,9.93485342,46611.3
883.0,372,473.5,46670,159494,15.4,514.1259232,40.5,39.0,42.0,2.48,48.0,16.8,30.4,4.6,34.8,13.7,50.7,10.3,67.9,50.2,45.9,38.8,19.9,87.54624153,8.525341295,0.664125339,0.480098148,48.6970012,5.040777373,46611.3
126.0,42,526.7,51550,25490,20.5,0.0,35.4,34.6,36.7,2.61,47.1,18.4,35.9,5.7,39.2,14.1,61.0,6.5,68.1,48.7,50.1,30.0,17.1,59.75110463,37.81263934,0.571567554,0.575621225,47.02037259,5.538105472,52796.0
44.0,17,524.5,33943,5678,23.0,0.0,43.5,41.3,45.7,2.5,46.0,18.8,48.6,0.6,35.5,8.4,41.8,16.2,54.6,48.7,33.5,51.6,29.5,65.20183955,32.0047692,0.221427355,0.323624595,42.41645244,6.129303107,28429.05
97.0,43,405.7,46521,18109,15.3,0.0,45.4,45.7,45.2,2.53,48.3,21.2,27.9,2.3,34.8,10.1,52.1,7.2,66.8,49.6,42.0,33.3,16.7,60.91797936,35.92069527,0.10320478,0.401955459,52.5142173,5.455508475,46611.3
254.0,110,429.3,68352,63344,7.2,0.0,38.8,37.0,40.0,2.61,61.4,18.3,35.0,9.1,26.7,25.5,66.2,3.7,82.0,70.1,63.7,20.4,8.9,94.44894317,1.239444068,2.26074598,0.180132538,60.77909614,6.821562655,93564.75
55.0,21,403.9,56193,12937,11.2,0.0,37.1,35.9,38.1,2.6,53.1,21.5,52.9,1.7,40.3,11.1,62.9,5.9,64.1,50.8,45.2,31.0,17.2,93.06243806,0.487916444,0.853853778,1.677212777,51.42398716,6.831648658,58020.05
26.0,12,501.1,75682,9687,11.5,103.2311345,33.9,36.0,28.7,3.28,46.7,16.1,52.0,3.5,36.8,10.4,73.4,9.3,64.1,55.6,54.1,20.2,12.4,32.9678287,0.662046136,5.327402503,1.851660288,38.0733945,10.6333527,93564.75
178.0,78,396.2,45283,29979,15.6,0.0,47.3,45.3,48.8,2.41,56.3,20.0,45.0,2.6,37.5,12.7,46.3,11.7,53.6,48.7,31.5,43.9,23.6,94.89640564,0.959819951,0.688422586,1.52578275,53.20119423,8.005224855,46611.3
2362.0,753,429.5,65359,631096,11.2,456.3489548,36.1,35.0,37.4,2.63,50.5,16.5,31.1,12.3,20.4,26.0,65.7,7.2,70.3,59.1,51.1,26.0,15.3,73.06965199,10.24050238,5.373247193,5.817264224,49.05771316,5.782071504,93564.75
741.0,308,478.4,45556,119980,13.8,300.0500083,44.0,43.2,44.6,2.28,49.6,10.5,36.1,7.8,35.6,15.3,54.5,7.7,67.6,50.1,44.8,39.2,18.9,96.0061761,0.790177687,0.771187,0.406235551,47.20175728,4.823685961,46611.3
1962.667684,9,453.5494221,48188,4055,9.2,0.0,42.3,41.5,42.9,2.43,57.5,12.9,34.9,8.6,40.9,11.8,65.8,3.5,72.9,55.9,49.0,36.0,18.6,94.97660675,0.664860872,0.270869244,0.911105639,54.60565924,10.14120668,49534.0
81.0,47,476.9,30661,14036,32.2,0.0,39.3,37.4,42.0,2.41,41.6,22.2,41.3,4.9,40.7,8.0,43.9,12.2,43.5,48.7,26.0,47.6,28.3,73.7964527,24.23282658,0.035191441,0.056306306,42.10221794,5.214497041,28429.05
98.0,39,510.4,33315,15068,28.1,0.0,40.2,38.2,41.7,2.53,41.3,18.7,45.2,0.5,42.9,9.9,43.6,13.3,54.5,39.8,34.6,46.7,26.8,39.96460409,58.24593603,0.275301521,0.83245936,40.56014847,8.967468175,28429.05
46.0,19,475.5,46501,6205,13.1,0.0,43.7,40.9,45.9,2.23,62.3,14.7,41.3,4.9,42.0,10.3,62.4,4.4,68.3,49.1,38.7,37.6,17.5,95.87960728,0.209238693,0.611620795,1.738290681,55.57580175,5.024311183,46611.3
336.0,152,411.2,44113,50955,17.6,98.12579727,47.9,45.7,49.7,2.38,50.7,19.6,40.1,1.4,27.8,18.4,49.4,8.0,58.3,37.6,29.1,42.5,19.2,92.43055694,1.635127321,0.853456699,2.608227482,48.39043119,5.271431566,43962.7
1296.0,500,489.2,42302,225411,21.9,70.98145166,36.8,35.2,39.1,2.55,42.4,8.5,25.0,7.9,22.6,17.5,48.9,12.1,58.5,42.9,35.9,42.3,24.0,83.30547618,1.432846282,4.309322262,3.278607502,42.75182259,5.545831589,41543.55
516.0,212,473.5,40230,80994,16.5,0.0,43.9,42.3,45.7,2.38,52.1,22.0,41.6,7.2,50.9,9.2,50.3,7.8,66.2,47.7,42.1,41.6,21.8,95.2239283,2.45380672,0.517561437,0.368808625,52.7799604,4.179907113,38888.25
113.0,42,505.5,43396,16029,14.6,0.0,42.4,40.8,44.7,2.43,52.5,17.6,33.9,3.5,33.3,15.6,56.9,5.4,67.6,48.3,42.1,40.4,19.9,97.35846717,0.434054691,0.372046878,0.024803125,49.8692911,4.929577465,43962.7
27.0,11,421.4,50818,6354,9.8,0.0,33.0,31.9,33.4,2.84,60.8,33.8,29.9,1.5,37.2,14.0,62.8,3.8,76.6,63.4,58.1,21.3,8.2,96.45565702,0.154774803,0.0,3.002631172,59.8932859,12.66766021,49534.0
87.0,38,522.1,28647,13484,33.0,0.0,40.7,39.4,42.9,2.41,48.7,19.9,39.5,1.1,34.3,5.1,38.1,12.4,37.7,48.7,25.3,58.1,40.6,97.65285851,0.485615481,0.434110809,0.014715621,44.95813615,6.230133503,28429.05
847.0,331,511.5,60490,134800,9.1,734.421365,40.5,39.1,41.7,2.45,56.5,12.7,34.3,10.2,33.1,17.5,60.2,5.5,76.8,60.3,55.5,30.8,14.8,96.02275658,1.22257677,0.893166393,0.378785087,55.32530209,5.692199578,58020.05
81.0,31,465.5,59525,15584,10.0,0.0,38.6,36.1,40.3,2.64,60.6,18.3,38.7,9.2,36.1,13.6,62.7,3.6,70.5,53.9,46.7,29.2,15.0,85.04117109,0.52934257,0.0,7.36505032,58.66573768,5.947846469,58020.05
1962.667684,14,453.5494221,59160,6951,9.6,0.0,42.1,41.9,43.0,2.59,61.2,10.8,40.7,3.1,38.9,16.1,60.9,6.2,80.9,63.5,55.2,25.7,9.3,96.39845648,0.22866943,0.242961269,0.171502072,60.19490255,4.111600587,58020.05
106.0,51,428.0,41872,18270,16.4,0.0,41.9,39.7,44.6,2.54,58.1,26.0,40.0,5.3,35.9,11.7,57.5,5.6,58.0,48.7,37.4,31.8,17.2,94.07496317,1.096622838,0.332805936,2.291450707,58.00421644,6.038978864,41543.55
149.0,68,395.8,45096,19796,14.9,0.0,56.3,55.8,56.8,2.21,59.0,16.6,42.0,4.6,27.2,19.4,44.1,5.8,59.0,35.0,28.1,47.8,21.4,95.24918491,2.23567769,0.274284531,0.708999638,55.48879131,5.130927105,43962.7
248.0,113,389.3,59904,62953,10.0,0.0,39.3,38.7,39.7,2.86,57.1,17.7,35.2,6.5,36.8,12.4,57.5,7.5,63.8,51.4,44.3,29.2,16.0,94.25893572,1.187074441,0.401678559,1.531603612,61.67647617,7.013024188,58020.05
276.0,119,482.9,37392,45771,20.6,21.84789496,43.0,41.6,44.2,2.6,60.4,17.9,53.3,5.1,42.0,8.0,44.1,12.5,58.9,41.7,36.3,42.4,23.7,95.05000773,2.170313293,0.282604376,0.097145254,59.51840865,6.564217382,35815.95
210.0,97,427.7,41316,37896,17.5,0.0,41.0,39.5,42.0,2.71,52.5,17.3,31.1,7.2,37.9,13.1,50.0,4.3,60.3,45.1,40.6,36.9,19.3,91.55763487,4.305764809,0.470488727,1.572701081,53.83226777,2.5472273,41543.55
140.0,58,398.2,58792,29563,11.2,0.0,40.6,40.2,41.2,2.59,59.6,17.1,49.5,4.7,30.3,14.4,59.6,6.2,67.3,52.2,45.6,28.4,14.2,84.75732189,8.838191511,0.0,3.454960881,58.69722776,4.630829016,58020.05
9.0,3,349.8,43132,1683,15.4,0.0,51.2,51.1,51.3,2.31,66.3,8.8,65.7,11.8,45.9,15.6,64.0,0.8,83.4,58.2,41.3,30.7,7.4,94.67592593,0.0,0.347222222,0.0,64.99321574,8.620689655,43962.7
162.0,82,393.5,46083,35042,14.9,0.0,40.7,40.0,41.6,2.58,56.8,20.5,44.3,1.1,39.5,9.1,54.3,7.1,60.2,45.0,38.4,37.1,20.1,85.77846047,1.767910967,0.086946441,0.417342917,56.3676215,5.677852349,46611.3
117.0,56,444.8,37632,17860,20.1,0.0,45.7,44.5,47.4,2.36,52.8,8.5,35.6,2.2,41.6,7.5,54.5,13.7,57.8,37.3,32.5,46.9,24.4,97.03912779,0.802479385,0.28225137,1.029387349,50.29617663,6.395035078,38888.25
478.0,203,467.5,47382,98325,17.6,20.34070684,36.6,35.6,37.6,2.68,49.4,17.8,37.7,6.0,39.1,10.2,56.8,7.0,63.4,50.4,44.6,33.4,19.4,79.5422369,13.35227856,0.81355028,1.597349037,51.08732299,4.817078346,46611.3
80.0,35,372.0,39625,14058,17.4,0.0,45.0,42.2,48.0,2.36,52.2,12.6,31.2,0.2,28.3,10.5,49.3,9.2,56.6,48.7,33.4,43.0,24.7,82.67255051,1.834103289,0.68261739,8.2534648,50.56642636,3.897032535,38888.25
1366.0,561,412.7,43242,173115,11.9,17.32952084,57.3,56.2,58.0,2.26,55.8,23.5,37.8,4.7,34.9,13.1,38.8,10.8,61.1,32.6,25.2,51.0,20.1,90.49902584,5.606123668,1.282399281,0.573038249,53.69071476,4.954881717,43962.7
321.0,139,437.2,48663,51198,13.9,39.06402594,46.5,44.8,48.6,2.47,51.1,13.7,48.5,6.4,44.3,11.7,48.6,7.8,69.9,50.9,44.5,39.6,19.0,93.91193215,3.50877193,0.538321521,0.592540955,54.49083187,3.971422568,49534.0
49.0,23,552.9,37061,7131,19.4,0.0,501.6,39.9,43.3,2.47,54.6,21.9,41.9,0.0,40.7,6.0,51.0,7.7,55.3,40.2,34.8,42.4,25.4,96.91872792,1.469964664,0.0,0.098939929,53.15155807,4.939063502,35815.95
57.0,25,467.6,36350,9993,23.3,0.0,39.9,36.8,43.5,2.48,46.4,26.3,37.5,1.0,42.8,6.4,49.7,10.2,49.8,38.0,35.0,38.6,23.2,81.29129129,17.56756757,0.14014014,0.0,46.0656592,2.079107505,35815.95
143.0,60,496.0,35704,22846,21.9,0.0,43.6,42.4,45.0,2.52,57.9,7.7,54.0,3.3,45.3,7.6,48.2,9.5,59.8,48.7,39.4,41.8,23.8,97.29943702,0.831280788,0.233110486,0.488212526,57.94235925,3.497356649,35815.95
128.0,55,480.4,30619,20464,26.2,0.0,42.0,41.2,44.1,2.57,48.7,16.6,40.3,2.3,37.0,4.4,39.9,12.6,50.2,34.4,29.8,51.9,30.3,94.66957153,2.231905108,0.029048656,1.534737352,48.37691045,6.951992754,28429.05
142.0,32,432.7,92560,39633,6.8,25.231499,38.2,37.8,38.4,2.75,63.2,15.3,34.7,14.8,15.5,30.6,70.8,3.2,81.2,72.8,60.0,13.5,6.8,94.90148231,0.532177254,1.954777913,1.209729758,63.7754003,4.14207772,93564.75
110.0,47,448.2,32293,20882,25.9,0.0,40.2,37.4,42.9,2.35,44.9,23.3,41.1,1.6,42.1,8.9,45.9,9.8,56.1,43.0,39.0,39.7,22.4,66.53918791,28.47497639,0.571293673,1.869688385,44.56845238,5.125899281,28429.05
41.0,19,358.2,39992,7582,22.4,0.0,47.7,46.8,49.5,2.39,48.2,46.0,24.7,2.3,31.2,11.5,38.0,12.2,50.6,33.3,27.0,52.0,28.4,76.05854679,0.261369577,0.130684788,1.071615264,47.82468579,4.978354978,38888.25
242.0,113,442.2,43091,48323,20.3,0.0,38.2,36.6,39.1,2.7,51.5,21.8,36.6,1.6,30.5,10.8,54.4,10.9,51.7,40.8,36.0,37.2,23.5,76.77584272,13.63523006,0.679579367,3.285672721,51.01562053,7.936654936,43962.7
1962.667684,7,453.5494221,55291,3987,8.4,0.0,54.7,54.0,55.6,2.2,53.5,16.9,43.5,13.7,29.5,14.1,50.4,10.3,68.5,48.0,40.6,34.1,13.2,94.24790023,0.432680071,1.450750827,0.203614151,52.23542728,1.17820324,58020.05
678.0,278,461.9,49261,125467,15.3,255.0471439,40.2,38.5,41.4,2.55,52.3,21.1,29.1,4.3,32.0,13.0,54.5,7.8,62.2,46.6,41.1,33.4,17.0,86.86268122,5.965955367,1.087310637,1.936797524,50.44795086,6.10521758,49534.0
1962.667684,11,453.5494221,44101,2970,13.5,0.0,52.1,50.7,52.8,2.1,63.5,6.3,24.6,25.1,39.4,11.3,58.3,2.5,74.8,46.6,31.9,41.5,15.8,97.13627386,0.065832785,0.592495063,0.493745885,54.78018144,6.681034483,43962.7
4646.0,1562,425.2,73985,998714,9.8,708.9116604,36.9,35.0,39.0,3.06,50.2,7.0,36.7,9.1,26.4,21.6,57.5,5.6,79.2,58.9,47.3,30.0,13.8,21.73163798,2.63173938,42.61942454,0.915383193,52.71316077,6.457474103,93564.75
61.0,25,515.1,42007,6867,17.0,0.0,52.4,51.5,53.4,2.14,52.3,22.4,35.1,3.4,31.0,16.5,51.2,4.1,67.4,44.2,36.6,42.9,17.6,87.05473501,1.12945265,0.79640892,1.419055893,46.80919987,6.16375345,41543.55
145.0,45,461.6,53542,27103,14.8,0.0,41.9,39.9,43.9,2.68,51.1,25.7,31.8,9.7,35.4,12.2,49.8,10.5,66.2,51.4,46.6,31.9,17.7,73.3605796,24.15381757,0.832249675,0.546163849,55.31781651,4.581280788,52796.0
43.0,14,560.4,40257,4732,14.2,0.0,49.9,48.3,51.3,2.2,48.7,11.1,47.1,9.2,48.7,11.7,54.2,4.5,71.1,48.0,44.0,44.4,18.2,97.98726638,0.616142945,0.123228589,0.123228589,45.52995392,3.510758777,38888.25
1962.667684,497,453.5494221,70868,344151,7.6,418.4209838,37.9,37.2,38.7,2.7,54.4,15.9,32.3,9.6,28.4,20.0,68.4,6.2,79.3,48.7,60.6,25.7,12.9,85.6646515,4.901347251,4.089277491,1.694099727,56.43371868,6.191392604,93564.75
120.0,48,497.4,47477,21567,16.1,0.0,38.8,36.7,40.2,2.69,46.7,26.1,27.7,4.3,44.8,10.0,53.0,11.0,64.7,52.1,47.8,32.3,19.0,48.66974596,50.31408776,0.055427252,0.23556582,47.51381215,4.363776791,46611.3
174.0,78,456.2,36675,30142,26.1,33.17629885,41.0,39.7,42.0,2.56,52.2,14.7,40.5,3.3,40.5,8.4,46.9,7.5,57.8,48.7,38.3,44.2,24.7,94.43153934,2.604285948,0.634712907,0.464583674,52.41587576,4.807405196,35815.95
431.0,173,484.6,44283,61298,19.6,81.56872981,47.5,45.2,49.1,2.55,50.1,15.1,41.4,4.0,31.3,15.4,45.7,11.2,56.3,48.7,29.0,43.9,21.4,64.0163772,32.67021066,0.4094301,1.756587202,49.90664517,5.073731567,43962.7
46.0,17,378.7,41539,7915,12.6,0.0,52.1,51.6,52.5,2.23,55.3,13.7,29.5,12.5,35.9,18.8,57.9,4.8,66.8,48.1,32.7,34.8,13.7,95.69975538,0.772499034,0.051499936,1.390498262,53.30958741,3.238866397,41543.55
734.0,247,418.3,64916,164637,13.1,103.2574695,40.0,38.7,40.9,2.96,50.2,12.0,45.5,6.9,31.2,17.6,63.5,6.9,72.3,58.5,52.5,31.0,18.4,34.89180234,0.619160404,27.45876926,0.870927435,50.79961843,6.34729556,93564.75
498.0,206,499.5,46689,75749,15.6,0.0,43.2,41.3,44.6,2.43,48.8,13.6,40.9,6.0,33.8,13.3,54.5,7.7,64.3,48.7,43.7,39.1,21.8,91.94750099,3.765080207,1.325732467,0.389765345,47.01097609,3.957446809,46611.3
66.0,27,463.0,39983,12063,19.7,0.0,41.5,39.1,42.5,2.56,52.6,14.8,29.2,2.6,41.6,6.8,57.3,6.1,68.7,53.0,46.1,33.9,16.6,89.47942905,5.91099916,0.193115029,1.964735516,53.83759733,5.399151562,38888.25
279.0,107,399.4,44410,44237,17.5,22.60551122,49.8,49.9,49.7,2.6,57.0,17.7,39.4,2.6,36.0,13.6,47.5,9.1,59.6,40.0,29.7,41.9,19.7,96.46914199,0.507660437,0.703439798,0.705716302,60.04896107,5.73630137,43962.7
138.0,54,372.9,60622,21981,8.9,0.0,52.4,51.3,53.3,2.31,61.4,17.1,21.1,5.0,22.4,22.3,51.9,7.1,75.8,48.7,40.7,38.4,13.9,92.63733235,0.574131913,0.688958295,0.725702737,59.85488412,5.887253541,58020.05
1962.667684,15,453.5494221,50639,7904,11.3,0.0,35.3,34.2,37.2,2.39,55.6,12.2,20.1,3.8,28.9,18.6,68.9,2.7,81.0,65.9,48.3,24.7,11.3,94.47318612,1.867507886,0.088328076,1.388012618,53.81222432,5.794871795,49534.0
158.0,70,432.3,46835,24033,13.9,0.0,47.9,46.8,49.2,2.39,56.0,29.6,39.1,4.2,42.3,9.8,51.6,7.2,67.0,46.7,41.4,41.8,19.3,94.42868303,1.837917849,0.365938901,1.397968834,56.31128083,4.379909545,46611.3
113.0,41,494.0,48292,15960,12.7,0.0,43.6,42.1,44.9,2.28,55.4,21.7,26.3,8.6,35.5,14.1,62.6,3.5,69.0,48.7,42.2,39.3,19.9,94.7165109,2.024922118,0.753894081,0.361370717,50.3260397,6.749226006,49534.0
187.0,80,521.2,40766,28487,20.6,0.0,43.1,41.6,44.6,2.43,53.9,17.6,41.8,6.6,37.2,9.2,51.7,6.7,61.7,47.5,42.5,38.5,20.9,93.53847241,1.519112556,0.374478909,0.162509715,52.13882863,2.19816273,41543.55
2251.0,879,474.6,46895,325875,13.8,30.68661297,46.4,45.1,47.6,2.57,54.9,21.4,33.3,6.3,33.5,14.3,47.6,9.7,62.7,43.1,36.6,41.4,20.3,83.35592685,9.76168933,1.777106591,2.179926005,55.18108863,5.546022599,46611.3
267.0,80,438.9,79173,80133,6.2,0.0,34.7,34.2,35.0,2.69,61.2,18.0,28.0,19.9,21.1,32.5,72.6,2.6,85.2,74.0,65.8,19.3,8.7,91.9911339,1.125620894,3.406238317,1.236447151,60.71467401,6.526994359,93564.75
167.0,75,460.6,42374,28491,17.5,35.09880313,42.6,42.1,43.1,2.48,54.7,14.5,41.2,4.2,43.7,10.1,52.7,9.5,62.2,46.0,42.5,39.7,21.6,97.42339351,0.819672131,0.335477623,0.103755966,53.90357425,5.314639713,41543.55
465.0,195,476.8,43385,89844,20.5,11.13040381,38.0,36.7,39.3,2.77,50.4,15.3,34.6,9.3,34.6,11.0,51.6,11.4,58.9,46.0,40.9,33.1,19.0,78.69895062,8.447281152,1.178848862,8.875437242,52.6920083,4.433836917,43962.7
62.0,24,472.6,44309,9833,18.4,0.0,41.1,37.7,45.5,2.25,50.8,29.9,25.0,3.3,39.4,12.2,43.0,3.0,65.1,44.7,36.3,41.1,19.9,78.80733945,5.616717635,0.265035678,3.628950051,49.58100559,2.110199297,43962.7
1072.0,420,509.6,52448,186221,16.7,1610.989094,36.8,35.5,38.3,2.39,46.3,12.5,25.0,11.4,28.6,18.2,58.2,8.7,68.1,48.7,48.5,36.5,21.7,73.95730899,17.53067681,3.685493181,1.397558681,43.42926195,6.690267073,52796.0
590.0,219,470.7,60179,102295,10.8,332.3720612,42.8,41.8,43.9,2.55,55.7,11.4,35.8,6.3,42.0,12.6,60.7,5.7,78.9,61.2,52.9,28.6,11.4,92.29612743,1.548635609,0.727151238,3.349808877,58.10750661,4.47016211,58020.05
37.0,13,521.9,36836,4201,18.3,0.0,47.5,44.9,49.6,2.12,57.3,11.6,33.5,10.3,38.6,13.6,59.7,2.1,66.0,45.5,30.2,43.2,20.0,88.57075248,0.118315192,1.13582584,0.14197823,47.15736041,10.70422535,35815.95
102.0,52,414.7,31330,17830,26.4,0.0,44.5,43.0,47.5,2.29,53.3,15.8,46.9,2.4,40.9,6.1,39.9,9.0,56.6,37.4,31.4,48.7,26.1,93.40067714,3.946272964,0.127657213,0.782594217,55.01498074,5.253623188,28429.05
1962.667684,10,453.5494221,49536,3401,12.2,0.0,48.4,47.1,49.5,2.19,62.9,10.3,13.3,17.2,34.8,13.3,57.4,2.9,75.8,48.7,38.4,41.7,16.6,92.44677749,0.495771362,0.0,0.262467192,57.34908136,4.967948718,49534.0
8.0,3,201.3,68387,5702,9.9,0.0,36.8,38.8,32.9,3.59,40.6,11.3,52.1,7.0,37.0,10.3,80.1,2.1,69.1,60.4,58.3,11.2,6.2,31.56228008,4.732582688,37.15693174,5.295566502,42.88224956,4.391052196,93564.75
248.0,118,418.2,39900,44610,21.7,0.0,40.7,39.4,42.2,2.36,52.6,23.5,41.4,4.2,36.4,10.8,51.3,6.2,57.0,38.8,33.5,39.0,20.0,72.06467828,3.349569627,0.464847312,1.630301817,49.17343949,5.344522968,38888.25
83.0,29,438.1,52894,11574,9.6,777.6049767,46.6,44.5,48.5,2.14,55.2,21.4,41.2,4.0,35.6,14.4,62.6,3.7,78.5,55.2,44.7,33.6,11.8,97.30869822,0.455580866,0.109676875,0.194043702,48.48143982,3.505447655,52796.0
36.0,16,424.8,39292,6184,20.3,0.0,41.9,41.7,42.3,2.52,50.2,28.1,26.2,11.5,33.0,17.4,56.2,6.0,61.2,40.5,30.0,37.6,17.8,82.22687722,0.338382211,0.386722527,0.628424106,48.91114983,4.988123515,38888.25
54.0,21,340.3,47423,19254,19.0,0.0,28.9,28.3,29.9,3.24,56.9,36.5,36.9,1.6,25.9,9.1,58.7,9.6,45.0,35.8,30.5,40.0,30.5,67.56983387,0.204391803,0.906661076,28.13793826,58.13512582,9.861143799,46611.3
103.0,46,410.4,46526,19691,16.7,0.0,41.4,40.5,42.7,2.44,52.7,22.5,32.7,10.3,33.9,8.7,50.6,4.9,61.5,48.7,40.7,33.4,15.2,79.79679363,16.20545287,0.275707138,1.322373124,52.28193357,2.553975777,46611.3
116.0,48,457.9,35185,21747,22.3,0.0,37.7,37.1,38.3,2.61,48.9,17.9,30.0,5.8,30.1,10.6,49.7,10.6,58.2,44.1,38.3,38.4,21.6,63.23685547,30.35590638,0.25388912,0.189262798,48.2711272,4.476744186,35815.95
38.0,13,374.8,25807,7193,36.3,0.0,39.2,35.0,44.0,2.54,40.7,36.4,34.4,3.3,35.3,7.1,43.9,10.4,41.8,29.3,20.9,47.8,30.8,34.76418319,61.88653452,2.077922078,0.15037594,39.83536149,10.85271318,28429.05
304.0,132,446.1,31615,54150,25.9,0.0,39.9,37.6,41.8,2.57,39.4,26.3,32.6,5.0,35.7,7.1,49.0,15.4,50.6,35.1,31.4,45.9,27.6,38.84044863,56.47250362,0.085021708,2.243125904,38.55702464,5.053375317,28429.05
464.0,202,453.4,38653,81287,18.8,12.30209013,42.8,41.6,43.7,2.56,49.5,21.1,38.7,4.8,31.6,9.7,50.9,12.2,55.5,41.7,34.6,40.5,24.6,89.51295286,4.95364368,0.594437242,3.062697228,48.54907179,6.057735176,38888.25
2947.0,1007,490.7,75176,687263,8.1,97.48815228,36.6,35.7,37.5,3.02,54.7,13.0,33.8,10.9,27.0,21.2,64.0,7.8,77.6,67.1,61.8,23.2,13.3,74.80624858,11.08706935,5.003252948,6.280455266,60.70604543,5.115003933,93564.75
43.0,15,416.6,67972,13889,8.3,0.0,32.4,31.4,33.3,2.98,52.4,11.1,37.5,1.7,27.3,18.2,66.7,6.3,58.4,48.7,32.9,23.6,14.6,54.02562084,0.472339512,21.27674801,2.798253775,55.42932052,6.768558952,93564.75
70.0,29,437.9,49507,10676,12.4,655.6762833,45.9,44.4,46.7,2.34,59.6,7.0,30.7,10.4,39.3,13.7,61.7,5.4,74.4,54.2,44.5,35.9,15.6,97.71880819,0.754189944,0.148975791,0.456238361,54.80726628,4.965920156,49534.0
95.0,40,435.4,34987,16393,21.7,0.0,43.0,41.8,43.8,2.62,56.9,23.6,42.6,6.0,41.9,9.8,45.5,13.2,50.8,37.5,32.1,39.6,23.1,95.53248008,0.078483458,0.078483458,0.688239556,57.53358925,9.043326548,35815.95
12.0,7,294.6,46364,2156,13.1,0.0,53.1,53.4,52.8,2.12,59.5,51.3,48.7,0.0,21.1,18.7,56.1,7.1,56.3,48.7,30.9,40.3,17.8,90.86021505,0.313620072,1.075268817,6.272401434,55.22971652,0.0,46611.3
295.0,113,496.8,44651,40396,14.1,0.0,46.2,44.9,47.2,2.35,54.4,18.6,41.8,9.3,47.2,11.7,54.5,6.6,73.5,51.8,47.0,36.9,14.8,97.85410869,0.493139983,0.488257409,0.087886334,52.2468299,5.312538077,43962.7
539.0,202,428.0,64636,130269,9.7,38.382117,35.4,33.9,37.0,2.55,53.9,11.3,24.9,6.7,22.1,20.4,66.0,3.9,73.4,60.0,53.2,25.0,12.1,90.65876859,2.749601678,1.50967803,1.930084712,53.33401681,5.145852764,93564.75
985.0,393,480.5,42567,246393,23.4,523.5538347,30.0,28.4,32.4,2.53,34.1,6.9,33.5,5.6,26.9,15.6,50.8,10.9,63.0,49.7,35.0,30.4,18.7,47.828496,42.14591855,3.392109252,2.179652233,34.30754208,6.373340936,41543.55
55.0,28,391.8,39706,10539,16.1,94.88566278,41.4,39.6,43.4,2.56,53.7,21.2,38.6,2.6,42.1,10.0,50.7,8.4,58.2,43.0,38.4,37.7,21.4,68.97205116,1.970630033,0.293699668,0.86215064,53.36134454,3.337783712,38888.25
1962.667684,16,453.5494221,45856,5428,11.4,0.0,44.7,44.2,45.5,2.29,60.5,33.2,13.9,7.6,35.3,15.5,63.1,4.3,75.8,55.3,44.5,33.4,15.5,96.85511725,0.381748773,0.18178513,0.163606617,55.04469987,9.342230696,46611.3
150.0,65,433.4,45195,31682,19.0,0.0,35.4,33.9,36.9,2.55,48.5,8.1,29.9,5.7,49.2,7.2,54.7,9.6,66.8,51.7,47.1,34.1,19.1,96.15263423,0.94844971,0.79405092,0.305646584,52.43500867,8.008741483,43962.7
119.0,46,493.6,54957,17337,12.9,0.0,43.0,41.7,43.6,2.51,58.5,16.5,40.1,10.0,41.0,11.2,60.1,5.6,75.2,57.4,48.1,32.3,14.1,88.68356313,0.509182448,0.26317295,1.287258997,56.56848306,6.724330357,58020.05
48.0,22,364.5,51244,8446,10.7,0.0,52.8,51.2,53.6,2.12,63.6,34.0,28.3,8.2,30.9,19.2,53.6,5.2,72.2,48.7,39.4,37.9,14.0,93.41196092,0.274005242,0.34548487,0.452704313,59.13806864,4.363636364,52796.0
22.0,7,460.0,44046,5297,14.1,0.0,33.8,34.2,33.6,3.21,59.5,16.0,52.3,0.7,38.3,8.2,58.6,6.0,51.1,33.4,25.9,34.2,21.4,88.6121673,0.0,0.228136882,7.680608365,64.90147783,6.751054852,43962.7
66.0,33,444.5,37911,10097,19.2,0.0,41.0,38.5,44.0,2.45,54.6,11.6,27.0,6.5,39.3,10.3,52.9,4.5,63.1,46.5,39.1,36.8,17.3,95.84633385,0.819032761,0.28276131,0.08775351,50.80108455,7.829010567,38888.25
203.0,75,443.6,51550,48863,12.5,900.4768434,32.5,31.9,33.4,2.49,50.8,5.3,17.5,10.1,25.6,23.1,72.3,3.5,81.3,48.7,56.9,22.7,9.7,93.25868468,1.173943868,1.282372076,2.33329163,51.21512642,4.894004637,52796.0
56.0,24,436.4,41409,9719,19.0,0.0,44.3,41.5,45.4,2.45,45.8,7.8,42.1,9.0,36.5,10.0,56.7,10.1,57.4,40.9,33.5,40.2,21.5,63.01856172,33.14737803,0.0,0.0,44.61615155,7.259953162,41543.55
1962.667684,24,453.5494221,53131,8347,10.9,0.0,42.2,41.1,44.1,2.45,62.3,7.7,26.5,15.2,33.7,16.0,63.2,1.9,80.2,57.4,43.3,33.8,12.2,96.71060444,0.605628785,0.546253414,0.201876262,59.69795677,6.744328633,52796.0
554.0,196,500.8,49781,117635,15.1,0.0,31.8,30.5,33.6,2.54,53.5,8.1,44.2,5.7,33.5,11.8,48.6,10.6,69.7,52.3,34.5,36.4,19.8,86.39309945,5.525990567,1.450225731,1.668810479,52.37213921,7.816390603,49534.0
40.0,18,438.4,61773,10747,10.7,0.0,31.7,30.7,32.6,2.86,56.3,29.6,37.3,1.3,29.3,10.5,66.9,5.2,61.0,51.6,45.9,22.9,14.6,85.90490509,0.441646307,0.375869198,7.028753994,55.46536797,9.821782178,93564.75
196.0,78,498.7,48881,27980,10.9,0.0,46.1,45.5,46.9,2.22,57.2,13.1,41.6,5.0,40.5,10.9,59.6,6.1,74.7,54.9,49.4,36.1,15.5,96.95962667,0.51969172,0.431308775,0.289896062,53.43425397,3.410283316,49534.0
6894.0,2471,441.1,58127,1982498,15.2,153.8463091,34.0,33.0,34.8,2.81,49.4,16.2,31.6,8.7,23.8,20.6,63.9,6.9,62.7,48.7,47.5,25.1,16.4,70.64187167,15.42068376,4.963003898,5.383734669,49.65468721,5.979489664,58020.05
114.0,41,403.8,47363,22702,13.8,0.0,40.8,39.8,42.7,2.33,51.1,19.9,33.7,5.7,35.3,19.3,61.7,3.6,75.2,56.5,46.8,31.6,13.0,92.29545856,2.102845026,0.609648348,0.879130588,50.94954489,6.329660834,46611.3
156.0,67,425.0,49565,28562,10.1,0.0,41.5,40.3,42.6,2.49,56.3,16.7,41.5,7.1,48.7,9.4,58.2,7.5,71.4,53.4,49.0,36.5,18.0,96.57754759,0.899356103,0.279955207,0.804871221,55.08586526,4.894094994,49534.0
419.0,189,426.3,39922,82005,17.2,512.1638924,40.5,39.4,41.9,2.55,57.6,20.6,30.6,4.1,34.7,9.1,49.7,7.3,62.6,47.9,42.1,35.3,19.0,95.69320077,1.19063793,0.557030816,0.737355648,54.8502573,3.913308575,38888.25
148.0,54,435.9,44163,26168,16.3,0.0,43.4,42.3,45.0,2.44,52.4,36.0,32.4,2.6,29.0,15.4,54.2,9.5,49.9,37.4,31.6,40.9,25.4,83.01945525,0.369649805,0.249027237,1.53307393,49.39041951,4.020100503,43962.7
18.0,8,385.4,39679,2388,16.1,0.0,53.6,53.7,53.6,2.05,62.6,26.1,41.3,12.0,38.2,13.7,59.8,3.4,77.1,52.9,29.7,35.5,11.6,97.45977985,0.33869602,0.0,0.423370025,55.1056338,7.277628032,38888.25
65.0,29,442.3,47391,11661,13.9,0.0,38.8,37.2,39.8,2.46,60.5,34.1,31.7,7.8,40.0,15.0,57.0,3.5,67.3,55.4,46.7,30.9,18.2,90.52279166,0.051506567,0.163104129,2.000171689,57.19827586,5.586592179,46611.3
1962.667684,7,453.5494221,74347,5903,11.0,0.0,37.2,36.4,37.6,2.79,54.3,24.3,51.6,3.3,37.5,4.7,59.8,12.0,69.1,57.3,53.7,24.4,11.3,88.44601413,0.134544231,0.807265388,2.371342079,56.90633869,11.63179916,93564.75
43.0,14,476.5,42498,6128,16.6,163.1853786,42.4,40.7,44.0,0.0237,57.1,16.9,43.9,8.5,46.4,8.8,54.5,5.8,62.2,46.4,38.6,36.8,18.3,97.92846739,1.618384852,0.048551546,0.0,53.18127251,6.469648562,41543.55
766.0,280,521.8,45211,116048,16.0,146.4911071,496.8,39.2,43.1,2.42,49.0,11.9,35.3,8.1,41.1,13.0,56.9,7.7,71.9,55.2,49.8,34.4,17.2,91.8443972,4.834727747,0.667775339,0.648916472,49.22668061,5.48894218,46611.3
48.0,23,372.4,31829,10886,29.1,0.0,37.1,36.0,37.4,2.75,44.9,37.6,28.4,5.5,34.9,10.2,49.4,8.1,44.0,30.3,25.1,41.3,25.7,66.76638564,24.35862569,3.118484272,4.732118575,44.56382707,3.962338172,28429.05
47.0,17,400.3,41304,7185,16.8,0.0,51.1,52.0,50.6,2.26,53.9,16.9,39.0,11.6,32.3,10.8,47.1,9.0,60.7,37.7,30.0,47.7,22.2,95.4095657,0.329851567,0.412314458,0.109950522,51.47665926,8.146487294,41543.55
150.0,50,472.1,51749,28494,14.5,0.0,39.4,37.8,40.7,2.76,52.5,18.9,40.7,1.8,37.3,12.2,54.1,9.5,65.1,52.6,47.7,31.8,18.6,72.58333913,25.70812165,0.741178927,0.114830538,56.32384273,3.929500144,52796.0
2820.0,1031,404.1,47192,676685,18.7,294.0807022,36.5,35.2,37.9,2.52,43.7,18.9,25.7,7.2,23.8,17.9,57.5,8.4,58.5,46.0,39.2,37.7,24.1,71.84702564,2.966719737,2.320819416,14.06276198,41.35260379,5.264795797,46611.3
178.0,78,469.4,41326,28946,16.9,0.0,42.9,41.5,44.0,2.49,52.4,12.5,36.2,6.4,42.3,9.7,50.6,9.9,64.4,46.8,40.8,37.9,20.1,86.09969256,10.03488894,0.659780994,0.939583405,51.85447464,4.447587616,41543.55
50.0,19,370.9,56047,9125,9.1,0.0,43.6,43.3,44.0,2.41,61.3,20.8,33.2,6.7,38.9,14.3,64.2,3.3,74.1,57.0,44.6,31.5,15.7,96.00132188,0.033046927,0.29742234,2.159065874,57.39389024,7.272727273,58020.05
94.0,37,390.1,50124,23433,14.4,0.0,32.8,31.9,34.3,2.8,53.4,13.7,23.5,2.1,26.2,11.2,60.1,6.4,57.5,48.7,41.7,29.6,17.8,84.59823343,3.520281279,0.360174942,7.718034474,54.61738163,6.633380884,49534.0
1760.0,668,462.1,52752,389262,16.8,452.1376348,36.5,35.3,38.0,2.44,42.5,10.6,23.3,13.8,21.6,25.9,60.1,7.7,68.4,54.4,45.0,28.8,15.0,67.18136571,28.70685217,1.37783451,0.765880763,41.13486198,4.774692859,52796.0
24.0,13,322.4,35424,5830,32.3,0.0,41.1,38.7,50.3,2.19,42.6,31.3,51.8,1.2,44.5,4.8,24.0,8.3,46.7,48.7,22.2,54.0,33.2,83.83375742,9.245122986,0.74639525,1.543681086,53.14984709,12.47920133,35815.95
79.0,33,434.2,62230,15753,8.8,0.0,40.5,39.4,41.5,2.48,60.7,20.2,18.5,17.2,38.9,16.4,64.4,5.7,80.4,63.7,55.5,28.1,12.1,97.43032473,0.581692662,1.003579647,0.204551266,58.52208835,4.930617065,93564.75
83.0,47,423.9,42953,16264,16.4,0.0,40.7,39.9,41.5,2.47,57.0,10.9,29.7,1.9,35.5,10.2,56.9,6.1,62.3,50.1,42.4,32.8,18.0,95.67041654,1.197932502,1.045910611,0.291882031,62.0,3.774056486,43962.7
506.0,215,461.3,31382,89208,30.8,44.83902789,38.7,36.5,40.7,2.63,38.1,18.1,30.7,5.7,34.8,11.7,46.7,12.8,52.0,48.7,30.6,43.0,26.0,34.31962462,61.89345846,1.024565277,0.939552857,38.66507034,6.172501823,28429.05
113.0,46,500.3,36645,14402,19.9,0.0,47.7,47.2,48.4,2.69,49.1,22.8,38.7,2.4,41.9,8.1,41.6,9.9,52.2,34.9,30.5,43.1,23.0,87.36549809,10.26032628,0.201318986,0.721971538,47.17370892,2.844950213,35815.95
187.0,76,449.5,48128,32701,13.4,336.3811504,41.0,39.6,42.6,2.44,56.0,18.5,39.0,9.2,42.4,13.0,57.4,6.9,72.7,48.7,46.5,32.2,14.5,94.29760603,2.008141937,0.230890752,0.218738607,53.844404,6.850471234,49534.0
1691.0,648,473.8,42830,309199,17.6,171.4106449,43.0,41.8,44.5,2.43,50.1,15.7,31.8,7.6,32.4,15.4,53.8,8.7,58.8,40.9,33.7,38.3,19.4,80.58301517,13.71272315,1.139545283,2.268083789,48.42257744,4.420790925,43962.7
93.0,39,516.6,34788,14434,19.3,0.0,40.7,40.1,41.3,2.58,49.5,13.9,34.8,4.4,31.2,10.7,49.4,7.7,51.9,37.3,30.7,39.4,22.6,64.63319918,1.525100614,0.529548824,0.473063616,49.22848113,5.56091289,35815.95
113.0,45,500.9,41406,18763,18.5,0.0,41.9,40.2,42.7,2.57,48.8,29.6,37.4,6.7,42.5,9.1,49.1,8.1,59.2,46.7,42.5,36.7,21.5,94.62676963,2.118189618,0.101887602,1.313813814,48.24438202,3.484486874,41543.55
76.0,42,403.3,40796,13557,16.3,0.0,43.5,42.1,44.7,2.55,52.2,18.1,48.8,3.8,38.7,10.8,47.5,5.4,56.1,31.6,24.5,33.4,16.9,94.28022465,1.699674845,0.679869938,1.160212829,50.46463114,6.774774775,41543.55
190.0,51,591.1,38541,52538,28.3,57.10152651,23.5,24.5,22.8,2.69,28.7,2.9,15.7,6.8,26.5,20.6,54.6,6.5,72.8,63.8,54.9,18.2,10.4,84.75714175,7.122285358,4.10212501,1.181209621,34.66999817,2.564793362,38888.25
119.0,41,390.1,80835,32756,7.9,0.0,37.0,36.6,37.4,2.62,48.7,15.7,42.9,7.9,21.1,24.5,68.4,5.2,75.3,58.8,54.4,21.6,8.7,68.99572715,1.269558268,6.811963973,1.186560512,49.38088162,5.601633278,93564.75
26.0,10,516.2,54593,3356,8.0,0.0,46.9,45.3,47.3,2.22,60.2,14.6,43.9,10.5,31.4,15.6,64.8,1.3,84.0,61.9,49.9,28.5,7.4,97.59358289,0.118835413,0.683303624,0.059417706,55.79514825,6.307692308,58020.05
168.0,78,390.6,38474,29724,17.0,0.0,46.1,44.5,48.6,2.37,56.5,7.5,41.7,3.6,34.5,10.5,52.8,6.7,62.9,45.1,37.1,38.8,19.4,97.75254555,0.92778671,0.190916399,0.080385852,53.30729997,5.65626049,38888.25
72.0,35,409.1,52185,14816,14.7,0.0,39.0,38.9,39.1,2.79,56.4,19.5,46.2,7.4,33.9,13.6,55.8,5.2,66.8,53.8,47.4,29.7,16.2,88.08504763,7.241474527,0.207096507,2.229739058,57.89782736,5.209698558,52796.0
223.0,105,479.3,37151,32147,20.5,0.0,44.9,43.7,46.0,2.36,55.2,14.8,54.4,6.4,45.1,8.5,48.3,9.7,59.8,40.9,32.6,44.2,24.0,89.49456134,8.624376336,0.210728563,0.083671635,51.26568184,4.382650748,35815.95
4118.0,1757,461.5,44015,938069,23.0,393.3612559,34.9,33.2,36.6,2.65,38.7,15.9,33.9,9.1,27.1,18.9,58.7,10.3,61.3,49.9,44.6,33.4,21.2,40.1648627,52.71852839,2.49757398,2.735377233,37.74393475,6.405574323,43962.7
119.0,59,434.5,48996,19262,14.8,0.0,43.6,43.0,44.6,2.39,57.3,20.7,40.2,3.7,34.1,11.5,52.5,6.6,57.5,41.0,35.8,34.2,14.8,95.51288633,0.143751925,0.23102988,1.381045282,52.666999,8.863294942,49534.0
51.0,20,341.5,36128,11396,23.9,0.0,41.3,39.9,41.6,0.0255,41.2,21.9,41.6,2.5,43.6,6.2,40.8,7.4,54.2,40.1,35.3,41.5,25.7,62.88179465,33.57204487,0.146678171,1.078515962,47.32708386,3.860242322,35815.95
421.0,157,505.0,47882,68619,15.3,72.8661158,41.5,39.9,43.0,2.49,54.9,14.0,33.4,3.5,36.6,10.3,54.5,10.3,70.7,48.7,48.5,35.2,16.3,96.79799748,0.458669136,0.432624832,0.285040441,54.85789339,5.135520685,46611.3
78.0,42,395.3,30990,11424,29.2,0.0,51.5,51.6,51.3,2.53,46.6,36.9,26.4,2.4,41.5,5.6,54.5,13.2,51.0,29.4,25.8,57.9,30.8,87.45842815,7.894276212,0.096271661,0.376334675,47.01030928,4.422110553,28429.05
72.0,41,344.3,35961,11348,17.3,0.0,53.3,52.6,54.3,2.07,51.2,21.4,35.6,6.8,45.0,13.6,43.8,9.0,64.1,39.3,32.8,49.2,19.7,96.56730686,0.504041019,0.36499522,0.278091596,44.82566766,4.683342203,35815.95
103.0,48,436.6,32121,16203,27.1,0.0,46.9,44.3,49.5,2.41,45.8,39.8,33.7,3.4,41.0,6.1,36.6,7.2,43.8,29.5,24.6,50.4,28.7,88.10515195,8.799950283,0.745758499,0.118078429,47.2318625,5.828779599,28429.05
1962.667684,43,453.5494221,48609,37118,18.8,377.1754944,30.4,29.3,31.4,2.9,52.6,26.7,33.9,3.8,23.1,12.4,70.1,4.6,64.5,53.3,48.6,28.8,17.7,75.70624512,2.326771335,4.044919613,14.13028842,52.00793651,8.186469585,49534.0
204.0,89,466.3,49832,36630,10.7,54.6000546,39.8,38.8,40.9,2.44,55.1,12.0,34.0,7.8,43.4,11.2,54.5,7.4,71.7,57.2,51.4,29.6,15.3,96.95629764,0.743292733,0.794834929,0.417763069,55.26933702,7.373761208,49534.0
88.0,32,490.6,53732,11982,10.7,0.0,45.9,44.6,46.6,2.38,54.6,15.5,39.6,5.1,40.3,12.4,56.6,6.5,75.8,48.7,48.0,37.0,16.5,96.71403927,0.599687834,0.361455681,1.232235275,53.57500501,5.503465145,52796.0
145.0,61,452.7,32063,20426,25.8,48.9572114,47.1,44.2,49.7,2.35,38.6,22.1,33.9,2.3,35.9,7.2,41.3,15.9,50.3,34.1,28.6,48.4,27.2,39.95526153,56.8130979,0.10946647,0.304602351,37.33487833,2.454590083,28429.05
74.0,28,459.1,34948,14502,28.5,0.0,42.9,42.6,43.3,2.75,50.7,25.4,46.9,0.5,42.8,6.1,41.7,9.6,54.2,36.1,30.8,46.1,25.7,92.46675435,4.186760193,0.175361683,0.116907789,58.16056462,9.152139461,35815.95
1962.667684,35,453.5494221,48908,15837,13.8,0.0,43.9,42.9,44.5,2.55,54.9,14.6,40.1,4.5,39.7,8.0,56.3,9.8,64.6,45.7,39.9,44.5,24.9,96.78810223,0.431169156,0.331187902,0.137474224,54.8215151,4.499229584,49534.0
86.0,37,497.9,37597,12308,20.0,0.0,42.8,41.8,43.9,2.53,53.3,20.2,39.6,10.1,49.5,10.0,52.4,4.5,66.8,49.9,42.3,35.0,15.5,95.97613096,0.556406741,0.24997984,0.709620192,52.85832643,5.692675159,38888.25
110.0,47,524.4,33789,16942,24.1,0.0,41.8,41.3,42.3,2.51,55.3,9.4,33.8,3.8,43.2,4.6,44.3,11.0,55.3,36.7,33.1,46.0,28.9,97.81607839,0.194782198,0.035414945,0.20658718,53.10376076,4.281183932,28429.05
92.0,48,396.3,40404,17702,17.5,0.0,40.4,39.2,41.6,2.58,55.1,20.6,40.6,1.4,40.4,8.0,46.7,11.0,55.8,48.7,36.7,42.9,26.4,94.81137356,0.912347476,0.291055636,0.106347252,54.21580189,7.574180115,41543.55
173.0,70,411.6,48127,43269,18.6,23.11123437,33.0,32.2,33.7,2.34,44.5,6.1,22.4,7.5,26.0,22.7,55.9,7.8,70.2,53.8,43.6,31.1,15.3,89.22850915,0.969102455,2.246232585,3.741351531,45.37250044,4.333095578,49534.0
845.0,282,464.9,59377,183245,10.0,120.0578461,37.8,36.6,38.9,2.51,55.0,12.8,32.5,8.7,34.2,19.7,68.1,3.9,78.5,66.6,60.9,25.5,13.5,90.51931497,1.114559663,3.206229563,1.802915258,53.90397844,4.723966632,58020.05
397.0,138,425.1,70874,96096,6.9,301.7815518,38.3,37.4,39.2,2.46,54.7,10.4,28.3,12.0,22.4,25.0,67.3,5.6,81.8,48.7,59.1,21.2,9.3,86.91885988,6.398697989,2.579394822,0.922971497,52.04494621,5.366242744,93564.75
123.0,46,445.7,51558,20466,11.6,0.0,43.2,42.4,44.3,2.34,57.0,18.5,23.8,8.0,39.6,12.4,59.2,5.0,77.7,48.7,47.5,33.8,14.6,95.61284047,1.916342412,0.408560311,0.364785992,55.70921552,5.726980992,52796.0
195.0,83,475.7,39721,25164,18.5,0.0,48.9,47.9,49.9,2.3,57.2,24.9,36.2,3.5,40.2,7.6,41.2,11.0,61.6,48.7,32.1,49.8,21.6,97.57656562,0.360770166,0.411748559,0.082349712,53.97810219,6.390328152,38888.25
233.0,91,483.9,52776,37435,10.5,988.3798584,45.4,45.4,45.4,2.4,59.9,15.0,44.5,6.2,43.7,10.4,62.3,5.5,73.1,58.7,53.1,32.8,17.3,96.33098516,0.245490447,0.442950155,0.6991141,58.53674286,5.631220534,52796.0
82.0,33,511.8,49385,11542,14.8,0.0,42.7,41.9,44.0,2.37,56.3,10.2,27.5,7.0,32.2,11.4,58.6,8.7,71.5,54.2,45.4,36.6,18.4,96.67868177,0.935461723,0.90971507,0.154479918,54.07513858,5.041322314,49534.0
177.0,64,483.4,47991,26238,12.6,0.0,46.7,45.7,47.5,2.39,56.1,11.2,40.9,5.8,31.8,16.9,55.1,7.8,71.3,50.6,43.3,37.9,16.7,95.16721512,0.325246805,0.482130558,0.436213362,53.80767093,4.386136675,46611.3
120.0,51,450.6,46317,22842,17.8,131.3370108,39.3,37.9,40.7,2.64,49.1,23.9,38.6,3.9,39.5,7.5,54.5,10.3,58.7,43.4,39.2,39.4,22.2,68.01405213,29.86077981,0.225528039,0.4857527,49.20323326,5.233611011,46611.3
79.0,33,564.2,34126,12228,22.7,0.0,40.4,39.5,40.7,2.76,51.0,22.4,33.2,2.3,39.2,9.1,43.8,14.0,51.7,39.6,36.7,46.2,29.7,96.10118551,1.636333278,0.016697278,1.01018534,52.0828485,4.990825688,28429.05
127.0,60,432.2,37256,23320,19.6,0.0,39.3,37.3,42.3,2.77,48.9,27.5,43.6,1.2,35.7,9.9,50.3,8.2,50.8,48.7,30.2,39.8,22.7,78.59640147,17.61320031,0.579858446,1.722520679,51.02671945,4.700402287,35815.95
189.0,91,455.6,40683,30639,20.8,0.0,42.1,41.2,42.9,2.42,52.1,15.7,48.7,2.5,41.3,10.3,50.3,11.2,61.0,43.7,37.7,40.5,21.6,86.26361271,10.54964824,0.273057278,1.053679848,50.49348599,4.063986165,41543.55
48.0,14,507.4,50874,7058,15.6,0.0,52.0,52.9,50.8,2.29,56.9,19.4,33.2,5.5,27.8,17.5,48.1,10.5,67.9,48.7,36.3,37.8,13.9,95.20697168,0.537400145,0.348583878,0.087145969,54.17508418,3.703703704,49534.0
52.0,21,454.7,32750,6492,22.0,0.0,53.5,52.4,54.9,2.08,48.1,23.5,34.0,0.0,27.0,14.9,39.9,15.0,54.3,34.5,25.0,49.0,22.0,86.2503845,0.676714857,0.184558597,3.614272532,42.32804233,3.911735206,28429.05
116.0,51,468.1,36409,18433,20.4,0.0,41.4,40.5,41.7,2.39,49.8,20.3,39.8,6.4,42.5,8.3,54.3,8.3,52.0,37.9,30.1,47.3,29.8,72.38268112,25.68469382,0.448454434,0.224227217,46.13199018,7.128810226,35815.95
124.0,45,473.3,57491,23312,11.8,0.0,41.5,41.2,42.1,2.74,57.1,22.5,20.1,3.3,29.0,19.6,53.3,8.5,67.7,54.2,47.5,30.3,15.4,94.98081418,0.555727076,0.50721122,1.658360164,59.5762815,6.774789571,58020.05
2820.0,1011,525.9,52892,468463,16.1,347.9463693,38.8,37.1,40.4,2.43,44.6,10.9,22.0,13.4,26.2,19.0,58.5,7.2,73.1,55.7,51.8,34.4,17.7,80.38026581,11.063967,3.556450511,1.059354607,43.36469148,4.874120242,52796.0
266.0,105,478.8,43880,56574,17.8,0.0,37.0,35.5,38.6,2.83,53.8,27.2,36.2,2.8,35.7,8.1,54.4,8.3,56.1,45.5,41.0,33.9,21.4,90.25568538,4.525040706,1.082502818,2.52822559,55.57090946,6.428197261,43962.7
1302.0,450,485.5,79403,250290,8.0,79.90730752,40.1,38.6,41.3,2.69,54.7,9.1,35.9,12.4,28.1,20.2,64.2,6.4,81.9,64.7,56.0,26.9,11.9,80.04426307,13.33836749,2.795160785,1.182490782,56.59293338,6.156408818,93564.75
66.0,26,403.7,51754,10897,10.9,0.0,45.4,44.1,47.6,2.15,58.7,30.1,23.5,6.4,36.0,12.9,61.7,3.3,74.4,55.2,44.0,32.9,12.8,90.41344843,0.245343026,0.517946388,5.815538392,52.52586732,5.591612581,52796.0
161.0,66,438.8,42089,27100,16.2,0.0,44.8,43.7,45.8,2.35,51.6,15.4,47.6,5.6,38.7,14.4,54.5,5.6,54.6,39.1,33.3,52.2,32.5,96.57039711,0.512045974,0.467840566,0.187872983,49.33928571,4.689807976,41543.55
183.0,58,379.6,62529,58095,10.2,51.6395559,35.9,35.8,36.1,2.72,57.8,29.1,33.1,8.1,26.1,19.6,66.5,6.9,58.2,48.7,39.5,23.3,14.0,88.09306889,0.872520849,0.737613007,7.099306188,58.66550286,4.502177282,93564.75
24.0,9,410.4,36992,3840,18.7,0.0,42.3,40.5,44.2,2.42,51.3,37.8,22.3,4.3,33.1,13.9,51.5,5.9,58.0,39.2,34.2,39.5,20.2,85.19539078,8.892785571,0.225450902,3.75751503,47.42962056,11.03752759,35815.95
913.0,346,501.4,54959,172126,12.2,360.2012479,37.6,36.6,38.6,2.46,50.7,12.4,30.6,10.0,28.3,20.4,62.3,5.4,75.2,60.1,54.9,29.9,14.8,86.18892432,7.714978176,2.28949257,0.987681918,48.58438317,5.083188478,58020.05
21.0,6,488.4,43115,3180,27.3,0.0,42.6,40.7,44.1,2.55,47.7,12.9,54.7,0.0,42.2,4.3,47.1,7.1,50.4,41.0,33.8,35.9,24.0,50.5164034,47.66099635,0.577156744,0.820170109,47.79240899,5.354752343,43962.7
279.0,107,483.7,37881,44989,17.6,0.0,43.1,40.9,45.0,2.52,50.0,16.7,28.2,4.9,36.9,9.4,47.5,11.1,57.9,48.7,36.7,42.3,23.0,90.53846667,3.863348235,0.780676586,2.680100532,50.04906771,5.517241379,38888.25
34.0,17,499.3,47160,9846,26.1,0.0,27.8,28.4,27.3,3.26,35.9,24.1,52.1,1.0,41.3,10.3,53.4,16.5,35.8,28.2,27.4,42.4,33.7,17.45484067,0.730667749,1.207631419,0.142074285,38.32478632,11.35038134,46611.3
3257.0,1254,473.3,47278,633473,18.3,336.2416393,37.1,35.4,38.7,2.53,40.8,12.3,27.7,11.7,28.8,16.2,58.8,9.5,63.9,51.4,45.9,35.7,21.3,73.46790196,9.604272443,4.081788031,8.934601616,39.9972302,4.931882987,46611.3
1356.0,561,482.5,55796,208261,10.7,96.03334278,44.2,42.7,45.4,2.42,52.5,10.3,33.9,10.0,39.3,18.1,58.0,6.5,77.7,59.5,53.3,32.5,13.3,93.95656642,2.947278438,0.853399672,0.226196536,52.24566809,4.918324654,58020.05
121.0,47,414.2,47041,19836,13.8,0.0,44.9,43.7,45.6,2.48,60.0,21.8,33.3,3.5,41.6,11.9,57.6,4.0,66.4,50.6,42.0,32.4,16.0,78.05002813,6.972223643,0.383651338,12.84464679,57.84962992,5.642384106,46611.3
76.0,26,442.0,35910,13793,21.8,0.0,40.7,39.3,42.7,2.37,52.4,25.1,41.5,1.6,40.8,9.6,42.3,8.7,47.3,33.6,28.7,43.4,25.4,74.20537897,4.091758953,0.510570977,0.640011506,52.11106885,5.756929638,35815.95
1962.667684,16,453.5494221,48645,6282,11.2,0.0,44.4,40.8,48.0,2.25,59.8,16.5,40.7,4.2,34.0,18.0,60.5,2.6,79.5,59.8,47.3,27.6,11.3,97.87166455,0.381194409,0.698856417,0.142947903,55.30331224,2.550091075,49534.0
1962.667684,26,453.5494221,45781,9776,17.3,306.8739771,42.5,41.4,43.5,2.38,56.5,21.4,28.3,13.5,39.8,12.1,60.3,4.5,66.7,48.9,41.0,37.9,18.8,86.00202429,1.751012146,0.566801619,0.16194332,50.87762067,7.974481659,46611.3
1962.667684,56,453.5494221,63924,32553,9.5,0.0,40.4,39.5,41.4,2.55,59.3,14.5,36.6,5.3,32.5,16.5,63.4,5.6,81.1,61.6,56.0,24.5,9.5,95.58247675,1.336882036,0.379344102,0.217205091,56.81528662,6.683134349,93564.75
100.0,41,400.0,33043,18343,26.0,0.0,39.7,39.2,40.4,2.42,50.6,20.3,28.2,6.1,28.9,10.7,49.7,10.7,46.5,34.1,29.7,50.6,32.3,90.6525953,0.333835882,0.942278699,3.553736808,49.69144084,4.346733668,28429.05
970.0,365,450.4,53799,298612,14.7,26.79061793,32.9,31.9,33.8,2.76,51.0,8.1,32.0,9.2,29.6,21.4,65.0,6.8,72.9,61.9,54.4,23.5,13.7,79.74433568,13.4846651,2.994075553,0.86424734,53.0572913,4.947730667,52796.0
312.0,120,494.2,38947,56194,22.3,88.9774709,38.8,38.3,39.3,2.68,47.2,22.7,28.7,7.5,36.9,10.3,47.8,10.6,56.4,42.4,36.9,40.5,24.5,75.64577627,20.13855325,0.554929023,1.607504072,46.51854017,6.428359096,38888.25
10.0,5,403.0,53420,1845,10.7,0.0,41.0,41.2,40.8,2.19,55.8,12.5,33.1,43.4,24.0,17.6,67.7,1.0,75.2,57.7,40.3,27.3,7.6,97.47530187,0.0,0.0,0.054884742,49.06600249,6.534090909,52796.0
1962.667684,5,453.5494221,47709,2474,12.8,0.0,38.0,35.8,39.1,2.59,61.8,25.1,38.7,8.4,34.8,11.1,67.4,2.3,58.9,48.7,35.7,31.1,17.6,87.97370456,2.088167053,0.0,7.73395205,57.01402806,6.605504587,46611.3
250.0,93,484.0,46598,39155,15.0,0.0,45.0,44.3,46.0,2.26,53.7,11.6,41.3,5.4,34.0,19.1,57.2,7.5,62.1,45.9,38.2,41.0,21.5,96.89809113,0.500307882,0.631157635,0.264265189,50.29606821,4.975063861,46611.3
39.0,10,509.4,59300,6817,12.2,0.0,42.6,40.1,43.8,2.57,64.9,34.0,33.8,9.7,38.5,11.5,57.8,6.3,75.2,56.3,51.3,30.3,13.5,94.52728899,3.086787951,0.32806442,1.908738443,65.56748466,7.70252324,58020.05
16.0,8,411.7,66505,4264,8.9,0.0,34.4,35.2,34.0,2.77,68.0,24.3,20.1,18.5,25.8,19.9,54.5,3.7,64.3,48.7,40.8,23.0,9.4,87.02308627,1.044957473,0.315917375,8.675577157,65.89358799,5.503512881,93564.75
1163.0,422,425.9,52011,306468,14.0,486.1845282,32.9,32.1,33.8,2.42,47.4,6.3,17.2,13.4,22.6,23.9,68.1,5.1,76.9,62.7,54.3,24.1,11.7,87.33964037,4.000268384,4.01335212,1.225845411,46.00270254,6.17570233,52796.0
125.0,50,472.8,48846,17457,11.8,0.0,48.4,47.2,49.4,2.37,53.7,17.9,38.9,2.6,34.2,13.6,52.3,8.4,68.1,44.2,37.1,42.1,16.9,96.01422263,0.332626025,0.269541779,0.229397259,52.33217993,4.021937843,49534.0
376.0,170,453.7,38484,68348,21.7,73.15503014,40.4,38.2,42.8,2.66,45.0,24.3,42.9,1.5,36.1,9.0,46.1,14.8,53.8,39.4,33.2,43.2,25.5,77.20113264,17.92319264,0.800814087,0.95566764,45.64703897,4.905335628,38888.25
131.0,56,494.2,46001,20872,15.4,0.0,43.9,42.9,44.8,2.46,56.5,28.8,40.5,2.8,43.7,6.0,54.2,8.0,62.3,46.5,40.8,35.8,19.5,97.27255568,0.608720272,0.18403171,0.18403171,54.50719046,5.925432756,46611.3
192.0,76,436.9,59089,37035,9.5,0.0,42.8,42.3,43.7,2.38,50.3,6.0,30.5,9.2,32.0,20.5,63.2,5.8,68.2,52.9,46.0,39.5,22.8,94.8840105,0.960939826,1.883983434,0.297756002,53.44587054,4.669664476,58020.05
160.0,57,427.3,60205,34937,7.5,28.62294988,33.3,32.6,34.1,2.73,60.4,8.9,21.3,9.1,31.9,17.9,72.2,1.8,80.2,48.7,51.1,24.6,11.2,92.53817845,0.434669217,0.736039874,4.929148918,66.62133447,5.625717566,58020.05
73.0,27,365.9,63575,18722,9.0,0.0,38.1,37.6,39.1,2.68,61.4,14.0,55.2,5.1,31.5,15.7,63.0,6.4,77.6,48.7,51.4,24.9,10.6,96.53854553,0.147412099,0.414937759,0.540511029,61.14462263,6.394269037,93564.75
52.0,22,444.2,43049,7589,12.0,0.0,45.5,44.1,47.3,2.52,54.5,16.1,44.5,2.2,49.2,9.6,54.2,3.8,71.7,53.6,44.5,37.0,17.1,96.31372549,2.274509804,0.117647059,0.013071895,55.44621649,2.963473467,43962.7
1348.0,490,368.1,32215,422156,34.5,9.475170316,31.2,29.2,33.0,3.42,48.9,22.9,33.7,2.9,24.0,11.8,49.5,10.0,34.8,28.6,24.6,38.8,28.9,92.09301658,0.570885782,0.65175728,5.414083604,52.47363684,6.202803162,28429.05
1962.667684,152,453.5494221,46533,63718,15.8,125.5532189,39.5,37.6,42.3,2.44,53.3,20.2,32.7,2.4,28.6,13.8,58.2,5.7,69.7,52.8,46.3,32.5,15.0,91.3968591,2.980111774,0.565112866,1.676605576,52.29310276,5.263956311,46611.3
32.0,14,364.5,59416,9529,10.3,0.0,33.0,32.5,34.0,2.78,49.6,26.6,30.8,1.4,37.5,8.2,49.7,10.0,69.6,54.5,52.0,29.5,14.7,89.36052311,1.540507592,0.443311537,3.479995567,48.6797142,7.95730228,58020.05
145.0,64,375.6,50589,48656,16.1,0.0,29.1,28.3,30.0,2.94,44.8,9.6,25.2,1.1,31.4,13.7,55.6,8.3,55.9,45.5,39.4,28.8,19.3,68.98379392,25.36480031,0.7721334,1.98050036,54.39477649,4.760740197,49534.0
62.0,22,488.8,26580,10696,35.1,0.0,39.3,37.9,40.6,2.73,28.9,8.2,65.5,0.0,33.3,6.5,44.7,18.0,48.1,35.9,32.4,44.3,28.9,26.64356621,70.70612474,0.206031092,0.0,31.79473256,4.138851802,28429.05
1962.667684,7,453.5494221,45353,1843,11.4,0.0,45.7,43.8,49.2,2.48,60.2,32.2,36.5,5.2,28.4,17.2,63.2,5.4,74.6,52.7,43.9,32.2,9.2,97.96019901,0.0,0.547263682,0.995024876,57.78061224,4.664723032,46611.3
6.0,3,373.3,43859,1130,11.7,0.0,51.2,53.0,49.6,2.15,56.5,18.7,28.0,0.0,37.4,16.4,54.7,3.0,68.1,45.2,36.2,38.5,14.3,100.0,0.0,0.0,0.0,51.78571429,17.87709497,43962.7
540.0,183,436.7,60304,141354,14.1,240.5308658,33.3,32.7,33.9,2.47,45.2,5.8,23.9,15.0,15.6,25.4,61.6,6.4,79.3,67.6,54.4,20.2,10.1,74.98196821,11.67522576,7.298548801,2.585037939,47.73130301,4.202796852,58020.05
187.0,79,414.6,38989,38033,19.9,0.0,39.0,38.5,40.0,2.46,45.0,12.4,30.4,6.3,37.8,11.8,46.3,11.7,65.2,46.0,40.3,40.2,20.2,71.56481625,6.69413777,0.904473125,0.251386513,48.96763592,5.803003309,38888.25
49.0,18,430.4,48879,7301,13.2,0.0,45.6,44.0,46.8,2.23,57.3,26.4,28.8,4.9,32.9,19.0,65.0,3.0,75.5,55.9,41.0,34.9,16.0,96.3188486,0.19374481,0.05535566,0.359811791,55.33650578,7.142857143,49534.0
31.0,16,397.1,31623,5460,28.9,0.0,44.3,40.2,46.0,2.58,39.3,19.5,40.9,6.8,42.3,8.1,44.0,16.4,52.9,39.4,34.3,42.1,25.8,37.56518612,58.82035605,1.276748786,0.557453695,37.69411765,7.881355932,28429.05
451.0,170,474.3,48908,74877,16.3,0.0,42.2,41.5,42.9,2.54,45.5,20.3,29.3,8.4,34.0,12.3,52.2,11.5,62.2,48.7,42.2,41.4,23.7,81.23411503,8.594261758,1.635005895,4.521158129,45.25418955,5.516819572,49534.0
87.0,39,467.2,56444,17615,14.1,0.0,36.0,35.7,37.1,2.65,53.3,18.6,36.2,4.8,30.7,10.1,55.3,3.3,64.9,48.7,42.5,31.4,17.4,86.9474417,4.548091426,0.295857988,5.737324516,57.2702332,5.812641084,58020.05
3395.0,1270,525.2,62867,563894,11.0,150.73755,38.9,36.9,40.6,2.65,45.9,11.0,30.7,12.1,31.8,21.1,59.8,8.2,76.0,48.7,54.6,29.0,14.6,70.94553333,20.76687384,5.064066386,1.000564375,47.82182055,5.543922993,93564.75
389.0,157,456.6,65485,83199,7.7,0.0,40.1,39.1,41.0,2.72,57.4,14.6,35.0,7.7,30.5,18.4,63.9,5.2,75.7,61.5,55.1,24.2,11.3,91.18760757,4.445537251,1.405212687,0.858126383,60.09506026,5.175688509,93564.75
68.0,31,388.4,37014,17290,20.4,0.0,34.9,33.8,35.7,2.81,53.3,29.3,29.9,2.9,34.9,4.6,56.5,9.3,51.1,38.6,35.1,39.7,25.8,66.33657633,4.870280287,0.532777392,24.35719249,51.95061728,5.671792286,35815.95
104.0,43,564.5,43799,15620,18.3,256.0819462,41.3,39.5,42.9,2.57,54.1,26.4,47.6,1.4,44.6,6.9,58.2,6.6,65.2,50.3,46.0,37.7,20.6,93.31607894,3.487544484,0.0,1.65642187,53.00400534,5.429997065,43962.7
178.0,84,428.2,60714,39083,11.3,0.0,40.4,39.0,41.5,2.62,51.2,7.9,38.7,8.5,36.6,13.9,60.8,7.2,75.2,59.9,53.3,25.6,11.7,90.77466802,4.007172371,1.042072711,0.522335698,52.57588415,5.544668588,58020.05
9.0,6,275.6,49309,3072,13.4,0.0,38.3,39.8,37.2,3.07,60.7,19.3,31.3,3.4,27.9,16.1,63.5,3.7,61.1,49.7,39.1,24.6,14.2,91.19373777,0.195694716,0.0,4.174820613,63.18458418,9.116409537,49534.0
1342.0,558,330.9,49876,406584,17.6,19.67613089,37.6,36.9,38.5,2.87,49.9,28.3,36.3,2.2,30.1,11.7,44.3,10.6,61.6,48.7,40.7,39.5,22.8,79.37255626,4.606282647,1.718440524,5.529386411,54.21202361,5.719536436,49534.0
232.0,98,486.0,44224,39441,17.4,0.0,38.1,37.5,38.6,2.52,48.4,10.6,29.2,8.8,45.6,11.3,55.0,6.1,69.3,51.8,47.2,36.7,17.4,96.21345989,1.499469884,0.527591256,0.138839804,51.3855096,4.785376874,43962.7
189.0,83,460.8,40555,25467,15.2,0.0,47.1,46.1,48.8,2.5,57.0,15.9,47.6,3.8,39.2,10.6,45.5,10.2,58.6,38.7,28.9,44.1,21.6,97.20353156,0.51728832,0.280035782,0.260588853,55.42975288,4.101603165,41543.55
374.0,187,387.1,42851,104354,22.3,402.4761868,33.5,32.2,35.1,2.52,48.5,7.8,26.9,10.7,32.8,16.1,57.6,7.5,58.2,45.5,38.0,37.8,23.7,81.33203167,13.66742597,1.233618318,1.059077597,46.27621114,5.052358022,43962.7
257.0,114,441.8,42967,44581,15.5,0.0,40.1,39.3,40.8,0.0248,55.2,23.0,34.7,4.7,38.9,12.8,53.8,6.6,62.5,45.8,40.0,37.1,19.4,84.04454761,2.073383029,0.517787796,3.106726778,52.61361092,2.876060418,43962.7
183.0,94,359.6,54666,42537,10.5,822.8130804,39.8,37.9,40.8,2.59,59.8,15.7,36.2,8.9,40.8,11.5,62.7,6.7,78.8,48.7,57.1,28.9,14.3,94.22148994,0.567259033,0.329528069,3.318818407,60.4843182,6.632331301,58020.05
12.0,6,313.0,55918,3651,14.3,0.0,31.9,33.5,30.7,2.75,60.6,20.8,44.5,2.8,39.4,6.7,54.3,4.3,57.0,45.7,44.0,27.4,15.8,57.88546256,4.552129222,0.0,35.00734214,58.66885785,10.47120419,58020.05
855.0,316,433.5,74341,187316,6.1,0.0,42.1,41.2,42.9,2.66,58.9,12.6,31.2,10.0,25.6,22.2,62.6,5.9,83.2,67.5,60.8,24.4,9.2,96.37956347,0.472937467,0.909036735,0.336961174,61.49898521,4.426612689,93564.75
1588.0,586,470.8,48554,330700,17.7,33.26277593,35.8,34.6,37.3,2.75,49.1,17.0,35.5,4.9,27.2,14.5,55.1,10.7,61.0,46.5,41.2,38.0,22.9,81.69177038,1.021471947,1.834133002,8.432866525,50.02280782,6.037989127,49534.0
117.0,41,363.9,39995,19420,20.1,1287.332647,50.4,48.4,51.1,2.33,52.2,24.2,26.0,9.0,26.6,19.5,48.3,7.3,54.5,33.4,26.7,51.7,27.8,85.7006673,0.622146405,0.18062315,8.499322663,47.57636514,8.532518066,38888.25
18.0,8,411.7,52758,2320,11.0,0.0,52.5,52.8,52.2,2.11,58.5,32.3,10.8,0.0,40.7,16.7,60.0,0.5,77.2,48.7,37.3,34.5,12.3,93.23797139,0.0,1.473775466,0.0,51.89393939,5.80474934,52796.0
45.0,15,435.0,49369,7531,15.3,0.0,45.8,44.8,46.6,2.54,57.6,14.1,51.1,6.8,39.5,9.1,48.6,9.3,70.4,49.3,43.7,37.6,15.4,72.19973009,5.614035088,0.067476383,20.91767881,57.37591114,5.702647658,49534.0
75.0,40,376.2,38975,16059,20.8,0.0,40.1,40.1,40.1,2.65,53.6,24.9,39.1,5.4,42.2,8.2,50.8,4.8,56.8,42.6,36.0,41.7,24.5,74.87236267,24.76471674,0.06766316,0.012302393,51.32292523,5.357614146,38888.25
137.0,60,395.7,46046,37666,20.0,0.0,32.0,32.5,31.7,3.02,45.7,20.8,30.0,1.6,32.9,8.1,42.4,14.1,55.7,42.9,38.7,41.9,28.4,77.04440345,2.090517818,0.644264442,3.980538402,52.38616662,9.188988095,46611.3
208.0,59,489.9,64193,62952,8.1,0.0,30.7,30.5,30.8,3.25,59.4,16.7,43.7,2.3,32.1,16.8,62.8,7.1,80.7,70.3,65.6,17.9,8.0,91.74946217,0.605980983,0.86709474,3.289376447,64.90258172,6.916426513,93564.75
41.0,22,409.5,30678,8957,34.6,0.0,40.7,36.1,46.0,2.53,37.6,31.3,28.8,3.9,36.8,7.5,43.9,10.3,44.9,48.7,27.5,45.3,28.9,62.64290518,33.53508182,0.224164985,1.37861466,34.62088698,3.774792067,28429.05
8.0,5,373.8,42310,1423,13.5,0.0,41.2,41.4,40.9,2.45,55.5,19.4,11.6,12.4,34.3,13.3,62.9,2.0,64.5,47.3,38.4,35.1,18.9,93.77990431,0.820232399,0.0683527,0.0,54.88850772,3.095975232,41543.55
166.0,96,413.3,35580,31981,22.1,0.0,38.5,37.1,40.0,2.58,50.9,18.7,38.7,2.0,36.4,9.0,51.5,9.4,52.4,37.0,32.3,42.9,25.0,69.07589216,0.956833411,0.729312763,1.390057659,50.00414559,5.394016013,35815.95
1962.667684,20,453.5494221,55292,9796,14.2,0.0,32.7,31.4,33.9,2.55,51.3,5.3,22.9,5.2,27.2,20.1,63.6,3.1,84.2,66.5,52.3,27.8,10.3,93.11227101,0.777811892,1.862654795,0.900624296,53.92584515,6.221294363,58020.05
1459.0,565,444.7,62446,325155,11.0,153.772816,37.9,36.0,39.7,2.54,46.9,13.9,32.3,15.3,22.8,25.2,65.4,6.7,76.0,62.9,55.6,24.4,12.0,58.59394601,29.55648803,7.371481258,1.53733253,44.87314289,5.200247219,93564.75
257.0,108,428.2,46972,52250,15.0,0.0,36.1,33.2,39.7,2.44,48.6,8.4,23.8,4.7,38.7,13.1,62.2,4.6,74.8,58.4,50.5,30.4,13.9,96.73716716,1.303190973,0.736079551,0.273844899,51.66349565,5.174434328,46611.3
71.0,28,468.9,43111,12388,19.9,0.0,43.5,42.6,44.5,2.72,48.8,25.8,21.6,7.5,35.6,8.4,48.0,11.0,57.5,45.6,40.4,38.3,23.4,73.80173858,22.93643831,0.901188293,0.047850706,51.98325253,2.190865206,43962.7
501.0,190,468.2,45380,128140,20.5,0.0,33.6,32.8,34.5,2.84,51.1,14.9,32.8,5.3,30.8,13.0,49.6,11.3,64.5,49.9,31.5,32.2,18.5,67.93838481,20.96122909,1.175997426,5.111808237,53.1496063,5.917065391,46611.3
995.0,378,458.3,66625,235429,9.8,46.72321592,36.5,35.0,38.2,2.75,52.5,12.2,36.1,9.7,26.5,18.8,58.6,7.5,77.9,61.8,47.6,24.9,12.4,62.28203694,29.74054753,3.279690895,1.329135607,54.73147035,5.746827092,93564.75
40.0,12,283.5,48940,16067,14.9,248.9574905,34.3,34.1,34.8,2.34,43.0,10.2,20.2,13.1,17.0,40.4,54.5,7.8,69.1,48.7,35.3,22.2,13.4,95.66161907,0.715609226,0.626158073,0.421698294,42.22999841,6.455696203,49534.0
3846.0,1386,490.2,42768,650092,18.1,66.14448417,40.3,39.1,41.6,2.77,48.3,21.9,35.1,4.5,36.2,12.8,49.2,10.6,55.7,42.0,35.9,40.2,24.1,78.76957152,15.07748821,1.672155947,1.825345154,50.30287152,5.501541209,43962.7
3500.0,1126,451.4,66950,1024198,11.5,102.5192394,35.3,34.3,36.1,2.61,51.6,13.0,21.6,15.8,16.8,31.2,66.0,6.4,75.9,65.8,56.4,20.9,11.3,67.64519953,20.74262899,6.06658272,2.799638122,51.32490011,4.983090176,93564.75
1034.0,410,491.8,61923,164801,9.3,42.47547042,43.5,41.4,45.2,2.38,49.7,11.1,29.7,15.0,28.6,19.4,63.2,8.2,78.3,48.7,57.8,29.9,12.6,92.54476897,1.399144025,2.407279429,1.439760424,47.69150052,5.275186191,93564.75
452.0,156,489.4,56008,75909,11.8,13.17366847,42.0,41.4,42.5,2.34,48.4,6.1,24.1,9.0,33.8,19.4,62.2,6.1,75.0,60.3,55.0,28.7,12.7,95.68755724,0.730079812,1.17493131,0.392516028,48.86415562,4.687933426,58020.05
344.0,134,483.7,41141,69763,19.5,0.0,36.1,34.3,37.4,2.73,43.1,19.0,37.6,3.8,35.8,11.1,53.7,11.9,62.4,48.7,43.6,33.5,18.8,60.320618,34.41416063,1.755557814,1.392539242,43.38811118,6.920828113,41543.55
216.0,101,440.9,37065,39469,25.9,0.0,39.9,39.2,41.2,2.77,45.8,36.9,35.2,2.4,37.0,7.0,42.0,11.8,43.9,30.0,25.3,46.5,29.2,85.42860782,9.007769711,0.96802955,2.741052095,48.67392304,4.691483937,35815.95
145.0,76,480.5,35851,24040,21.9,0.0,40.2,38.7,41.9,2.57,47.9,21.9,35.2,3.1,42.6,6.1,47.6,10.0,43.7,30.7,25.6,51.3,35.0,89.34737712,8.269310202,0.028913672,0.718711276,46.89855697,7.948482061,35815.95
113.0,40,431.4,55984,20709,9.4,48.28818388,40.6,39.9,41.9,2.24,54.4,3.8,12.5,4.7,35.1,16.4,70.3,3.0,83.5,67.0,53.4,25.6,9.7,96.67209347,0.948094235,1.240183873,0.296877993,56.28031038,3.507692308,58020.05
52.0,21,411.5,45192,8063,12.0,0.0,49.1,47.7,49.8,2.06,59.5,12.6,42.2,7.4,34.5,14.2,61.8,2.8,69.6,48.7,36.4,36.4,15.1,96.47679843,0.576970292,0.417382765,0.196415419,51.08834827,2.702702703,43962.7
313.0,139,458.3,39001,51113,17.3,0.0,44.9,44.2,45.4,2.34,51.2,16.4,35.0,7.1,41.3,10.7,52.6,9.5,56.1,39.7,34.8,46.9,25.4,96.96182407,0.325726584,0.30052155,0.046532369,48.88990826,4.712136228,38888.25
709.0,270,491.9,47615,136454,15.2,168.5549709,35.4,33.3,38.0,2.51,41.0,8.8,28.3,7.6,27.3,14.9,55.2,9.8,69.5,51.7,39.1,31.6,16.4,42.82139757,50.08352726,2.309583385,1.149685223,39.69588213,4.72938218,46611.3
274.0,112,463.3,49616,43386,12.9,0.0,45.8,44.3,47.2,2.21,50.7,11.9,30.9,8.3,30.7,20.2,60.9,6.8,63.7,47.1,39.1,45.7,26.7,94.90628848,0.930274978,1.051119522,0.262209859,47.13228735,3.546703589,49534.0
51.0,20,405.8,33824,8616,20.6,580.3156917,44.6,42.0,45.9,2.63,55.9,32.0,34.2,2.2,34.9,9.7,41.5,11.1,49.8,33.1,28.2,43.9,22.5,88.6091954,0.540229885,0.0,0.83908046,57.63697582,1.998889506,28429.05
158.0,62,535.9,32049,28265,26.9,0.0,36.0,34.5,37.2,2.85,42.7,22.9,32.8,4.8,34.4,7.7,50.4,13.1,48.5,37.7,32.5,40.5,24.9,59.80277807,37.33078853,0.862404128,0.943696321,41.294393,5.869989491,28429.05
156.0,64,424.7,44175,52671,19.5,0.0,31.4,30.7,32.2,2.93,50.7,20.9,29.3,5.2,27.5,14.8,45.8,13.1,60.7,45.8,23.6,35.1,22.5,46.48262359,34.14782183,1.315712188,4.389623103,51.83637434,7.366934285,43962.7
672.0,223,408.4,50169,155602,12.9,141.3863575,34.6,33.4,35.9,2.99,59.4,12.8,32.9,4.1,24.6,17.0,52.5,7.7,63.9,48.7,38.5,34.3,17.0,92.02126224,0.634089744,0.643533634,2.316451256,63.41986917,6.593968853,49534.0
407.0,126,536.2,54924,78702,12.3,216.0046759,39.3,38.5,39.7,2.71,53.7,10.7,45.7,5.9,40.8,9.2,54.5,7.6,77.0,62.0,57.3,29.0,13.8,96.52811164,0.479463624,0.523641845,0.465170671,56.06891428,4.763673015,58020.05
154.0,62,339.0,36125,32907,19.2,0.0,46.8,46.1,48.5,2.44,42.4,23.4,36.4,5.8,25.4,16.9,52.8,10.7,47.3,32.0,23.8,50.3,29.3,70.61894788,0.531220593,0.807455302,18.37112588,41.50030248,4.706601467,35815.95
102.0,50,380.6,33136,22084,24.4,0.0,39.1,37.6,39.8,2.81,45.3,26.3,38.3,4.6,38.0,7.7,51.0,7.9,48.2,35.8,30.3,44.6,30.3,65.41905444,29.81733524,0.026862464,2.001253582,46.37607056,6.208291203,28429.05
133.0,44,430.9,62438,24722,7.6,242.6988108,38.6,37.0,40.0,2.45,57.4,8.2,16.1,5.0,33.4,20.3,64.7,3.9,86.0,67.9,58.2,26.3,9.2,96.73173316,1.09621419,0.762052243,0.244508741,60.12813668,3.94922426,93564.75
121.0,54,482.0,34010,25229,28.2,0.0,36.2,35.3,38.5,2.46,43.4,46.4,27.2,0.6,38.0,6.9,35.5,7.9,57.2,42.0,35.2,37.2,20.8,61.03865307,28.98980318,0.343846336,6.61607778,50.55837563,8.461219411,28429.05
178.0,63,471.7,40667,22267,15.1,0.0,53.3,51.2,54.5,2.54,57.9,27.8,34.0,0.7,33.4,12.2,39.5,13.0,59.5,37.7,29.2,47.0,23.2,96.16110472,0.464902186,0.754890679,1.035673188,57.97535001,2.147577093,41543.55
1962.667684,493,453.5494221,49714,200431,17.0,683.5269993,40.9,39.4,42.7,2.26,47.7,9.0,21.7,9.9,29.5,18.2,54.5,6.9,74.0,48.7,49.1,35.3,16.9,92.66954605,1.546587135,1.030393105,0.213958685,45.37228695,4.901104316,49534.0
1962.667684,84,453.5494221,47203,30613,12.5,65.33172182,44.6,43.1,46.4,2.33,52.7,15.9,36.6,5.3,36.7,11.5,61.5,4.9,70.3,51.7,43.6,39.0,19.6,95.12574036,1.129559504,1.307570314,1.074537981,49.27268529,5.846508564,46611.3
947.0,362,504.8,41783,200579,21.9,174.4948374,33.5,31.5,35.5,2.61,39.5,12.5,32.3,6.4,27.7,15.0,50.2,11.0,62.4,46.4,32.3,34.9,19.3,45.81820905,44.76770602,2.407569214,2.719624535,39.01594283,6.992367626,41543.55
365.0,157,500.6,39506,56471,19.6,0.0,43.4,42.3,44.5,2.42,52.7,12.6,46.8,5.8,44.2,8.8,47.6,10.0,61.2,44.3,40.0,42.4,23.8,96.21874724,1.397649969,0.367523633,0.385193038,50.25251435,4.203166439,38888.25
68.0,29,374.9,41010,13852,15.3,0.0,44.5,44.2,45.0,2.69,50.1,24.9,54.2,3.9,47.7,9.3,53.7,7.9,65.8,48.7,46.9,38.2,19.1,94.69001148,4.355625718,0.46641791,0.215269805,51.41582622,2.955003358,41543.55
992.0,409,485.5,43169,144590,13.5,186.7349056,43.8,42.0,45.6,2.38,48.7,16.3,41.8,8.6,47.7,9.8,52.2,8.8,71.6,52.3,47.8,36.7,16.6,94.23408035,2.761000273,0.500136649,1.003689533,48.41855381,4.779878415,43962.7
70.0,22,515.6,56616,9744,10.1,0.0,47.1,47.0,47.5,2.18,64.2,20.2,30.5,10.8,33.8,15.0,58.6,1.6,78.0,55.9,43.4,31.7,11.1,91.08030896,0.084647127,0.126970691,0.402073855,58.05384979,6.094022055,58020.05
594.0,215,494.6,58818,137788,12.3,0.0,35.3,34.6,36.2,2.79,52.2,21.6,36.1,6.4,40.2,14.3,60.4,7.0,64.3,54.0,49.1,28.9,18.8,90.99284056,6.147115693,0.407617825,0.913034065,54.24088389,5.711293942,58020.05
62.0,24,475.7,41348,11539,19.0,0.0,40.1,39.7,40.5,2.65,52.2,28.4,30.1,5.3,43.2,6.7,49.6,12.1,53.3,41.8,37.4,39.7,26.3,87.07928037,9.830420935,0.034432297,0.025824223,51.36070111,5.545147996,41543.55
36.0,13,429.1,48887,5968,12.3,0.0,43.3,41.5,44.8,2.2,59.4,9.7,37.8,7.0,37.0,14.9,61.2,3.1,76.9,56.1,43.7,31.7,13.0,97.30101427,0.171909919,0.206291903,0.275055871,52.10889571,12.28389445,49534.0
979.0,366,488.3,42703,136411,15.3,109.9618066,44.4,42.7,46.2,2.28,48.5,9.1,32.4,8.9,46.3,12.0,50.2,8.5,72.3,48.7,45.8,39.9,17.6,93.8492334,3.407207582,0.495763411,0.304919609,47.39754633,4.763561711,41543.55
72.0,28,481.0,35955,9984,17.8,0.0,44.9,43.6,45.6,2.59,54.4,12.8,38.4,2.3,34.4,10.0,45.6,9.7,54.7,38.2,31.3,40.3,21.4,94.53366584,0.0,0.927680798,1.596009975,50.8656873,8.792924037,35815.95
35.0,12,538.8,36449,4251,17.3,0.0,619.2,52.3,50.7,2.67,46.0,17.0,59.8,13.0,41.8,9.8,42.3,11.8,48.3,24.7,20.2,53.8,27.1,98.44266163,0.070788108,0.165172251,0.141576215,46.76903391,3.333333333,35815.95
30.0,12,369.1,38564,4900,17.1,0.0,45.5,45.3,45.7,2.55,62.2,25.1,24.0,9.1,26.8,14.7,50.0,3.6,68.4,47.2,41.3,35.7,13.1,98.37948718,0.246153846,0.041025641,1.025641026,58.54978355,1.503759399,38888.25
328.0,114,497.2,59472,56848,10.0,211.0892204,41.0,40.4,41.6,2.6,57.4,7.7,43.6,5.8,37.8,14.8,57.7,3.7,73.6,59.4,55.3,31.2,15.8,96.62520319,1.500106015,0.33924659,0.169623295,58.72299258,6.034482759,58020.05
1962.667684,124,453.5494221,48576,52585,13.7,0.0,43.2,43.1,43.4,2.63,51.1,30.2,36.7,0.2,30.2,11.1,48.6,13.6,61.1,44.5,38.6,37.5,19.1,85.73668622,0.936949494,1.306696092,5.42617651,51.96681008,4.62962963,49534.0
211.0,76,489.1,50191,33161,11.6,422.1826845,44.3,42.7,45.7,2.33,57.5,10.4,34.5,9.7,26.2,20.2,58.5,8.4,71.7,52.2,41.9,35.5,16.2,92.47380217,0.748076807,0.569386395,0.221091526,54.49526814,5.055523086,49534.0
119.0,47,422.3,35371,27502,29.9,0.0,34.8,33.2,36.4,3.33,43.9,34.8,45.9,0.9,41.1,7.4,45.3,11.0,36.5,48.7,21.8,48.7,34.9,82.55060434,7.965632736,0.182029999,7.259356342,52.29719086,6.773043626,35815.95
91.0,37,419.5,43194,16659,19.0,0.0,40.9,39.3,43.3,2.69,49.0,19.5,37.6,0.0,37.5,12.1,52.1,9.2,55.0,48.7,33.5,38.1,22.0,75.53834987,20.68110331,0.223808372,1.627147351,49.2497939,4.658564815,43962.7
203.0,84,428.1,57378,39229,15.3,0.0,39.6,39.0,40.4,2.61,54.9,19.8,37.1,4.8,32.1,14.7,58.8,7.0,65.2,49.8,43.7,32.1,16.8,92.24736204,2.425118031,0.73785506,0.918448956,55.58980682,7.427277062,58020.05
162.0,69,500.5,40387,28854,18.8,138.6289596,40.3,37.9,41.4,2.63,55.2,19.9,39.5,6.1,37.7,8.4,49.6,12.3,58.0,45.5,42.7,36.9,22.6,91.40556625,4.908104323,0.773674077,1.046735515,55.69738191,6.089508437,41543.55
828.0,313,477.1,54026,169866,12.7,264.9146975,39.9,38.5,41.1,2.69,53.7,18.3,35.0,6.7,28.1,17.7,58.6,9.8,69.1,55.5,47.4,29.7,16.1,81.45469085,12.34899979,2.260913816,1.97799668,54.94720247,4.754928419,52796.0
135.0,54,490.5,66556,35137,11.9,0.0,35.1,34.3,35.9,2.89,57.8,19.9,38.7,2.5,27.6,20.4,57.9,9.0,70.8,54.6,39.7,26.0,14.6,78.30533016,15.23030979,2.192995686,0.696811559,59.58395245,4.93857195,93564.75
43.0,20,349.7,26309,8551,35.3,0.0,43.9,41.2,47.8,2.49,30.2,46.6,35.4,4.0,40.6,5.9,28.6,14.6,54.8,37.8,30.4,45.1,24.5,24.53552528,73.22373607,0.394099764,1.396239162,33.64120782,3.166561115,28429.05
517.0,183,519.3,39808,72528,18.5,261.9677917,41.5,39.0,44.1,2.33,44.2,9.2,30.0,4.7,42.0,9.2,48.0,10.0,66.4,47.2,43.5,43.6,22.9,88.59399856,8.0191437,0.864729636,0.282804661,45.91512498,4.613602728,38888.25
579.0,206,477.0,52149,101973,9.9,235.3564179,41.0,40.1,41.8,2.4,54.8,10.6,33.8,6.2,38.5,14.8,64.6,5.3,77.1,60.3,54.8,30.6,14.4,93.58516484,1.164638933,1.315737834,1.864207221,53.51968638,4.541733098,52796.0
1962.667684,9,453.5494221,53484,3956,12.2,0.0,34.8,30.6,39.3,2.81,63.0,30.0,16.6,3.5,23.4,10.5,66.3,1.8,77.5,67.1,54.8,21.4,11.1,83.65384615,0.860323887,0.278340081,10.95647773,64.97461929,5.231143552,52796.0
177.0,77,445.3,32283,31747,30.1,0.0,39.5,38.1,41.8,2.67,39.7,20.5,45.0,4.7,39.1,10.7,46.9,13.9,47.1,36.0,31.2,46.2,31.1,40.6969876,55.94864302,0.662169304,0.817608108,39.11189162,8.279819647,28429.05
677.0,297,443.6,42232,138900,19.5,158.387329,38.2,36.4,39.5,2.61,46.1,17.2,29.9,6.7,33.7,13.9,54.5,12.1,59.7,46.5,41.6,38.6,23.5,54.89553965,41.74437938,1.16171474,0.305790501,45.28902347,5.663639027,41543.55
634.0,255,482.9,39449,116852,22.2,145.4831753,34.8,33.6,35.9,2.4,42.1,9.4,19.0,8.2,35.5,13.3,53.0,10.1,68.2,48.7,48.3,32.3,16.8,88.76550049,5.806451613,1.259641198,0.547151319,43.3294727,3.877479319,38888.25
570.0,171,516.8,47351,96165,13.6,1029.48058,42.1,41.4,42.9,2.48,56.3,16.7,40.3,1.9,29.9,20.4,58.9,7.0,65.8,50.4,40.4,31.9,15.5,94.93641049,0.307501098,0.515358983,0.691073897,54.5518245,6.812139453,46611.3
192.0,82,420.0,46945,38227,12.3,0.0,40.2,38.1,42.3,2.52,53.1,19.6,32.7,4.7,44.2,10.6,57.9,6.9,67.1,52.3,47.1,33.2,18.5,96.20664361,0.854029131,0.537042859,0.741381117,53.82250461,6.749577397,46611.3
3803.0,1328,500.5,77823,627367,6.6,79.6981671,43.0,41.7,44.2,2.65,55.5,10.9,31.3,16.6,30.7,22.8,63.3,7.0,83.4,67.8,60.4,24.5,9.3,88.99650964,3.859025859,4.351059636,0.964437273,58.12001751,4.681322269,93564.75
605.0,236,436.2,61157,163632,11.0,0.0,35.7,34.5,36.5,2.95,57.6,16.6,34.4,4.9,29.7,14.9,62.7,6.5,65.6,55.2,48.2,24.9,14.4,81.29735512,9.243718881,0.609329038,4.975868787,62.54724327,5.889593045,58020.05
728.0,285,486.8,48018,141425,15.6,141.4177126,37.8,36.7,38.6,2.78,48.0,18.4,30.1,4.2,31.4,12.1,53.5,9.1,62.3,48.3,42.0,32.0,18.2,72.28382951,21.82603998,2.261935227,1.314367767,48.31017873,5.060304916,46611.3
61.0,28,461.5,35004,10567,24.0,0.0,39.2,37.1,41.2,2.59,42.3,26.3,27.5,5.0,45.7,5.6,42.0,14.4,44.6,31.2,28.5,47.8,26.8,44.56461453,52.68071732,0.0,0.009243853,42.29000242,3.087986464,35815.95
81.0,37,464.8,44139,14974,18.0,0.0,38.6,37.4,42.1,2.46,52.3,30.8,51.2,1.5,43.6,8.6,45.5,6.3,61.3,48.7,42.4,32.7,18.1,86.87160212,11.21551782,0.053694879,0.154372777,53.6840209,5.144490314,43962.7
217.0,96,531.3,31086,36129,29.8,0.0,37.1,35.6,38.1,2.6,48.4,10.7,45.3,9.4,37.1,8.9,44.2,10.2,48.5,48.7,31.7,48.8,33.2,96.633514,0.905179639,0.357601833,0.419064648,50.09153318,7.104526365,28429.05
18.0,7,460.2,50896,2733,10.8,0.0,41.8,39.4,44.0,2.24,61.6,23.0,33.5,17.3,37.1,12.0,63.7,1.9,77.9,48.7,40.7,29.7,10.6,93.40417735,0.403078051,0.219860755,1.72224258,55.1426102,10.62992126,49534.0
81.0,27,455.9,46840,14871,15.8,0.0,42.4,41.4,43.3,2.63,52.6,19.5,39.2,9.7,36.1,10.0,53.9,5.3,62.2,49.6,40.5,35.3,20.0,77.93436819,16.19689542,0.313180828,1.756535948,54.51100686,6.672760512,46611.3
122.0,49,484.9,50347,19950,13.3,0.0,40.7,38.9,42.5,2.43,52.1,21.0,26.6,7.3,37.3,14.6,56.1,5.1,71.8,53.0,45.9,38.1,18.2,91.98705179,2.380478088,2.176294821,1.190239044,52.72202545,5.797101449,49534.0
161.0,60,431.5,38221,29457,22.7,0.0,41.6,39.8,43.0,2.38,54.1,24.0,39.2,3.7,31.4,15.6,51.8,9.9,48.5,32.5,25.3,41.9,24.4,68.5770141,0.246938985,0.380697603,0.305244024,49.55752212,7.388908026,38888.25
42.0,17,491.8,26408,7507,38.5,0.0,34.8,33.4,37.5,2.81,26.3,15.9,34.5,5.2,36.4,6.6,30.9,15.9,43.0,32.7,28.0,52.2,33.4,13.93356182,85.94779858,0.118639599,0.0,25.54027505,4.610130905,28429.05
28.0,15,280.9,59701,7444,8.4,0.0,43.4,42.6,44.8,2.43,67.4,19.9,41.2,0.8,34.7,12.8,65.0,4.1,73.1,55.7,45.6,29.5,12.6,98.93484576,0.193664407,0.124498548,0.262830267,64.13116971,5.333333333,58020.05
45.0,19,394.5,50758,10520,10.3,0.0,34.2,33.8,35.0,2.87,56.8,20.8,35.5,2.0,33.2,9.5,67.8,6.4,70.3,58.8,49.9,25.7,14.2,91.21839954,2.128872838,0.142558449,2.927200152,54.87066593,6.487488415,49534.0
851.0,319,476.7,63030,167688,10.0,17.89036783,39.2,38.2,40.3,2.62,52.9,13.0,33.8,11.3,35.2,16.6,58.9,7.3,77.3,64.1,58.8,24.7,11.4,92.00216125,3.422585099,1.442636729,1.122050789,54.86369419,5.159405563,93564.75
279.0,105,469.8,54610,37001,12.9,0.0,50.0,47.9,52.6,2.36,52.2,21.5,38.2,2.6,27.0,14.7,39.3,14.0,69.7,48.7,39.7,44.7,19.4,86.51439384,2.311123125,1.454250574,4.119475605,55.32495512,3.698558778,58020.05
1390.0,483,495.9,61653,269536,11.9,207.7644545,38.5,37.1,39.9,2.52,52.4,14.8,31.7,7.4,22.7,20.3,56.5,8.5,74.5,55.4,43.5,30.7,13.7,82.58622199,2.839873174,5.83580425,1.226386727,50.87449211,5.180155167,93564.75
33.0,16,289.2,58867,8715,9.4,0.0,44.1,43.1,45.0,2.6,62.0,19.0,38.8,6.6,36.5,16.6,59.7,3.0,72.3,48.7,49.2,28.2,12.5,94.08816494,1.036564529,0.467023579,1.526369746,65.25373134,3.583061889,58020.05
56.0,23,446.2,37672,8647,26.4,0.0,45.1,44.6,45.5,2.62,46.9,30.4,23.0,3.4,40.3,9.0,54.5,9.4,51.1,48.7,31.3,43.1,25.7,64.15782871,33.49298666,0.547382826,0.570190444,47.7128143,2.387267905,38888.25
1962.667684,63,453.5494221,42157,29069,17.5,0.0,43.7,42.3,45.3,2.42,51.0,14.8,40.7,3.4,42.6,9.1,53.0,7.4,68.4,48.2,42.1,40.4,19.5,91.61133548,2.132247245,0.537339996,0.705044835,50.62934601,4.865649964,41543.55
109.0,42,375.5,35081,27329,28.8,0.0,36.2,35.2,37.8,2.98,38.1,27.3,34.1,2.5,36.5,8.4,44.9,15.3,40.4,28.5,26.7,50.4,35.7,43.37886203,1.015265503,0.624497845,11.0474034,39.63436072,6.744769874,35815.95
51.0,19,323.1,44817,16203,17.8,0.0,35.8,36.0,34.3,3.17,49.4,30.0,34.1,7.0,35.2,6.6,52.0,4.8,64.1,54.0,50.7,23.9,12.7,84.79787436,4.289238945,0.158157778,9.318656292,55.31228394,5.522288756,43962.7
620.0,255,493.6,44903,88082,13.2,1146.658795,44.4,42.4,45.9,2.38,50.7,12.8,34.4,8.7,45.0,13.2,53.7,7.0,68.4,50.5,44.9,39.9,20.3,93.19889639,3.798703484,0.417218097,0.548439918,49.46891725,4.727253413,43962.7
196.0,68,512.6,51047,30309,12.3,263.9480022,44.7,44.2,45.5,2.61,62.8,16.9,43.3,4.7,30.8,15.9,52.3,8.3,68.0,50.3,41.7,34.5,15.8,95.3463349,1.445864156,0.68930733,1.035642233,63.72496899,5.382482466,52796.0
211.0,94,464.3,34655,30553,24.5,0.0,46.4,46.1,46.8,2.28,51.6,21.2,35.1,2.3,39.3,7.7,42.4,13.2,55.6,33.6,29.6,51.1,25.8,96.48323022,0.452621296,0.244220124,0.28980788,48.18559034,3.935222672,35815.95
190.0,62,487.6,73684,33879,5.1,0.0,42.1,40.5,43.2,2.62,62.2,11.0,28.6,10.4,33.7,18.9,64.1,5.2,83.4,67.5,61.7,25.2,11.3,97.71609171,0.3399028,1.031634813,0.032797639,64.51689109,5.213333333,93564.75
220.0,98,445.2,41450,43943,18.1,22.75675307,38.8,37.6,39.6,2.68,54.4,13.5,41.9,3.6,39.2,9.1,52.1,9.1,60.8,48.7,41.3,35.1,20.4,84.04573359,10.33341701,0.287546498,4.119217691,54.86235142,5.95355245,41543.55
148.0,69,426.8,34971,24358,23.0,0.0,42.7,41.6,43.6,2.34,48.2,14.6,43.6,3.3,43.2,10.2,52.1,8.3,57.3,40.0,33.9,46.1,25.9,57.15141351,40.18527392,0.155725922,0.187669701,43.8495072,6.041591968,35815.95
3144.0,1419,497.2,41895,621849,23.3,886.0671964,34.6,33.3,35.9,2.47,26.6,17.0,29.1,12.3,29.8,15.3,53.8,13.1,56.1,43.6,39.0,43.9,29.6,30.31292272,62.83548664,2.568382563,1.670324233,24.02463388,5.449538255,41543.55
55.0,26,398.9,52673,11339,12.6,0.0,45.2,44.9,45.5,2.49,54.4,20.0,43.8,2.4,29.2,14.2,51.5,8.3,64.4,49.7,42.6,36.1,20.5,93.41812683,0.844970204,0.978386552,0.773814818,52.94771969,4.805591962,52796.0
85.0,26,433.0,46018,18495,16.9,0.0,40.4,40.3,40.5,2.8,57.1,15.2,46.9,1.6,45.5,7.2,53.8,8.5,61.1,47.2,42.0,33.4,18.2,93.41732112,2.683246073,1.27617801,0.687172775,58.96535938,4.162724693,46611.3
571.0,210,457.2,49790,118212,12.6,676.7502453,35.4,34.5,36.3,2.41,47.2,5.3,26.7,8.4,27.7,19.5,65.1,5.4,76.9,62.4,56.5,28.6,13.7,91.48469004,1.389173672,4.463980589,0.651014968,47.7074118,4.937288473,49534.0
120.0,47,443.9,42348,21019,18.3,47.57600266,40.7,38.9,42.4,2.49,54.2,15.6,41.8,4.2,42.1,11.1,49.5,8.1,58.3,43.5,37.1,42.3,24.3,85.40975841,12.03694931,0.052108006,0.222643297,49.95216455,5.789245447,41543.55
2153.0,836,500.0,44222,318449,15.8,191.5534356,42.9,40.9,44.6,2.39,45.5,12.9,31.3,9.9,39.5,13.3,55.6,7.8,70.8,48.7,47.4,37.1,18.1,89.85894812,3.93883066,1.075305769,3.110014215,44.48372859,5.103967071,43962.7
49.0,19,361.5,52623,12645,12.9,0.0,34.9,34.2,35.7,2.98,62.7,15.8,36.1,3.6,29.1,15.4,60.2,4.3,65.9,48.7,46.7,29.4,15.2,88.83325385,0.421236687,0.70735972,7.868383405,65.40865385,8.884297521,52796.0
107.0,45,504.9,44388,15692,13.9,0.0,42.9,41.9,44.5,2.39,49.3,18.2,33.9,4.9,43.9,9.7,52.4,6.5,68.8,50.4,46.1,36.6,17.1,98.06431274,0.327868852,0.296343001,0.25220681,47.27745488,1.879036994,43962.7
35.0,16,447.0,56270,5448,8.4,0.0,44.5,42.1,46.6,2.25,56.3,20.1,45.7,8.6,36.4,14.6,64.5,2.0,83.6,63.9,54.9,29.4,8.8,97.21254355,0.586832936,0.293416468,0.0,51.70068027,9.291187739,58020.05
627.0,242,430.4,58833,149633,10.2,13.36603557,37.3,36.2,38.6,2.69,57.0,18.8,32.1,10.5,33.8,19.4,54.5,6.3,76.4,63.6,57.9,24.7,12.6,92.80991452,2.165539497,2.013114079,1.23794157,58.17533321,4.614683861,58020.05
281.0,112,433.2,57126,51659,11.4,0.0,498.0,40.1,43.1,2.5,55.0,12.3,31.5,8.1,33.7,12.9,60.0,8.0,75.0,59.2,52.6,31.3,15.5,95.083688,1.131744184,0.345439624,1.633681318,53.98678308,5.772258177,58020.05
395.0,160,502.1,42240,65355,21.3,168.3115293,40.4,39.0,42.3,2.43,48.1,20.5,39.5,4.9,42.6,7.5,47.8,9.6,63.2,46.2,42.6,41.2,23.4,90.04746524,5.824727416,0.465553584,1.012996072,50.3840183,6.933232742,41543.55
126.0,59,316.5,50069,43909,12.4,0.0,30.4,28.9,31.5,3.36,60.3,64.1,22.3,2.3,35.1,5.3,54.5,4.2,45.9,37.6,31.2,19.7,11.2,98.71304908,0.204899162,0.085182798,0.06216042,70.61095782,7.899124635,49534.0
308.0,119,414.5,52075,70408,15.4,894.7846836,36.2,35.2,37.2,2.41,49.6,4.4,23.9,7.4,33.7,19.6,62.8,7.2,78.7,63.2,55.5,28.2,12.9,94.03680145,0.616197183,2.701896865,0.506871876,51.06597522,4.146396651,52796.0
41.0,16,482.6,50219,5788,11.9,0.0,45.9,45.3,46.1,2.41,57.0,13.7,33.6,11.1,38.8,13.2,53.7,7.7,73.7,48.7,40.0,41.5,15.5,97.61051374,0.750981396,0.563236047,0.0,56.16896696,4.589585172,49534.0
102.0,32,410.8,83603,24735,5.9,0.0,45.1,45.1,45.2,2.82,62.6,18.2,32.9,11.0,27.0,22.0,64.7,6.7,77.9,63.1,51.7,22.9,10.8,95.27562356,0.528191155,0.838398659,0.301823517,68.195319,3.311386522,93564.75
18.0,11,297.2,39335,3549,21.0,0.0,44.9,40.8,47.3,3.0,56.7,24.9,38.1,2.4,27.9,11.1,41.3,13.2,52.7,39.4,29.6,33.9,16.3,97.95918367,1.202124685,0.0,0.111825552,55.69972196,0.0,38888.25
132.0,57,447.7,33869,20155,22.8,0.0,46.1,44.0,48.2,2.48,41.7,25.7,48.4,8.2,34.8,9.3,41.3,10.7,51.7,48.7,25.6,47.2,26.1,39.27105726,50.88430721,0.293140512,1.749071722,43.18792376,4.839989421,28429.05
35.0,16,408.0,27875,7230,32.4,0.0,31.7,26.5,38.7,3.31,32.8,25.2,31.3,0.0,37.6,7.7,41.8,19.8,33.5,24.1,21.6,45.8,29.9,84.90513779,0.083090985,1.869547154,11.95125329,41.77884615,6.831489915,28429.05
128.0,50,468.6,48767,18543,11.6,4260.367794,46.2,44.3,47.6,2.35,58.8,15.4,37.0,8.5,37.5,14.7,56.4,6.8,67.9,50.2,43.2,41.3,22.5,97.72654499,0.565695378,0.357562173,0.064040986,55.86364793,5.844875346,49534.0
449.0,154,479.8,51880,104926,18.7,57.18315765,30.2,28.5,31.8,2.35,37.3,3.1,13.0,14.6,19.8,22.2,54.9,5.9,79.9,67.1,51.0,24.9,13.1,81.26041115,4.154831255,10.04573684,0.876221655,41.07124285,4.367123465,52796.0
1072.0,381,441.8,66560,226640,8.2,30.88598659,42.7,41.8,43.8,2.62,55.4,12.7,31.9,9.4,21.2,27.6,56.8,6.7,75.5,60.0,49.2,27.5,11.9,89.31518563,5.399653198,2.267037222,0.508800684,57.17801166,3.253269113,93564.75
499.0,215,463.1,56737,111901,13.2,89.3647063,38.4,38.0,38.6,0.0263,51.8,17.0,40.8,10.0,38.2,12.7,58.7,9.7,70.0,48.7,49.7,33.1,17.3,87.80122144,7.333247489,1.052205585,0.905963725,51.52350516,4.872468117,58020.05
164.0,73,467.9,42063,20148,17.8,0.0,51.4,49.7,53.3,2.47,50.9,21.5,44.6,3.3,43.7,8.5,42.2,10.1,63.9,38.9,34.1,50.8,22.6,93.18859713,3.051195541,0.391178915,0.718791257,54.12278449,3.861129137,41543.55
91.0,40,426.9,52582,14977,12.9,0.0,48.3,47.0,49.5,2.44,54.9,25.0,29.6,10.8,37.9,11.1,56.8,6.2,66.7,48.9,43.8,36.0,16.6,97.25534608,0.326427287,0.339750849,0.026647125,54.4216571,3.156748911,52796.0
146.0,53,467.9,62745,24800,7.6,0.0,41.8,40.3,43.0,2.45,60.0,17.7,29.0,7.5,35.6,16.0,67.0,3.4,78.8,61.9,51.2,30.3,14.1,96.80923832,0.506981049,0.342011025,0.95360721,58.16908454,5.573897844,93564.75
254.0,126,460.1,35774,42951,21.3,0.0,40.0,38.6,41.9,2.51,51.4,16.1,31.5,5.6,36.7,9.0,50.8,9.4,57.1,42.0,36.2,42.3,23.6,90.70103141,5.559823985,0.577402156,0.363204582,49.85056784,5.075560188,35815.95
1962.667684,19,453.5494221,51597,6678,13.4,0.0,45.4,44.4,47.1,2.4,56.2,14.4,31.8,7.0,38.5,12.4,57.9,5.1,70.3,50.0,39.2,40.5,18.8,93.21578004,0.508069337,0.403466826,0.941422594,54.91202346,6.289308176,52796.0
14.0,5,448.3,62875,2308,8.3,0.0,36.5,34.3,38.8,2.25,60.5,23.0,30.5,5.9,30.8,14.1,63.7,2.3,79.6,48.7,47.3,22.4,6.2,97.87137681,0.045289855,0.226449275,0.452898551,50.30612245,6.75,93564.75
64.0,25,437.5,41876,13520,20.2,0.0,33.4,30.7,37.3,2.74,46.8,38.5,38.2,0.5,37.4,8.2,45.3,9.5,54.9,41.9,36.0,33.2,18.4,77.52178408,5.789395953,0.804903264,11.63048294,53.21361059,8.016032064,41543.55
67.0,28,507.2,30675,10458,31.4,0.0,39.5,37.8,41.2,2.49,34.8,33.9,34.8,1.8,35.3,10.2,40.9,13.2,54.7,48.7,28.9,45.8,25.4,25.49804506,74.05511078,0.0,0.0,32.83512377,3.731942215,28429.05
1962.667684,25,453.5494221,47901,9936,11.1,0.0,45.0,43.3,46.3,2.27,61.4,16.9,28.9,6.9,44.8,11.8,62.1,3.0,77.7,57.4,48.1,32.6,12.2,97.08145927,0.289855072,0.289855072,0.389805097,55.71494678,6.352683461,46611.3
1962.667684,65,453.5494221,57850,36755,10.9,0.0,39.8,39.1,40.2,2.52,55.0,15.5,32.9,9.1,35.5,18.7,65.2,4.9,76.1,61.3,54.6,32.1,17.4,91.33148975,2.551816663,1.128056293,3.167866824,53.89250928,6.135046611,58020.05
114.0,50,467.3,36460,15261,19.9,65.52650547,48.4,47.9,49.0,2.36,55.0,18.2,50.2,3.7,42.8,7.3,43.0,12.0,62.9,48.7,35.0,47.9,22.2,96.45357884,0.486255187,0.2593361,0.350103734,53.45121762,5.930470348,35815.95
33.0,16,366.0,37590,6415,20.6,0.0,44.3,42.0,48.1,2.27,45.9,25.7,49.4,2.7,45.0,8.6,38.2,11.6,59.5,48.7,34.4,50.6,26.2,80.4384746,8.53790335,0.154392466,0.432298904,48.67480017,5.95959596,38888.25
1662.0,569,486.7,70925,295754,10.2,74.38614524,41.2,40.1,42.4,2.61,48.7,10.5,28.3,10.0,27.0,18.3,54.5,8.7,76.3,59.6,54.7,29.3,13.9,78.50286938,10.13781119,3.868277832,4.102341308,52.60510813,3.807095815,93564.75
49.0,22,396.0,35387,6007,17.8,0.0,55.6,55.5,55.6,2.01,57.0,31.1,21.5,3.8,40.6,10.8,36.7,13.7,63.6,34.9,28.9,49.4,18.7,96.25277866,0.317561131,0.508097809,0.3651953,49.22178988,3.276955603,35815.95
1023.0,442,438.8,43054,226519,22.5,26.48784429,35.2,33.5,36.6,2.47,39.5,19.9,30.8,8.7,26.0,19.2,55.4,8.8,63.5,47.6,39.7,36.3,20.9,38.92380927,56.08929683,2.263542242,1.012545039,37.81552964,5.64778925,43962.7
55.0,22,432.0,33015,9969,28.2,0.0,38.3,35.7,41.5,2.53,36.7,31.6,21.9,6.0,31.1,7.9,42.9,10.1,49.6,35.6,32.2,47.2,27.0,36.83282734,59.01478797,0.107726961,0.0,35.63437926,8.165019338,28429.05
702.0,291,419.2,47387,122765,15.7,57.01950882,50.0,48.7,51.0,2.34,57.4,16.8,43.4,6.6,27.3,16.8,46.2,11.4,62.7,39.4,32.0,44.1,20.2,83.43598502,10.80344358,0.63920087,2.236771734,55.00782632,6.292374849,46611.3
49.0,20,456.2,55925,8269,9.9,0.0,44.1,43.5,44.5,2.5,60.2,23.1,37.6,6.1,43.8,12.4,59.7,5.5,77.8,59.7,51.6,31.5,13.7,98.08772559,0.561730608,0.095613721,0.239034301,60.2118003,7.88863109,58020.05
28.0,13,416.4,37331,4135,20.6,0.0,46.6,44.0,48.3,2.49,49.4,14.2,42.3,3.4,34.3,8.2,43.0,18.1,56.6,40.4,38.8,47.8,26.9,96.5704825,0.78051088,0.662251656,0.449385052,51.52057245,6.818181818,35815.95
16.0,6,367.0,61098,5048,9.5,0.0,33.5,33.1,34.2,3.01,55.4,33.6,35.7,0.0,30.4,9.4,57.5,5.2,64.5,54.9,51.8,23.0,14.8,56.15221987,3.488372093,0.0,37.61099366,55.70687419,11.89138577,58020.05
120.0,44,526.7,48076,14785,13.4,0.0,48.4,45.7,49.4,2.33,50.0,12.9,48.5,8.9,33.6,14.4,54.4,5.7,69.1,49.5,40.9,36.0,15.2,83.89419841,13.44057074,0.249024095,1.346076188,44.34453384,5.74048913,49534.0
65.0,28,525.3,42288,9512,16.9,0.0,41.8,40.1,43.0,0.025,60.1,13.6,40.1,5.5,39.9,6.1,52.4,8.4,63.9,47.1,41.3,41.9,22.5,97.77894737,0.442105263,0.273684211,0.031578947,57.86113328,7.128810226,41543.55
34.0,16,451.6,34684,4858,18.6,0.0,46.4,44.3,48.6,2.2,55.7,3.6,41.3,4.4,41.7,12.0,53.2,2.8,63.6,45.1,37.3,38.7,17.0,97.85495403,0.408580184,0.776302349,0.040858018,49.63570128,14.97890295,35815.95
515.0,171,517.8,43892,77922,16.2,0.0,41.4,40.6,42.1,2.41,48.7,18.3,32.9,5.5,40.9,10.3,54.3,8.2,67.3,48.7,44.0,39.8,18.7,92.23297282,1.579240647,0.832045794,0.441984752,46.90374585,4.82052462,43962.7
302.0,101,472.7,39984,70699,26.3,0.0,35.0,36.8,30.5,2.37,38.5,9.3,19.8,6.7,35.8,13.1,37.8,4.4,69.8,57.1,50.6,25.7,12.8,73.29294678,22.69580268,1.17842204,1.370258185,43.43727339,3.854536397,38888.25
57.0,26,350.1,49955,10321,12.5,0.0,48.3,47.8,48.9,2.34,57.8,14.9,43.0,2.0,33.4,15.0,48.2,4.8,61.6,43.9,35.1,44.0,22.7,94.10402393,0.270192029,0.665830358,0.492135482,54.02745995,6.796657382,49534.0
1962.667684,15,453.5494221,39926,5457,19.6,0.0,36.3,35.6,37.3,2.71,46.3,27.5,41.0,4.7,37.1,9.8,56.2,9.2,47.9,32.9,27.7,48.3,30.4,48.76273654,0.564046579,0.436681223,0.709606987,44.27786107,8.348623853,38888.25
139.0,46,528.4,56551,17111,7.4,0.0,48.7,46.4,50.4,2.14,63.0,17.4,22.6,8.9,29.6,19.0,54.5,3.8,77.2,54.1,41.4,37.2,14.8,97.73678317,0.306477279,0.22985796,0.176813815,56.29164531,7.152406417,58020.05
1962.667684,37,453.5494221,44199,16398,17.4,0.0,35.9,34.1,37.4,2.53,45.6,5.0,22.8,8.7,41.0,12.7,57.3,7.3,69.3,53.1,46.0,32.0,15.6,90.57295737,4.094270426,0.336680094,0.402813684,47.107575,6.012884753,43962.7
48.0,23,459.3,47092,7032,13.2,0.0,44.7,44.4,45.3,2.2,52.2,5.9,40.3,9.3,39.0,10.3,50.6,5.3,61.7,47.1,40.0,33.6,18.5,94.39201204,4.541102448,0.0,0.0,52.13333333,5.282199711,46611.3
296.0,115,469.2,36736,73309,21.6,0.0,28.5,26.6,31.1,2.67,51.1,12.2,45.7,2.8,32.7,10.4,43.5,12.7,64.8,50.0,29.5,32.7,19.3,72.45378174,19.8505913,1.437451961,0.88728273,51.65941773,8.722576079,35815.95
473.0,207,430.1,60970,101603,10.5,9.842229068,39.2,38.0,40.2,2.63,58.6,18.2,32.1,5.5,34.8,16.0,61.6,6.7,75.6,60.6,53.3,27.5,13.2,92.19793413,3.634613667,0.726327383,0.621148828,59.06443537,4.56119093,58020.05
123.0,38,429.1,62380,23385,9.5,0.0,49.4,49.4,49.3,2.42,60.1,17.0,48.1,1.9,24.8,18.6,58.7,8.2,67.2,51.7,43.6,34.4,19.4,94.28020566,1.075407027,1.036846615,1.18251928,59.71192986,2.019315189,93564.75
640.0,281,491.2,37230,84745,20.6,59.000531,47.9,46.1,49.8,2.38,51.4,17.7,38.6,3.7,32.1,10.3,41.2,12.3,56.9,36.0,30.2,50.6,26.2,92.95879342,0.341689746,0.782889137,1.302017768,48.71549802,6.292364753,35815.95
153.0,66,336.5,42620,50398,19.2,0.0,30.7,29.3,32.9,2.72,48.7,15.8,34.4,4.3,25.2,12.6,54.0,9.1,56.9,41.1,27.4,38.7,24.1,69.66552468,6.350872329,1.542665901,17.74362833,48.77216166,7.197033541,41543.55
118.0,55,383.6,45945,24827,13.6,0.0,41.5,40.5,42.5,2.22,52.2,11.7,31.5,6.0,33.7,20.4,63.0,3.8,70.4,48.7,40.1,31.5,12.0,93.27246906,0.515317509,0.82369649,0.649218909,49.70554711,3.67487328,46611.3
139.0,69,507.4,34271,23175,25.6,129.4498382,40.9,40.5,41.6,2.53,57.1,20.6,32.3,0.0,37.3,5.5,38.4,9.1,48.8,36.8,33.0,51.8,34.0,97.86723769,0.415417559,0.676659529,0.209850107,56.85666851,5.022573363,35815.95
47.0,24,495.8,30671,6238,31.2,0.0,42.8,39.3,45.7,2.33,47.1,26.2,31.5,1.0,34.8,7.9,43.6,12.0,54.5,48.7,31.0,49.1,26.2,72.20492059,25.07007163,0.140143258,0.264715042,45.44392523,5.13618677,28429.05
123.0,55,483.8,40701,16376,17.0,0.0,49.3,49.1,49.6,2.19,57.0,29.4,36.5,4.0,34.5,14.6,54.5,9.8,57.9,48.7,32.9,48.4,27.4,78.21998423,0.691621671,0.43074683,0.588485106,51.33849708,4.272316777,41543.55
383.0,155,468.5,38878,69838,22.1,243.4204874,38.9,37.2,40.1,2.52,44.6,19.6,26.9,9.2,29.7,15.6,51.4,12.9,57.3,42.8,38.0,39.2,23.2,63.93200613,31.12897909,0.736695762,1.679780998,43.55086301,4.631760644,38888.25
1962.667684,53,453.5494221,52476,23535,13.3,2846.823879,40.8,39.4,41.7,2.55,56.3,20.4,31.1,5.0,35.9,14.1,58.2,7.0,72.7,56.5,50.5,30.8,14.5,94.37769693,0.89263051,0.224215247,0.723411456,55.02144979,6.593633733,52796.0
71.0,37,463.9,34172,12181,25.0,0.0,39.6,38.5,41.7,2.72,47.0,30.3,39.2,5.7,37.3,7.7,40.9,9.6,46.3,33.7,27.3,43.2,27.5,63.65120836,7.797191378,0.261267146,0.775636839,50.22233202,7.418397626,28429.05
134.0,63,535.4,31397,21950,24.5,0.0,38.6,37.8,39.5,2.61,50.2,12.6,56.0,3.2,47.6,4.6,45.0,14.1,48.7,38.4,31.8,45.7,30.3,98.26248696,0.222292791,0.113414689,0.049902463,49.54868215,5.677867903,28429.05
48.0,16,548.5,60081,6861,9.1,0.0,47.1,47.4,46.8,2.34,59.8,11.9,32.5,14.5,29.7,20.4,63.2,7.4,69.9,52.4,47.3,41.2,22.9,94.92232451,0.0,0.373993096,0.115074799,58.04384486,3.969883641,58020.05
1962.667684,9,453.5494221,44932,2506,11.8,0.0,50.9,48.7,52.4,2.07,61.7,29.1,28.5,2.5,30.8,18.6,58.2,2.3,77.6,53.6,40.8,35.1,12.4,97.40667976,0.353634578,0.117878193,0.47151277,53.38283828,10.28708134,43962.7
28.0,15,376.8,38750,4388,18.5,0.0,52.8,52.0,54.6,2.22,55.6,15.5,38.9,10.6,35.4,12.7,55.5,7.6,56.3,48.7,25.0,40.7,16.7,94.11502452,0.022291574,0.0,4.748105216,51.75879397,6.469002695,38888.25
57.0,29,426.1,38178,9139,17.1,765.9481344,46.8,45.0,48.8,2.13,49.9,28.0,50.6,3.2,38.7,10.4,48.4,3.9,62.7,42.5,37.0,40.8,18.4,93.33405711,1.031375529,0.521116057,0.45597655,46.32562971,5.317324185,38888.25
555.0,199,453.6,60809,138427,12.5,202.272678,37.6,36.9,38.4,2.73,57.8,15.2,37.6,7.8,31.6,18.0,60.7,7.0,73.5,60.8,54.6,25.4,13.1,77.26584518,17.8929064,1.70369371,0.943664928,58.15650819,6.63071161,58020.05
33.0,12,488.6,30760,6479,38.5,0.0,38.2,36.5,41.3,2.13,33.6,36.1,46.1,0.0,38.6,6.0,37.1,7.7,45.2,34.4,30.9,42.4,25.4,33.94976113,61.2883341,0.585606411,3.25165665,35.62091503,7.258753202,28429.05
1336.0,569,443.8,58333,322225,14.3,37.24105827,37.5,36.3,38.7,2.66,50.9,15.9,29.5,9.1,24.5,19.1,59.8,7.5,68.1,56.1,49.9,25.6,13.9,77.9217492,13.31016378,3.309936624,2.420147779,51.0731913,5.330646143,58020.05
98.0,43,527.3,33141,14717,25.0,0.0,40.5,38.3,42.6,2.46,47.8,23.9,28.8,5.5,34.2,6.3,48.1,10.1,50.6,34.1,29.1,46.0,25.8,68.31428765,26.98627358,0.040570694,2.542430185,45.06923337,5.766908213,28429.05
88.0,41,423.2,40646,14409,15.7,0.0,45.6,44.9,46.0,2.37,56.7,16.5,40.0,7.6,51.2,6.7,54.5,7.4,65.2,48.7,42.1,41.0,20.7,97.99958754,0.488073142,0.0,0.0,53.31902246,6.140350877,41543.55
19.0,7,348.1,47902,3240,14.4,0.0,53.7,54.0,53.6,2.19,62.8,35.3,27.5,1.3,36.0,16.1,46.7,7.2,66.5,44.0,32.9,40.3,15.9,98.5479798,0.063131313,0.0,0.0,58.4799437,18.55670103,46611.3
346.0,156,399.0,44207,62194,14.6,0.0,546.0,44.2,46.7,2.36,53.5,14.7,40.7,6.3,35.3,9.4,53.9,7.7,66.2,48.7,42.6,36.2,18.6,74.84473039,21.41765137,0.3423894,1.57658375,51.5913601,4.194566305,43962.7
116.0,52,395.3,34923,26141,19.7,0.0,38.1,36.9,39.0,2.5,54.6,17.2,38.5,3.6,41.1,11.5,51.1,6.2,57.9,44.4,38.5,39.6,23.8,91.89355958,1.916698804,0.979560355,2.209795604,54.00059341,8.562113933,35815.95
260.0,101,465.6,44723,42412,16.6,0.0,42.4,40.8,44.2,2.29,45.4,15.6,35.4,6.9,48.2,10.0,51.8,9.1,70.4,50.7,46.4,39.1,18.5,94.76028356,2.371513851,0.487361254,0.610950471,44.56321839,6.282490875,43962.7
1962.667684,9,453.5494221,45945,4236,14.1,0.0,43.7,42.3,45.2,2.35,63.1,25.3,21.7,10.7,28.7,17.0,62.1,2.6,64.7,47.7,38.9,36.8,19.8,95.5787037,0.972222222,0.439814815,1.574074074,59.25306577,6.165919283,46611.3
68.0,29,411.6,35235,14920,24.8,0.0,36.1,36.1,36.1,2.75,54.9,46.4,22.7,10.5,40.2,5.7,50.4,6.6,45.8,35.0,30.7,42.3,28.3,76.05070047,16.27084723,0.0,5.850567045,53.23834197,4.831625183,35815.95
886.0,291,452.9,42985,273955,22.9,29.20187622,32.4,30.4,34.1,2.97,35.8,22.3,37.2,5.5,32.0,12.2,57.2,14.1,49.4,41.0,35.8,32.4,23.7,21.9145019,66.81335459,5.185717386,3.785820667,35.92963409,5.066533644,43962.7
1199.0,454,464.2,46283,260263,18.9,810.7183887,34.0,32.6,35.5,2.47,44.3,7.1,20.4,11.2,23.1,21.0,59.6,9.1,73.4,58.5,52.1,31.0,15.6,81.6313018,10.97128747,2.321695644,0.716644856,44.01690236,4.426449927,46611.3
1962.667684,14,453.5494221,43100,5983,16.2,0.0,38.4,39.4,36.8,2.14,54.2,25.6,10.1,10.5,33.3,9.8,64.3,4.0,65.3,48.7,39.5,36.7,19.8,92.76511397,1.437066402,0.0,3.766105055,43.57501795,7.904411765,43962.7
228.0,109,428.1,34949,46017,26.4,0.0,41.0,39.8,41.8,2.52,47.8,26.5,39.4,4.8,39.6,7.7,54.5,10.3,52.7,48.7,36.1,40.7,26.8,63.86387253,33.20055421,0.528229997,1.075943886,45.68305405,4.348232654,35815.95
773.0,321,457.2,48440,182385,16.7,159.0043041,32.8,31.2,34.4,2.5,41.1,9.4,31.3,8.8,28.2,15.0,57.9,9.1,68.8,53.8,40.3,29.7,16.5,50.35489155,40.38594111,3.061939191,1.579501773,38.42890855,5.236698785,49534.0
3119.0,1430,422.4,40881,517887,17.7,96.54615775,46.3,44.5,47.9,2.46,46.4,15.7,29.5,6.0,33.8,14.1,47.0,9.1,59.7,41.9,34.5,40.1,20.2,82.91686436,10.52888614,1.695389691,2.495835972,46.00309721,4.314909294,41543.55
61.0,29,402.4,37644,13820,29.0,0.0,37.5,36.3,41.3,2.43,37.2,29.3,47.9,2.8,48.0,6.5,31.2,14.2,50.4,36.8,32.1,46.4,30.1,66.56947803,31.06954914,0.0,1.479163704,49.38118812,8.022922636,38888.25
98.0,34,461.2,50370,17094,11.6,234.000234,38.0,37.4,38.9,2.64,56.4,24.0,30.1,8.3,35.8,10.6,62.0,4.8,67.8,49.9,40.6,36.4,18.3,91.52562022,1.211453744,0.313007188,3.57060051,56.55389457,8.150028201,49534.0
250.0,96,484.7,54831,44478,11.8,0.0,41.0,39.9,42.0,2.54,51.6,20.7,34.3,3.9,44.1,9.2,60.7,8.3,69.2,54.8,50.1,30.2,15.8,94.38806508,1.264598006,0.735807025,2.37393398,50.57290758,6.002219308,58020.05
1931.0,677,525.7,61510,300813,10.0,365.6756856,41.8,40.0,43.2,2.56,51.4,9.3,28.7,9.1,35.3,17.2,59.2,7.3,77.1,60.3,54.2,30.1,13.5,86.47568888,5.04145306,2.749519385,2.400072092,53.42832095,4.239802406,93564.75
57.0,25,401.3,66878,18105,10.7,0.0,31.3,30.3,33.9,3.05,58.1,21.2,46.7,3.4,33.6,8.8,64.8,3.9,63.3,53.5,48.6,23.4,14.6,92.33979136,1.961251863,0.375558867,2.289120715,62.7100073,10.78180889,93564.75
1195.0,510,445.6,41147,254308,21.2,55.05135505,35.9,35.1,37.1,2.53,43.6,17.2,34.8,5.8,33.3,13.0,51.7,8.8,54.7,43.3,38.8,33.1,20.5,58.13573666,33.61147142,3.489512481,2.555838527,41.36584844,5.814864465,41543.55
197.0,77,472.5,47862,32852,13.8,0.0,41.7,40.2,44.5,2.49,47.1,17.4,37.3,4.6,42.4,8.7,50.0,6.7,72.0,54.3,49.8,36.0,18.0,87.84964771,10.29967643,0.278206175,0.456621005,50.96258932,3.100031959,46611.3
308.0,123,500.9,40195,43066,18.4,301.8622579,43.3,41.3,45.1,2.24,45.2,8.9,26.7,8.1,34.5,18.7,56.0,5.5,70.9,48.7,47.9,36.2,16.8,93.13655843,4.152439444,0.850195935,0.288745789,42.92698827,3.257226644,38888.25
126.0,63,463.6,29227,27005,34.8,0.0,34.1,32.8,35.7,2.81,29.3,23.3,29.5,4.4,28.3,9.5,38.2,20.1,42.3,32.6,28.1,45.9,32.2,25.78553259,73.0393035,0.383361399,0.24721436,33.19228961,6.248990796,28429.05
1149.0,405,509.4,60851,186818,8.9,48.17522937,42.7,41.5,43.6,2.42,55.6,8.9,32.0,10.3,34.9,21.1,60.8,5.9,81.0,64.7,58.5,27.6,11.2,96.32611517,1.163773837,1.079762398,0.135710785,55.70519362,4.004308281,58020.05
860.0,313,464.3,49890,127828,13.0,125.1681948,45.8,44.4,47.1,2.22,45.6,13.5,27.9,9.3,31.7,17.8,57.4,8.9,70.7,51.6,46.4,44.0,22.6,91.822907,2.798403564,1.517542231,1.222077842,43.45582911,4.573604784,49534.0
248.0,105,423.7,44531,45668,15.1,0.0,42.5,40.7,44.1,2.36,51.4,9.9,50.5,5.2,51.7,9.1,48.6,8.1,70.5,51.5,45.9,38.2,17.9,92.1491744,5.284712238,0.457456542,0.411710887,55.09433962,6.823375775,43962.7
81.0,31,467.7,50788,12097,9.8,247.9953708,44.1,42.7,45.2,2.27,60.7,17.8,32.4,10.0,43.2,11.2,63.6,3.8,75.7,56.9,45.4,34.8,15.3,98.08069258,0.547206795,0.563541326,0.187847109,54.17921687,8.382476832,49534.0
1962.667684,28,453.5494221,48658,10952,10.4,0.0,39.6,38.1,41.2,2.45,55.4,24.0,40.1,4.8,40.0,12.5,66.1,2.9,69.4,51.3,41.7,34.5,16.0,94.13786864,0.597068934,1.148905374,2.668717206,50.04494382,3.17533364,49534.0
99.0,43,460.2,38517,16232,18.0,0.0,43.1,41.1,44.2,2.64,54.7,28.6,34.7,1.8,35.1,8.3,48.0,7.6,51.7,48.7,22.1,45.1,23.1,71.74347446,1.473710503,0.162357937,8.823529412,52.12070411,8.040842374,38888.25
515.0,188,399.8,59569,194739,17.5,30.8104694,30.9,30.3,31.7,2.78,45.8,6.9,18.5,8.3,21.4,25.1,62.4,6.7,72.7,61.8,52.9,20.6,10.6,84.79573332,3.528345029,1.412464379,6.980660276,49.023794,4.207066557,58020.05
97.0,47,445.5,42582,15450,16.9,0.0,45.9,45.1,46.4,2.45,57.8,19.8,46.4,1.6,48.7,5.4,52.9,5.6,67.7,49.8,46.8,37.7,19.3,95.83573211,2.09812576,0.134331222,0.198298471,56.7692553,7.156549521,41543.55
1246.0,451,497.7,55482,201169,11.2,159.0702345,44.1,42.9,45.2,2.4,52.6,9.3,36.1,11.6,31.6,20.4,63.1,5.9,72.2,56.4,50.2,33.1,15.7,96.10180187,0.684087699,1.127793191,0.173776304,51.22310568,5.050755137,58020.05
149.0,57,388.1,41914,41122,21.8,0.0,30.3,29.5,31.1,2.62,46.6,7.7,22.4,7.0,27.1,18.5,59.3,4.1,60.4,49.7,39.8,27.3,15.6,90.86640525,1.461075451,0.676840081,4.398211744,48.38731814,5.054084297,41543.55
1962.667684,19,453.5494221,46495,5040,12.8,0.0,49.2,47.6,50.4,2.18,63.2,43.3,20.7,6.1,42.4,13.4,57.6,3.3,76.1,53.5,35.3,38.7,14.9,98.03272302,0.194779899,0.077911959,0.116867939,56.35407537,7.09382151,46611.3
1447.0,525,493.3,53316,215622,13.9,519.4275167,47.0,45.4,48.3,2.52,51.1,17.8,38.7,6.5,35.3,13.5,52.9,8.0,64.7,43.1,38.4,45.4,23.1,81.4512161,12.66316775,1.144706756,2.152415317,50.71997832,5.256787135,52796.0
56.0,32,336.8,31734,14295,31.7,0.0,40.5,36.1,45.6,2.35,39.3,36.9,44.4,0.0,37.4,7.2,33.1,15.8,49.7,35.3,29.4,47.8,28.4,60.72247308,34.09517193,0.347342827,2.181312956,44.32593857,7.14920071,28429.05
1962.667684,65,453.5494221,52272,25313,8.9,1896.258839,43.5,42.0,45.2,2.27,55.4,8.6,28.9,5.3,37.6,15.3,66.2,3.2,81.5,61.8,52.1,30.6,11.0,97.36914655,0.448977984,0.433224371,0.744358237,52.52364454,5.656722201,52796.0
416.0,153,446.1,56365,84559,10.6,236.5212455,39.1,38.6,39.8,2.49,53.8,8.2,33.8,7.5,36.5,15.6,65.9,5.5,77.2,61.6,55.7,30.3,14.3,94.51182643,0.828739107,0.688837513,1.971663999,54.73421158,4.73206677,58020.05
100.0,41,451.2,42659,13645,13.0,0.0,50.5,50.0,51.1,2.03,60.4,8.1,56.2,2.2,41.6,12.2,56.9,4.6,67.5,48.7,40.7,44.8,21.8,96.77536232,0.347826087,0.543478261,0.079710145,51.85074627,6.227254347,41543.55
932.0,394,495.6,36902,133628,20.2,97.28500015,44.2,42.1,45.8,2.41,47.6,18.7,42.0,7.9,49.9,9.7,48.1,8.4,65.5,48.7,43.7,41.3,21.9,92.92330053,4.125293843,0.196513189,0.26992755,46.48961979,5.078382982,35815.95
9.0,5,342.6,32722,1426,20.9,0.0,50.1,40.8,54.4,2.38,64.5,15.0,20.0,0.0,30.9,11.6,52.9,7.5,44.9,48.7,21.4,47.7,26.4,83.24503311,10.46357616,0.0,3.509933775,56.22047244,8.620689655,28429.05
465.0,163,470.8,52792,78288,12.7,102.1867975,42.5,41.2,44.0,0.0243,46.8,19.4,27.7,7.3,34.1,12.5,56.9,7.3,71.0,53.2,48.7,36.2,17.9,92.2839857,4.355020019,0.428176272,0.588584492,45.81880408,5.470136014,52796.0
275.0,127,426.0,47369,53213,14.6,1390.637626,39.9,38.8,41.1,2.5,53.6,13.7,31.4,5.3,42.8,13.1,57.0,7.8,70.7,54.0,50.1,32.0,15.4,96.93733667,0.836639155,0.537705165,0.342176014,54.49160425,5.646027941,46611.3
193.0,86,488.1,45288,28898,17.0,0.0,42.2,39.3,45.4,2.17,52.5,25.9,26.1,8.6,41.7,8.2,39.7,5.4,69.2,47.8,40.2,44.4,22.0,89.2326564,8.753577757,0.487256372,0.296442688,52.71734183,8.704627559,46611.3
17.0,7,355.6,72018,4646,9.5,0.0,41.7,39.6,44.5,2.6,56.2,24.1,35.1,11.0,34.3,15.4,61.8,4.3,66.8,48.7,35.3,28.2,14.4,83.79022646,0.095351609,1.334922527,0.834326579,58.12459859,4.710632571,93564.75
457.0,167,485.0,38887,112865,24.5,70.88114119,29.4,28.4,30.4,2.78,40.6,13.9,25.7,5.4,28.3,14.2,51.8,13.0,58.5,45.8,33.8,31.5,19.3,57.79175464,36.12801781,1.741119935,1.628048727,42.70748576,6.143722718,38888.25
2718.0,1065,432.1,51527,726106,20.7,60.59721308,33.5,32.4,34.6,3.16,47.9,18.7,30.8,5.0,26.4,12.5,52.7,13.7,57.2,47.1,41.7,37.7,25.8,57.00214804,7.093743032,14.78546448,11.69212227,51.85212235,6.148432798,52796.0
611.0,213,463.5,74008,175692,5.3,108.1437971,33.7,32.7,34.6,2.71,59.5,10.5,25.0,9.4,22.5,24.2,69.5,4.4,84.4,69.4,54.9,19.7,8.3,88.76187999,4.243699466,2.130124356,1.043193532,59.17428972,7.30321114,93564.75
396.0,160,425.8,44854,85842,19.7,139.7917104,41.6,39.4,43.3,2.7,47.1,22.1,37.8,4.6,34.0,14.5,50.9,9.9,61.1,48.7,40.6,37.4,20.2,73.83434035,22.79635258,0.754340844,0.822022323,48.64432727,4.939375314,43962.7
2147.0,713,429.2,66315,574326,12.5,208.9405669,36.1,35.3,37.0,2.66,53.0,14.1,31.7,12.0,19.0,26.1,63.6,7.6,73.3,62.7,56.2,24.6,13.9,77.57321875,1.808849176,9.28408335,5.691015983,53.19678723,5.186880244,93564.75
126.0,54,444.1,34733,21673,25.3,0.0,41.1,39.3,41.8,2.62,45.8,29.8,42.2,1.8,44.7,8.0,37.3,20.7,52.4,37.8,32.6,43.4,26.7,55.43052617,42.2289238,0.333078273,0.045010577,45.69355222,6.012145749,35815.95
3887.0,1269,529.6,87220,628715,8.2,146.3302132,42.3,40.9,43.6,2.67,53.2,10.9,26.8,17.4,25.6,26.1,60.8,7.9,78.8,64.2,58.1,24.2,10.7,82.60289104,7.286251262,5.283819544,2.606228693,55.28066751,4.571872443,93564.75
273.0,110,497.9,45914,51487,14.3,58.26713539,39.9,38.5,40.9,2.69,52.5,14.8,51.3,2.2,43.7,9.3,54.7,7.5,64.4,50.8,44.5,35.0,20.2,92.29077508,3.930892376,0.491361547,0.739023617,54.88790688,4.968421053,46611.3
211.0,97,412.7,39079,35125,18.0,28.46975089,45.3,43.1,46.9,2.43,47.8,15.6,34.8,7.0,36.5,10.1,49.4,7.5,59.3,42.3,35.6,41.0,21.8,60.49400101,36.92615333,0.599898609,1.056159522,46.83916084,5.521048999,38888.25
57.0,30,415.2,35977,10980,20.1,0.0,40.6,40.3,41.2,2.58,49.0,12.2,34.0,2.7,35.5,10.2,46.9,6.7,46.8,26.7,20.3,44.0,26.6,71.88350572,1.868989294,0.553438577,0.934494647,46.75792507,5.684647303,35815.95
47.0,19,319.3,42174,12687,18.6,0.0,40.1,38.0,44.5,2.48,43.9,20.1,49.7,6.9,48.9,9.0,39.2,6.8,70.3,53.2,44.0,36.5,17.4,85.50305117,9.724612737,0.234705054,0.430292599,54.87220447,2.755102041,41543.55
526.0,205,512.4,50407,106439,14.3,112.7406308,35.7,34.0,37.7,2.58,52.8,10.0,39.4,6.5,32.1,13.0,55.3,8.2,72.2,52.8,36.2,33.7,16.4,79.82404747,11.69079969,2.279385096,0.95788113,51.27798692,5.822489804,49534.0
50.0,20,398.7,44188,10139,15.6,0.0,38.8,38.3,39.4,2.53,51.3,12.0,13.4,2.4,36.2,15.9,55.8,6.3,68.3,55.0,46.7,34.0,18.1,91.66175604,5.156157926,0.235710077,0.441956394,54.17001877,6.633574007,43962.7
480.0,225,466.1,41814,86290,19.1,637.3855603,40.3,38.8,42.0,0.0245,49.4,11.7,37.9,6.2,42.9,9.8,54.8,8.3,61.9,46.0,42.6,41.9,25.1,92.5874256,3.292410714,0.348772321,0.23484003,48.00210151,5.739536774,41543.55
24.0,10,337.1,31227,6251,29.9,0.0,46.1,45.5,46.9,2.39,52.1,35.2,28.6,6.8,24.7,17.9,49.4,9.7,33.3,24.6,19.2,46.1,32.4,87.6563001,0.368707919,1.122154537,6.588650208,44.03387221,7.037358818,28429.05
164.0,66,466.6,40862,27895,18.6,0.0,41.2,39.0,42.6,2.62,51.8,24.3,49.0,1.8,37.0,10.6,51.4,8.3,52.2,38.0,31.9,37.2,21.5,90.58772967,2.449768991,0.390387164,3.996991512,49.61181594,4.602721317,41543.55
753.0,330,384.5,48537,165829,16.6,6.03030833,40.9,39.3,42.3,2.53,49.9,17.2,33.8,6.7,31.0,15.9,52.8,9.9,65.2,48.3,43.4,35.8,18.8,69.67262123,24.80232814,0.767503722,2.366571491,48.94044517,5.643104513,49534.0
1962.667684,13,453.5494221,41303,3704,13.5,0.0,50.7,50.3,50.9,2.21,60.7,10.0,37.2,4.8,35.3,13.0,59.4,3.2,76.0,49.8,31.2,39.1,15.4,97.48663102,0.427807487,0.160427807,0.053475936,56.26874625,8.463949843,41543.55
15.0,7,327.2,56080,2944,10.4,0.0,44.1,41.6,45.6,2.32,65.5,27.4,31.4,4.0,31.1,13.5,64.6,1.7,78.8,59.5,38.9,29.3,10.3,98.8372093,0.136798906,0.0,0.239398085,62.42960579,6.593406593,58020.05
81.0,31,497.1,47023,14408,15.6,0.0,41.5,40.7,42.2,2.67,55.5,10.7,47.6,10.3,47.9,7.2,56.2,6.4,67.0,53.8,49.5,36.5,21.2,98.15350696,0.571861651,0.0,0.0,56.23599701,5.568862275,46611.3
33.0,14,326.6,33998,8130,22.9,0.0,38.4,38.1,39.0,2.78,56.3,21.2,38.1,0.7,32.8,14.5,48.4,9.7,45.9,35.6,30.1,47.3,30.1,91.6595951,0.096981452,0.169717542,4.33991999,54.91858887,7.34055355,28429.05
87.0,34,453.2,50108,12773,12.0,0.0,44.6,43.4,45.9,2.31,57.0,18.2,35.9,9.9,37.5,12.1,58.8,5.7,71.9,51.4,43.7,38.3,17.3,94.6737786,0.378787879,0.502473717,2.837043908,51.02820746,6.48694187,49534.0
142.0,53,485.2,57067,25793,11.2,0.0,41.9,40.8,42.7,2.55,56.7,9.4,39.7,8.1,28.9,20.2,63.3,4.8,75.7,60.4,52.1,28.2,13.5,89.69862148,4.684599281,0.209345499,2.966386223,55.73352377,4.961767205,58020.05
1225.0,396,450.4,64257,274146,16.1,83.89690165,37.0,35.9,38.3,2.72,44.9,8.5,21.9,8.7,15.5,23.2,59.4,7.6,68.3,56.0,45.6,29.9,17.8,80.54538432,0.941406279,4.403256115,8.990337124,47.95784899,4.539151472,93564.75
1976.0,720,447.3,65555,401515,9.5,249.0566978,41.3,40.1,42.5,2.59,54.9,11.8,33.9,9.3,23.5,21.5,59.2,8.3,75.3,48.7,51.8,28.3,13.5,89.27146298,0.912853907,4.087685331,1.526558785,54.65082062,5.072389596,93564.75
43.0,21,434.0,41363,9067,20.7,0.0,35.5,32.3,42.9,2.45,45.9,41.7,32.3,1.8,33.4,8.5,38.4,5.5,63.6,48.7,38.0,29.9,13.0,80.43407133,10.97175264,0.479877849,5.376813175,56.62913186,2.90368272,41543.55
121.0,51,430.4,31217,20199,27.7,0.0,44.8,40.6,47.8,2.59,39.0,30.5,37.6,3.9,40.3,7.4,41.8,13.5,50.8,36.4,29.0,46.1,25.8,36.20723267,61.97972512,0.453260552,0.160834389,41.0637149,4.823151125,28429.05
78.0,36,407.4,40980,17471,20.1,0.0,37.2,36.1,38.2,2.66,48.6,11.1,24.1,6.1,38.5,9.0,51.1,13.5,61.4,48.7,42.0,34.2,19.7,86.53313323,10.54029093,0.32902332,1.587393212,52.354297,5.429553265,41543.55
53.0,26,394.5,37497,8338,22.6,0.0,47.1,47.0,47.3,2.49,61.5,33.6,37.9,2.1,41.1,9.2,46.7,8.2,46.8,28.9,25.0,44.3,22.8,93.40440487,2.366447985,0.820056232,1.546391753,57.94419971,3.569230769,38888.25
2075.0,694,482.2,71233,406678,8.7,105.7347582,40.1,39.2,41.1,2.55,51.4,12.9,31.8,14.9,27.2,23.0,66.1,5.9,76.7,64.4,59.0,25.2,12.7,90.78351965,2.388531878,3.608418405,0.934223164,51.98701098,5.055576216,93564.75
83.0,36,508.3,43024,13170,17.3,0.0,39.7,38.2,42.0,2.54,56.5,17.5,41.1,1.8,42.3,5.3,48.9,7.2,62.7,48.7,45.5,38.6,20.8,92.07905967,4.439619675,0.029946844,1.347607996,56.54123611,4.724137931,43962.7
33.0,13,543.8,27877,4585,37.4,0.0,38.5,33.7,40.4,2.64,32.9,31.2,30.8,0.0,30.6,16.0,45.1,22.1,41.7,31.0,24.4,47.7,32.7,27.92924037,71.55046826,0.353798127,0.166493236,33.29564726,7.020547945,28429.05
3932.0,1349,494.7,90039,696023,6.5,22.98774609,40.9,39.6,42.2,2.58,52.2,8.7,26.0,22.6,21.0,28.0,64.5,6.9,83.6,68.4,62.8,26.9,12.1,80.7158717,6.262568687,9.69608315,1.177221577,52.83939201,4.696647392,93564.75
46.0,15,490.7,50751,9398,20.5,0.0,36.9,38.0,36.1,2.81,53.8,14.9,44.9,3.9,32.7,14.8,57.4,10.6,59.0,48.7,40.3,27.7,14.2,61.01368691,0.203165098,0.588109495,1.21899059,52.04855842,4.558969277,49534.0
141.0,61,467.9,34008,27241,24.5,0.0,34.9,34.4,36.1,2.5,52.1,25.8,37.5,1.8,39.2,10.5,51.7,9.6,46.3,36.4,32.5,39.4,26.5,66.40205807,25.69276001,0.915104741,4.318265344,48.43179478,4.553734062,28429.05
418.0,159,472.2,55047,61509,11.6,130.0622673,46.6,45.8,47.9,2.37,49.3,16.9,30.3,11.6,30.7,14.4,57.7,6.7,73.1,55.1,48.9,36.9,17.5,89.89629391,4.39424391,1.739689686,0.903609615,48.37725381,3.458303859,58020.05
285.0,121,445.6,39937,59710,23.6,150.7285212,36.3,35.0,37.7,2.5,45.7,16.1,24.1,10.5,29.0,14.2,54.5,12.6,57.5,43.1,35.5,38.5,21.7,53.79654601,43.83323004,0.703529372,0.626476155,44.66265578,6.778509815,38888.25
40.0,17,389.8,46394,7758,14.9,128.8992008,38.9,38.0,41.9,2.35,54.8,25.2,33.0,6.1,38.5,9.5,54.3,5.9,59.3,48.1,37.1,35.4,22.5,92.15538847,4.185463659,0.313283208,2.130325815,51.68165168,13.23328786,46611.3
24.0,12,403.1,52711,3687,10.2,0.0,47.1,47.3,46.9,2.16,56.5,17.6,52.0,2.7,30.4,17.8,64.5,2.7,76.9,57.6,41.9,31.8,12.9,92.75482094,0.055096419,0.165289256,1.267217631,49.84746797,3.617945007,52796.0
2294.0,871,484.4,47199,451324,17.7,276.9628914,37.3,35.9,38.7,2.39,49.0,9.5,27.4,12.1,26.5,21.0,59.9,6.5,71.1,58.0,51.0,29.4,16.4,85.65156139,9.069468075,2.013061834,0.913698273,46.71082117,4.759828048,46611.3
183.0,95,425.2,29609,32535,28.3,0.0,41.0,38.4,43.7,2.64,37.2,23.1,37.0,4.0,40.3,7.3,42.9,11.6,51.8,48.7,34.3,44.1,26.3,32.01456165,66.06594861,0.153438835,0.397135808,39.62978544,3.907462265,28429.05
86.0,30,428.5,45229,13886,12.4,144.0299582,45.1,44.0,45.9,2.26,61.1,9.4,39.2,11.7,42.1,11.6,61.4,6.0,72.2,52.9,43.5,35.2,15.5,96.67140825,0.704125178,0.277382646,0.327169275,55.70436508,8.380520951,46611.3
174.0,71,427.8,46466,33775,11.8,0.0,40.0,38.6,41.6,2.51,55.2,17.0,38.0,5.3,40.3,10.5,60.3,4.3,73.4,48.7,54.8,28.3,13.6,94.8526791,1.642509208,0.24949507,0.88808364,54.80842619,7.615257958,46611.3
409.0,134,420.4,51440,110089,15.5,36.33423866,32.4,32.1,32.8,2.9,56.8,16.7,40.7,5.6,27.5,19.1,60.8,5.6,70.0,55.8,44.7,28.7,15.0,90.22340149,0.455523806,0.837755594,5.401343378,58.56730088,7.807625299,52796.0
102.0,41,459.7,44180,17527,13.5,2795.686655,40.2,38.2,41.5,2.42,50.1,4.3,22.0,3.8,35.0,15.3,57.0,9.2,69.5,48.7,43.7,37.9,20.7,91.25473137,2.638269024,1.723066493,2.852946161,50.7687802,4.706770702,43962.7
13.0,4,351.1,42907,2501,14.8,0.0,40.9,40.9,40.9,2.59,56.6,46.3,13.8,0.0,36.5,11.3,46.9,6.8,61.7,44.2,35.6,35.7,19.1,92.91368262,1.997738409,0.490011308,0.753863551,55.89692765,4.31372549,43962.7
37.0,13,484.2,44427,4741,10.9,0.0,49.6,48.1,50.1,2.15,55.9,15.7,7.1,4.5,30.8,13.1,59.2,3.3,65.1,41.6,34.0,40.7,16.5,96.46496153,0.249532127,0.332709503,0.519858598,48.76260312,11.20381406,43962.7
611.0,258,458.6,36890,124132,23.3,805.594045,36.7,34.4,39.1,2.56,45.5,18.0,31.3,4.8,29.7,13.0,52.1,12.4,58.7,41.5,30.0,40.2,23.3,57.2691086,31.32805275,1.156366853,7.007357967,44.50241952,5.691592675,35815.95
55.0,16,447.7,125635,13892,3.2,0.0,37.7,37.1,38.6,2.57,55.3,4.1,17.5,37.5,7.5,34.4,72.0,4.2,92.3,78.2,70.7,13.5,2.7,77.63751127,2.126540427,11.42921551,3.554253081,53.27138986,3.066180935,93564.75
264.0,112,500.2,46484,43839,15.0,0.0,40.8,40.3,41.3,2.62,54.1,7.6,45.3,3.1,48.1,8.0,53.3,9.9,63.2,49.4,45.1,37.4,21.5,97.2359708,0.98537754,0.185323299,0.19436346,54.66050864,8.672957238,46611.3
135.0,23,1014.2,46954,15052,20.1,0.0,24.6,25.6,23.6,2.37,26.2,1.5,10.0,10.2,15.5,27.1,44.5,8.5,83.3,67.6,52.2,22.0,8.9,74.88816592,15.27721296,5.889928155,0.460891962,36.33759365,2.181467181,46611.3
86.0,43,369.7,42291,20573,18.3,0.0,38.1,37.4,38.9,3.07,51.1,35.8,37.9,1.1,33.7,10.1,54.9,6.5,49.1,38.2,33.3,35.7,22.6,56.41978981,6.702359707,0.094189966,33.72992267,51.15022387,6.233766234,41543.55
2881.0,1084,483.7,69992,672228,18.4,651.5646477,33.7,33.5,33.9,2.22,27.3,10.5,22.6,23.0,18.0,23.3,61.8,9.6,69.6,55.6,48.2,35.1,21.7,40.2056267,48.87333123,3.679164273,4.194543803,23.91565163,4.581891653,93564.75
3400.0,1382,466.5,44852,660367,19.5,284.6901799,37.4,35.7,39.1,2.47,43.9,13.2,29.0,10.6,26.5,18.6,56.0,9.1,66.7,52.3,46.3,33.2,18.7,52.76878302,42.34825333,1.570196017,1.912367646,41.80064309,5.582491665,43962.7
178.0,75,463.7,43918,36462,18.9,0.0,37.5,35.9,39.3,2.69,55.0,29.6,46.1,5.1,42.7,10.7,50.5,5.7,59.6,44.4,35.0,35.9,19.8,82.13133291,13.17466008,0.612261783,0.554345128,55.69495134,3.558718861,43962.7
235.0,104,407.6,45430,43190,12.0,0.0,43.8,42.3,45.1,2.47,55.6,14.5,39.5,5.7,39.5,12.2,57.9,6.0,68.9,48.7,45.4,33.4,15.9,93.12798427,2.375713884,0.512592454,1.956745623,53.77866168,7.406593407,46611.3
476.0,198,503.0,37625,76825,27.2,767.9791734,39.5,37.2,41.4,2.5,47.1,15.4,35.1,3.2,40.5,8.6,44.0,9.6,55.2,40.7,37.9,46.2,29.0,94.35507646,2.636604843,0.439647769,0.255072612,46.52861953,4.764332654,38888.25
132.0,44,520.4,64533,29202,11.8,0.0,36.7,35.9,37.3,2.76,56.4,22.6,23.2,10.0,28.6,13.7,59.1,7.2,73.5,60.6,52.2,24.5,14.1,75.03972915,19.8991225,2.318109583,0.72894355,61.04842736,5.414364641,93564.75
1526.0,667,485.1,35681,315685,28.8,2369.45056,34.6,34.0,35.4,2.2,28.6,16.1,24.9,14.5,23.6,18.3,56.7,12.4,55.5,46.4,41.0,35.3,23.9,45.74547743,47.68475696,2.845367312,0.820827434,24.42907814,4.685604704,35815.95
1962.667684,100,453.5494221,49513,65787,17.9,45.60171462,30.1,29.3,31.0,2.46,43.6,3.1,15.9,7.0,28.1,21.6,68.0,4.9,79.5,65.7,56.3,26.5,13.0,92.06909789,3.107869482,2.031477927,0.42840691,46.2430072,4.61118069,49534.0
116.0,53,467.6,37413,21540,27.6,0.0,38.2,37.1,38.7,2.61,48.4,35.2,27.4,2.3,38.6,9.2,50.0,9.5,54.9,36.4,31.9,37.9,21.3,56.31081457,41.81262163,0.05560189,0.95449912,47.41114254,5.374121538,35815.95
61.0,23,434.4,55465,11337,11.4,0.0,40.8,35.9,44.8,2.31,61.1,27.4,31.5,10.3,33.8,11.3,64.8,3.9,73.2,58.4,52.8,30.7,15.9,92.72325376,0.114942529,0.309460654,0.707338638,55.21331946,6.383909051,58020.05
109.0,53,442.6,28518,19105,32.1,52.34231876,37.5,35.6,38.8,2.24,29.7,10.5,19.6,3.5,30.9,10.9,45.3,16.9,59.1,36.8,31.0,43.3,24.7,16.83484864,81.28184634,0.214806674,0.594464982,28.39305781,2.800074669,28429.05
373.0,156,489.4,37410,63402,23.4,0.0,39.9,39.0,41.5,2.54,51.3,14.6,48.9,7.2,42.1,10.0,50.2,10.1,55.2,39.7,34.6,42.3,24.6,88.56807251,4.052445277,0.709535072,3.82387022,49.59542297,5.325701036,35815.95
858.0,275,417.9,59293,243645,12.3,221.6339346,31.8,31.3,32.3,2.94,54.5,14.1,34.2,2.9,29.1,15.9,54.5,6.3,72.9,60.7,53.5,23.5,11.9,88.21318742,1.114872508,1.151741648,5.624219673,56.7665373,7.55683473,58020.05
9.0,3,338.6,62010,1846,10.6,0.0,48.5,45.8,49.6,2.3,72.5,11.6,35.7,8.9,30.3,13.7,59.1,3.6,80.1,60.9,41.4,27.0,7.8,92.52336449,0.329851567,0.164925783,1.209455745,66.16161616,15.4340836,93564.75
53.0,24,372.8,57177,11004,12.0,0.0,48.6,47.8,49.2,2.55,61.9,13.1,22.6,15.5,30.7,19.7,52.4,6.4,64.8,46.2,37.0,32.7,12.7,92.84715098,0.606173645,0.484938916,2.471323324,60.61479347,3.865213082,58020.05
188.0,85,444.2,49467,37585,13.5,0.0,37.5,36.4,39.3,2.52,45.4,12.5,34.4,3.9,42.8,8.7,50.1,7.3,73.9,58.2,53.4,28.2,13.4,93.15272244,4.124833997,0.871181939,0.241699867,52.81049885,4.543828265,49534.0
257.0,101,457.1,47841,41304,11.2,0.0,44.3,43.6,45.2,2.41,55.5,12.7,47.0,3.6,45.3,10.5,60.5,5.4,68.9,53.7,47.2,35.5,19.1,89.41366119,0.288718331,0.459543344,0.295936289,53.8656602,4.11444786,46611.3
48.0,25,407.9,30935,8558,25.1,0.0,41.8,39.1,44.5,2.48,52.5,18.7,56.4,0.0,42.8,10.0,54.5,9.5,48.4,33.0,26.0,47.1,29.8,67.18981008,30.76310702,1.285113158,0.0,48.21428571,5.091311566,28429.05
249.0,110,439.8,59280,49455,11.7,0.0,41.7,40.9,42.4,2.63,56.6,23.1,27.2,6.7,39.6,13.2,54.5,8.1,76.2,62.0,57.5,27.7,12.5,97.11749431,0.793091648,0.54952797,0.545502124,58.24836321,3.263424336,58020.05
236.0,99,436.6,47905,33969,11.7,58.87721158,49.8,48.5,51.0,2.25,53.5,20.9,38.5,11.5,32.1,18.7,57.1,4.2,65.3,43.2,37.1,42.9,18.2,97.3357536,0.117109732,1.159386345,0.014638716,50.57139016,5.786534285,46611.3
84.0,39,417.3,40455,14903,16.1,0.0,43.0,41.7,44.3,2.52,56.8,14.1,49.1,2.4,42.8,8.8,51.2,11.0,61.4,42.9,37.6,43.5,23.7,96.96423806,0.527088337,0.447024286,0.246864158,55.69382884,4.809286899,41543.55
124.0,58,448.8,41370,25574,17.2,0.0,34.1,33.2,36.4,2.48,51.9,14.0,34.0,4.0,27.2,12.8,52.6,7.6,62.1,44.2,27.8,35.4,18.3,72.54375192,7.599017501,1.458397298,9.579367516,47.83757339,6.363038474,41543.55
154.0,54,447.6,38530,27548,21.1,36.30027588,41.1,39.7,42.3,2.52,48.8,17.9,45.0,3.1,30.0,10.6,47.5,10.5,51.5,38.7,31.6,40.7,25.2,77.21459367,18.48121445,1.565160683,1.336908083,47.12882509,5.65466173,38888.25
11.0,4,293.6,46404,2219,14.2,0.0,49.8,50.4,47.7,2.3,61.9,11.0,32.9,8.5,29.4,19.6,49.1,7.4,62.8,48.7,34.8,44.9,21.6,97.44394619,0.0,1.210762332,0.0,58.13221406,13.55498721,46611.3
2624.0,1086,478.8,50774,487865,17.6,94.28837896,38.1,36.6,39.5,2.65,44.7,19.8,34.8,6.4,35.4,13.8,55.3,10.5,64.7,51.8,48.0,33.1,19.5,61.73178789,24.85313143,1.35497441,8.969153533,44.50887548,5.596850638,49534.0
244.0,91,500.6,51227,51961,14.7,38.49040627,37.4,35.8,38.1,2.65,55.1,15.1,32.6,9.1,28.9,16.2,58.9,8.8,68.0,54.9,47.6,32.7,19.1,92.25083453,3.598394532,1.144492132,0.713320617,57.68894714,5.553303608,52796.0
13.0,7,347.7,38802,2057,15.5,0.0,47.8,46.6,48.6,2.25,59.5,18.6,29.9,9.0,42.3,11.0,57.7,4.3,69.8,52.8,40.0,32.9,14.3,97.40634006,0.0,0.0,0.0,55.0,3.291139241,38888.25
245.0,102,466.9,46214,40048,14.6,449.4606472,41.6,39.0,43.7,2.4,50.4,8.9,33.8,6.8,30.7,16.7,58.1,6.1,69.8,51.3,44.4,34.3,14.9,89.75338747,0.392166721,1.008069584,0.253902813,48.72639165,6.338028169,46611.3
71.0,30,412.1,47217,12594,11.3,0.0,43.4,42.8,44.2,2.49,59.7,21.5,42.3,6.7,46.7,7.4,58.0,5.1,73.0,54.3,50.4,34.5,13.9,99.37731536,0.189170017,0.07882084,0.0,58.91069283,6.414219475,46611.3
86.0,29,518.1,72041,14909,6.3,402.4414783,40.8,39.8,42.2,2.48,58.9,20.5,33.8,9.3,30.0,17.6,65.3,2.9,84.8,66.8,59.2,24.2,7.5,94.29995957,0.316668913,1.603557472,0.902843283,55.9521805,7.245912151,93564.75
26.0,10,357.4,39572,4312,11.6,0.0,46.9,44.9,50.1,2.08,58.1,16.3,12.2,21.1,33.2,13.5,60.3,0.9,79.1,48.7,36.6,28.7,9.0,96.63253697,0.523321957,0.0,0.068259386,50.99108028,9.305373526,38888.25
134.0,49,512.6,35974,17587,20.6,0.0,46.2,45.0,47.8,2.35,59.5,9.3,42.4,10.0,33.2,12.9,47.8,11.0,57.2,48.7,32.6,42.3,22.7,96.52919791,1.175869121,0.193137923,0.925925926,56.701726,3.944716384,35815.95
1962.667684,70,453.5494221,57878,28941,8.8,1209.356968,42.0,40.2,43.6,2.37,58.9,15.9,21.6,11.3,29.1,19.3,66.0,3.1,80.7,48.7,56.0,27.8,10.9,94.78326268,1.046082319,0.680295364,0.994803774,56.52616402,6.078625702,58020.05
391.0,163,408.9,57808,74314,9.8,26.91282935,44.2,43.0,45.4,2.5,57.3,16.2,50.0,2.8,40.1,14.7,56.2,4.7,74.9,55.8,47.9,30.9,13.1,93.09818643,4.045751016,0.580665199,0.773770138,59.29662522,5.594450511,58020.05
1962.667684,98,453.5494221,49365,50885,15.8,19.65215682,33.9,33.8,33.9,2.46,45.1,4.4,24.2,6.9,29.6,18.5,66.0,6.2,78.2,48.7,51.5,26.7,11.8,94.12063343,1.431277215,2.554039014,0.445199461,49.48604993,4.802427113,49534.0
30.0,14,425.6,48511,5173,13.9,0.0,42.3,40.0,47.5,2.13,48.5,30.4,31.1,2.8,40.7,10.8,47.6,3.6,73.5,56.7,46.1,30.9,14.6,87.38145926,7.122121153,0.832204374,2.690149023,51.00742312,4.337050805,49534.0
880.0,302,499.6,55250,196762,12.2,152.4684644,37.4,35.9,38.5,2.78,54.5,19.4,35.6,6.3,28.0,18.9,60.9,9.2,70.1,57.9,50.5,27.2,15.3,74.86874585,16.49794293,2.524751161,3.683078965,56.38540224,5.372694672,58020.05
63.0,28,504.4,34116,10147,23.3,0.0,38.5,35.6,42.5,2.48,48.2,35.1,42.5,0.0,42.2,9.9,45.7,8.3,50.5,36.4,33.2,37.6,20.1,66.30233239,32.45828047,0.039035815,0.087830585,50.90715048,2.469135802,28429.05
149.0,68,296.2,37465,46461,23.6,0.0,36.5,33.5,38.9,3.04,53.1,25.2,27.5,5.9,25.3,14.6,49.1,11.3,49.5,32.7,28.0,44.6,27.9,79.75484885,0.350519406,0.989951777,17.06498417,53.67536949,6.643259725,38888.25
84.0,32,510.0,42105,11703,16.1,170.8963514,43.7,41.9,45.2,2.37,55.1,19.9,39.3,4.8,42.3,7.8,54.3,9.4,63.4,46.1,39.5,39.2,20.3,96.09682553,1.365273473,0.318284613,0.184270039,50.9848174,4.500642949,41543.55
102.0,45,484.9,39999,14124,16.9,708.0147267,47.5,46.7,48.3,2.27,55.5,22.6,42.0,3.5,43.2,10.1,55.2,5.9,60.6,42.3,36.3,46.4,25.3,96.85867521,0.982099324,0.376123146,0.362192659,50.79339638,4.399845619,38888.25
197.0,86,492.8,37537,32267,22.5,0.0,41.2,40.1,42.4,2.61,41.2,25.2,33.0,2.4,36.5,9.3,47.4,13.8,54.9,42.2,37.1,42.8,26.7,60.08416267,38.40459516,0.07371913,0.122865217,41.38070246,6.686006354,38888.25
111.0,49,482.7,40668,22343,22.8,0.0,37.6,37.0,39.0,2.63,46.2,15.8,51.4,2.6,42.3,6.0,39.3,9.2,56.5,41.3,37.5,42.2,24.4,80.00626062,14.39048386,0.084965567,1.565155174,50.20147284,3.728510828,41543.55
1962.667684,36,453.5494221,65373,23298,10.0,0.0,34.7,34.7,34.6,2.72,62.3,9.2,35.0,6.5,31.2,21.2,64.8,3.7,80.4,66.0,52.1,23.8,10.7,94.08618785,1.290607735,0.901657459,0.685082873,62.60986328,8.095893103,93564.75
7861.0,2722,473.1,84026,1585139,8.9,49.20704115,38.5,37.1,39.9,2.56,50.2,9.2,26.6,22.2,21.1,26.2,65.5,6.1,80.7,67.6,60.8,27.2,13.9,79.05310401,4.882669415,10.49960286,2.388125307,51.20807592,4.75120604,93564.75
101.0,54,405.0,45159,17086,13.5,0.0,44.9,44.6,45.0,2.72,52.7,21.2,42.3,1.0,36.2,12.0,49.5,7.5,54.8,38.1,30.0,41.5,23.3,87.72816458,7.836375528,0.356739402,2.651762887,51.74210355,8.203125,43962.7
91.0,39,437.6,30349,14880,29.7,0.0,40.3,38.6,41.4,2.41,37.7,17.1,24.0,0.0,25.2,12.5,44.0,10.9,47.1,28.7,24.3,48.2,28.5,35.8281493,62.30559876,0.39528253,1.023846553,38.23678433,10.6400665,28429.05
25.0,14,445.6,46744,3452,11.4,0.0,49.5,46.9,50.6,2.19,62.4,15.1,27.4,5.7,37.6,12.4,59.7,1.7,74.1,53.3,38.9,33.7,12.0,97.36842105,0.20242915,0.26026605,0.08675535,55.94855305,5.410122164,46611.3
1962.667684,11,453.5494221,53903,4330,11.7,0.0,39.8,36.5,42.4,2.51,61.7,28.1,44.5,1.2,31.1,16.4,54.5,2.8,76.1,48.7,49.8,27.2,11.2,88.31850331,0.844170659,1.049509468,8.167921515,61.09799292,12.21973094,52796.0
1962.667684,12,453.5494221,38848,3683,12.9,0.0,48.5,46.5,49.7,2.08,59.6,18.0,22.0,15.6,36.3,15.1,61.1,4.0,74.6,48.7,38.9,34.8,13.6,97.67318879,0.396615547,1.05764146,0.105764146,50.90702948,4.141104294,38888.25
96.0,38,460.0,41759,16491,18.1,0.0,40.7,35.9,48.6,2.22,43.0,49.0,25.6,3.2,34.3,7.3,30.3,6.1,62.1,48.7,38.6,46.0,24.8,75.91359136,20.56405641,0.108010801,1.320132013,51.50548355,5.340223945,41543.55
13.0,6,399.0,34326,3423,34.8,0.0,29.4,29.0,30.0,3.24,41.0,58.2,17.2,0.6,28.8,14.4,48.7,14.7,36.6,27.9,19.7,48.8,36.4,31.29726585,0.959860384,0.0,0.0,41.80952381,5.882352941,35815.95
72.0,27,444.9,58268,8862,10.6,225.6826901,51.1,50.8,51.3,2.3,63.6,15.8,52.6,14.2,33.3,16.2,51.1,3.3,80.6,57.4,49.9,33.6,10.6,86.32882883,10.25900901,0.484234234,0.416666667,60.61481871,1.906898486,58020.05
50.0,23,492.6,49768,7040,13.1,0.0,48.6,47.6,49.4,2.47,44.7,11.3,41.6,4.0,39.3,7.2,54.6,8.2,67.0,48.7,44.0,36.3,18.4,42.03427929,48.21579095,0.266928913,0.182635572,45.2306625,4.814305365,49534.0
248.0,110,463.0,36973,45063,24.5,221.9115461,39.4,38.2,40.8,2.53,45.8,29.3,32.5,7.0,32.7,10.5,49.5,10.5,53.8,40.8,33.8,39.9,23.7,59.8719436,36.475995,0.86560771,1.086471533,43.89416163,6.247570929,35815.95
493.0,204,400.5,61935,94409,8.2,21.18442098,43.5,42.3,45.0,2.4,55.7,12.0,36.9,12.5,26.4,22.7,59.2,5.1,79.6,48.7,53.7,29.1,12.8,88.97717685,5.810985443,2.851558745,0.145247936,53.38800964,5.404491669,93564.75
208.0,82,451.7,55630,35149,10.5,56.90062306,45.2,44.2,46.0,2.26,54.2,11.5,51.8,7.6,31.6,20.8,61.3,5.7,69.4,51.2,43.3,39.1,19.0,95.9221475,0.732360652,0.712413086,0.142482617,49.67867575,5.263857504,58020.05
223.0,93,459.2,42491,31212,14.9,32.03895937,48.1,46.7,49.5,2.13,51.5,13.2,43.9,7.6,39.1,11.7,54.2,6.9,61.8,43.2,38.6,43.5,22.5,95.54753687,1.735174145,0.429871352,0.335738939,48.23214537,5.975049245,41543.55
128.0,48,461.6,49142,25235,12.6,118.8825045,40.5,40.3,40.8,2.39,49.1,9.3,34.7,11.0,28.6,24.3,64.6,4.3,63.8,48.7,41.2,40.3,23.8,95.90042754,0.76317577,0.511447637,0.707236185,47.77908805,3.897685749,49534.0
34.0,16,387.4,35607,5737,25.1,522.9213875,43.4,38.1,52.0,2.2,52.7,24.5,34.6,0.0,32.6,10.3,45.1,6.9,54.0,36.1,29.3,44.1,23.9,88.26242952,3.263283786,0.973859559,4.339654878,50.32822757,4.519119351,35815.95
47.0,21,410.3,50999,6995,11.7,0.0,49.1,49.2,49.0,2.26,57.3,16.5,34.0,2.7,44.0,11.2,56.8,7.0,76.1,54.5,47.7,37.0,14.0,97.62851463,0.085203067,0.624822494,0.170406135,52.84421461,3.706395349,49534.0
33.0,12,538.6,39918,3789,13.7,0.0,48.2,46.7,49.2,2.31,55.6,41.2,34.0,0.0,34.3,11.1,50.7,6.5,56.4,36.4,30.5,41.8,16.8,89.19202518,0.078698846,0.577124869,0.419727177,51.69230769,4.80349345,38888.25
175.0,78,418.6,33125,43108,28.1,0.0,35.2,34.1,36.7,2.73,41.7,20.1,41.3,3.4,39.1,8.6,45.9,8.3,46.4,36.8,32.9,38.4,26.3,66.22561217,28.2468665,0.644141106,4.099713973,44.44522031,5.763286469,28429.05
93.0,42,420.0,32744,13445,22.0,0.0,48.1,45.9,50.4,2.28,56.7,21.5,36.5,0.2,40.0,8.1,40.8,10.0,53.1,48.7,28.9,49.3,26.6,96.96587537,1.201780415,0.215133531,0.400593472,55.21715624,4.812157028,28429.05
132.0,57,472.9,51986,22810,15.3,0.0,41.5,40.1,43.1,2.63,55.0,22.0,34.4,8.4,47.3,9.2,55.5,8.2,72.9,55.7,51.7,32.7,14.5,95.73618167,1.354695845,0.204072771,0.329990013,56.25722878,4.663623735,52796.0
74.0,30,529.5,33091,10125,22.1,0.0,43.1,41.6,44.4,2.46,50.8,16.4,46.4,0.5,40.4,7.0,46.6,11.4,52.1,39.3,35.3,43.6,24.9,95.04940903,2.606084092,0.0,0.261577214,50.22244192,3.896713615,28429.05
1962.667684,55,453.5494221,72648,51935,10.8,0.0,33.5,32.9,34.1,2.87,56.6,19.0,33.7,5.1,26.8,12.3,67.0,5.5,73.0,63.9,60.9,18.5,10.0,88.13661223,1.289709476,0.927039293,2.561964237,57.82097649,6.700733537,93564.75
81.0,40,465.4,44111,14811,18.7,0.0,41.9,41.6,42.7,2.56,56.2,12.9,41.1,3.7,40.2,7.6,48.8,9.0,61.9,47.6,40.3,40.4,22.1,89.67242325,0.212445175,0.0,0.390625,54.94211932,3.240589198,43962.7
155.0,46,404.9,79857,52849,4.3,18.9218339,33.8,33.3,34.2,2.74,62.1,15.9,22.8,14.4,21.8,27.2,75.9,1.9,88.0,48.7,63.1,16.0,6.3,94.9773429,1.03460721,0.90227373,0.649637085,62.84304485,7.080078125,93564.75
219.0,86,447.1,43509,41540,18.5,0.0,38.9,37.4,41.5,2.45,47.1,11.3,39.2,3.8,41.1,8.6,46.5,8.5,68.0,50.6,46.5,38.7,19.5,91.09795119,5.635417164,0.377286403,0.711590811,51.59010601,3.748722027,43962.7
36.0,14,447.6,51885,5868,16.6,0.0,44.7,44.2,46.2,2.28,50.4,16.6,45.4,6.0,40.6,14.7,45.6,4.9,68.1,48.8,36.8,35.5,16.4,78.36663771,1.911381407,0.034752389,1.911381407,53.13706564,4.431818182,52796.0
209.0,90,421.6,62394,49432,11.0,20.22981065,38.9,37.9,39.6,2.83,55.9,14.0,49.6,4.3,34.1,14.9,59.0,7.3,72.7,60.0,53.2,25.8,13.2,77.27160086,14.35032215,1.435238725,2.023789856,58.08658795,4.025191676,93564.75
92.0,39,405.3,46332,20461,16.8,0.0,35.5,34.6,37.0,2.83,60.3,15.9,43.9,0.9,29.2,9.2,60.5,4.8,55.7,41.8,35.4,32.2,18.7,89.35844963,0.290941368,0.369840722,6.972730411,61.27588137,5.314458111,46611.3
57.0,24,408.6,39172,8965,20.2,111.5448968,47.8,47.6,48.2,2.32,52.1,36.7,37.3,3.4,26.1,13.2,43.9,8.6,50.8,31.0,27.7,50.3,28.4,90.17857143,0.511759582,1.088850174,1.045296167,50.97463284,8.313253012,38888.25
1962.667684,65,453.5494221,43038,33339,18.0,449.923513,32.5,32.5,32.4,2.43,46.0,9.3,23.6,7.7,33.4,16.6,62.7,7.2,67.3,55.2,46.4,29.5,16.5,88.18659973,2.537206383,2.041121272,3.057199211,44.49216395,7.999080565,43962.7
1067.0,358,444.5,51907,118891,10.9,84.11065598,65.3,64.7,65.7,2.05,62.6,34.6,39.4,2.5,30.6,16.3,22.1,9.0,66.6,48.7,18.8,65.1,21.8,88.34112128,8.3418586,0.715200782,0.957594861,61.94550261,6.766413577,52796.0
194.0,89,470.0,32327,31254,32.9,671.913995,40.7,38.2,44.1,2.5,37.8,16.7,44.7,2.3,35.9,11.1,41.4,11.3,46.8,33.3,27.0,46.4,29.2,40.20138216,55.52706464,0.23452891,3.117670972,35.79382487,3.939346569,28429.05
583.0,258,429.4,39907,127780,22.1,62.60760682,36.9,35.8,38.3,2.53,50.3,15.8,36.4,5.3,31.9,13.1,55.1,6.1,58.1,44.5,39.8,37.9,22.7,81.4076827,6.285700816,4.388990595,2.247923754,47.87510841,6.387886081,38888.25
132.0,53,448.8,40968,19223,15.9,1404.567445,47.2,46.3,48.3,2.21,54.5,18.6,48.6,5.3,42.4,10.3,54.3,8.2,63.2,46.1,40.1,43.4,23.3,96.18945322,0.777453839,0.317119329,0.368267608,49.67290256,7.291666667,41543.55
66.0,15,259.0,68352,30257,9.7,0.0,37.1,36.5,38.5,2.82,49.0,12.8,28.5,22.8,17.2,32.3,74.3,4.7,68.3,48.7,39.6,16.5,8.7,89.67519005,1.154111956,0.932964755,5.946786455,49.62042788,6.966359035,93564.75
187.0,74,420.0,53328,37186,8.7,0.0,42.2,41.3,43.2,2.47,56.7,10.5,40.9,12.4,39.0,14.8,67.6,3.5,78.2,48.7,53.9,30.2,13.8,97.19792679,0.296944174,0.639779721,0.410322859,55.2736352,5.46031746,52796.0
38150.0,14010,405.5,55686,10170292,18.7,255.9415207,35.6,34.4,36.8,3.02,42.4,15.3,27.0,9.9,20.7,19.8,58.0,10.0,55.0,47.4,39.7,32.9,23.0,53.25871046,8.276139555,14.12938014,19.59152207,44.58164997,4.70528099,58020.05
1962.667684,25,453.5494221,54701,9691,10.3,6810.442679,39.1,35.0,42.6,2.39,55.5,11.9,37.3,3.9,26.5,18.0,59.9,5.6,71.8,56.1,47.0,32.1,15.7,95.03029058,0.718759626,0.010267995,0.605811685,52.7421835,5.278450363,58020.05
65.0,25,445.4,61575,11645,10.4,0.0,47.7,47.6,47.8,2.51,59.5,21.9,37.5,2.4,28.6,23.1,56.2,6.6,75.5,56.8,42.4,30.9,11.8,95.03564597,0.147800383,0.234741784,0.330377326,60.16096579,4.111531191,93564.75
2676.0,977,468.1,86654,564195,6.7,69.12503656,38.4,36.8,39.7,2.66,51.7,11.8,29.1,11.7,25.0,22.5,64.2,5.9,81.6,63.7,55.0,25.1,10.9,74.72536378,15.87127215,3.57153148,2.151166979,53.20651532,5.291115354,93564.75
423.0,164,523.5,44358,87824,19.7,0.0,33.9,33.2,34.8,2.49,44.8,5.7,24.8,9.2,29.5,16.7,56.7,8.6,68.2,55.8,47.8,31.4,17.9,91.85675342,4.451408467,0.912183415,0.407744822,47.19623253,4.761498421,43962.7
142.0,64,493.9,43740,22958,15.5,0.0,41.6,41.1,42.3,2.62,52.7,25.2,41.1,10.0,42.3,7.6,52.1,11.5,65.6,49.7,44.1,38.2,20.5,95.63524679,0.666176407,0.31578492,1.946619371,52.83877574,7.026920032,43962.7
35.0,24,287.4,40165,8963,16.1,0.0,44.2,43.7,44.7,2.44,54.8,29.5,28.4,0.0,42.8,10.3,49.3,10.0,60.6,45.7,36.5,39.6,22.9,96.41161533,0.419564977,0.607265099,0.342276692,53.58111774,7.791479821,38888.25
386.0,164,482.9,38268,66623,21.1,15.00983144,40.9,39.6,42.1,2.54,46.5,23.0,30.6,3.1,35.4,9.6,51.4,10.7,58.9,48.7,40.1,38.6,22.0,70.33394086,25.37468557,0.287698263,1.989787465,46.5063593,3.899127061,38888.25
115.0,58,338.0,48497,22354,13.0,0.0,48.3,47.1,49.2,2.39,55.0,16.0,46.7,5.0,36.3,13.8,51.9,4.1,69.3,48.9,39.5,35.0,15.6,93.75334165,2.86936375,0.699518802,0.770807343,53.65382552,6.476146578,49534.0
101.0,49,431.7,35425,20566,24.7,0.0,36.7,35.3,38.2,2.67,48.7,23.0,29.9,3.1,36.4,8.8,49.4,9.4,49.2,39.5,35.1,44.7,29.7,59.1032873,38.97588018,0.350126435,0.389029372,50.85190039,8.771929825,35815.95
242.0,111,501.8,34022,41103,25.5,0.0,38.2,36.9,39.6,2.52,44.8,34.2,37.1,1.1,41.3,6.3,46.1,9.6,51.6,37.7,32.2,41.4,24.1,67.02505497,29.80502066,0.56536761,0.275435502,45.53971759,5.000553159,28429.05
554.0,253,409.6,30414,134197,33.1,14.90346282,35.2,33.8,36.6,2.87,39.2,23.4,34.1,3.1,33.5,9.0,45.8,12.1,43.4,48.7,27.8,45.1,32.0,30.07614684,24.10673903,0.755536772,4.385672235,40.63093964,5.971635486,28429.05
32.0,15,403.2,31740,8398,26.5,0.0,34.9,34.8,34.9,2.98,49.8,42.0,21.7,0.0,39.2,5.2,54.9,7.3,40.5,32.9,28.6,36.7,24.8,66.8073306,17.2293224,0.0,13.41933928,48.44877345,5.448065173,28429.05
44.0,21,483.5,27323,6572,29.5,0.0,44.2,43.4,45.0,2.35,51.7,5.7,58.9,0.0,39.4,7.3,41.5,12.1,48.1,37.3,34.1,49.4,31.1,97.41041855,0.451671183,0.060222824,0.060222824,47.56717502,8.014184397,28429.05
305.0,127,483.1,48528,47768,12.9,20.93451683,42.1,41.2,43.3,2.36,52.1,17.6,32.1,7.3,36.3,13.9,61.1,4.8,74.3,55.6,50.4,36.2,16.5,93.62142045,2.795409904,0.665770702,0.5892691,49.030747,4.6635126,49534.0
170.0,88,393.2,40524,22483,17.1,0.0,54.6,53.8,55.3,2.11,52.8,41.2,38.0,0.2,27.7,14.7,41.1,11.3,63.1,48.7,26.4,51.1,18.7,91.58384815,0.326797386,0.550631211,2.032411138,46.25023914,2.198107958,41543.55
88.0,36,459.4,42579,13088,22.3,0.0,49.3,48.4,49.8,2.38,55.9,34.7,39.4,1.4,32.2,12.0,39.5,10.3,55.5,37.8,29.9,48.1,26.6,91.78747687,0.185070944,0.208204812,0.616903146,53.44699778,5.587583149,41543.55
877.0,323,468.5,50434,153638,11.9,97.63209623,40.9,39.9,42.0,2.56,55.0,18.5,47.2,6.4,43.9,12.0,58.9,6.9,72.6,55.1,48.6,31.0,13.3,92.94677742,3.815871557,1.028991693,0.749253045,55.20744408,4.842223007,49534.0
78.0,30,372.4,43355,15651,14.1,2875.215641,45.2,42.9,46.4,2.46,58.9,17.8,49.3,2.7,35.6,12.1,59.5,5.7,69.8,54.3,44.2,33.6,16.4,95.98660053,2.518843007,0.0,0.10307286,59.06553979,4.274857505,43962.7
5880.0,2089,488.5,60093,1003362,9.6,366.7669296,40.2,38.1,41.9,2.44,48.6,12.5,27.8,13.7,22.0,24.4,61.3,7.4,76.0,62.7,55.7,26.6,13.6,69.61132577,23.3467189,3.771495226,0.656129316,46.72866496,5.188221792,58020.05
564.0,188,395.4,56142,139394,12.6,0.0,469.2,37.6,40.1,2.83,49.7,17.8,30.7,2.9,25.9,16.6,55.1,9.2,63.8,48.7,43.1,35.9,21.1,69.97175017,2.662509697,1.383948828,9.734480891,51.87665603,5.497053425,58020.05
70.0,26,591.0,32961,8910,25.1,4938.271605,43.3,43.4,43.3,2.62,55.8,19.5,51.1,0.0,49.1,5.8,39.6,12.3,48.7,33.7,32.6,52.0,32.5,98.04178974,0.0,0.0,0.043758889,58.09248555,8.753056235,28429.05
73.0,31,431.6,44905,12469,12.8,882.1878258,40.6,39.7,41.5,2.3,51.2,21.8,26.1,6.0,40.0,11.5,64.1,5.4,71.4,51.6,43.1,37.4,16.8,97.36779324,0.986083499,0.333996024,0.007952286,47.6859659,7.681053402,43962.7
45.0,15,577.0,51837,4990,10.1,0.0,46.0,45.1,47.1,2.18,64.2,8.5,36.8,12.1,37.4,17.4,64.4,2.0,80.0,59.5,46.9,29.9,11.3,96.18171138,0.607009986,0.646171921,1.116115136,56.37319317,6.58436214,52796.0
192.0,78,424.8,55139,34765,15.0,0.0,42.0,37.6,45.0,2.68,48.3,11.9,28.7,3.1,31.3,15.4,51.9,5.1,64.6,48.2,42.1,33.5,16.4,78.16041594,17.14569459,1.770066597,1.150835378,52.59370817,5.054495913,58020.05
61.0,25,421.4,50993,10360,13.5,0.0,45.7,43.8,46.7,2.51,59.7,20.9,33.2,5.3,39.5,11.0,54.0,6.8,65.3,45.1,38.2,35.1,16.3,94.81820784,0.715717149,0.391258708,1.20240481,57.76652195,4.377431907,49534.0
39.0,18,398.7,49162,7046,13.6,567.6979847,39.1,36.8,41.4,2.31,52.2,9.9,31.2,3.5,34.9,20.4,59.1,8.0,76.5,60.5,53.2,29.2,13.6,96.19140625,1.143973214,0.474330357,0.251116071,52.86757039,8.91959799,49534.0
98.0,43,425.0,42956,22810,20.2,0.0,28.3,28.4,28.2,2.28,42.4,3.5,19.6,6.1,41.2,14.0,54.5,7.2,74.0,48.7,48.3,26.8,13.3,94.11282671,2.859484171,1.578538773,0.047442422,45.20152443,3.648198607,43962.7
1962.667684,28,453.5494221,51343,11041,10.4,0.0,46.5,44.4,48.6,2.23,63.0,20.2,32.3,6.9,34.1,16.1,60.7,4.1,76.8,55.4,43.2,37.6,15.5,97.52466204,0.548045305,0.356229448,0.447570332,56.62299854,8.178625188,52796.0
27.0,10,389.0,27522,4740,32.0,0.0,43.0,40.7,47.3,0.0248,33.8,40.4,30.7,0.0,45.6,7.1,42.5,15.6,38.7,24.6,22.2,42.6,23.1,42.75495606,56.46842428,0.0,0.572246066,31.95822454,2.925809822,28429.05
49.0,16,470.0,50286,7569,11.0,0.0,44.8,44.8,44.8,2.35,56.4,13.8,34.4,7.6,36.6,11.7,61.9,4.7,74.0,56.2,46.4,35.3,16.1,97.19687955,0.96522544,0.158667196,0.25122306,53.83647799,8.33867864,49534.0
178.0,83,478.6,34526,34167,25.9,0.0,36.5,35.2,37.8,2.81,40.0,24.7,40.4,8.7,36.7,10.7,48.6,10.3,51.5,40.6,34.4,42.9,27.7,48.81447648,50.17601024,0.046548163,0.122188927,41.16047144,6.394230769,35815.95
51.0,18,422.7,41376,8583,15.8,0.0,44.8,43.9,46.0,2.43,57.0,15.7,37.1,8.6,48.7,9.7,55.4,5.9,63.1,48.7,40.7,37.3,18.8,94.89631336,2.730414747,0.311059908,0.011520737,55.02419584,4.179104478,41543.55
169.0,50,536.1,44653,31408,18.6,0.0,36.0,35.5,36.6,2.66,47.5,9.3,23.2,8.9,28.6,18.0,55.0,8.2,66.3,50.9,40.6,28.9,15.4,94.64441642,2.263833641,0.278128133,0.417192199,50.8388959,3.509433962,43962.7
176.0,70,367.2,41437,48988,22.2,0.0,31.7,30.4,34.0,3.2,51.9,23.7,35.5,9.2,26.6,12.8,50.4,9.3,49.5,39.9,32.4,34.5,22.5,93.00939159,1.090240915,0.422621478,3.225806452,56.43678161,6.376628075,41543.55
85.0,44,364.9,46874,17919,13.1,1506.780512,42.5,42.1,42.7,2.48,57.7,15.7,35.3,5.0,42.0,9.0,57.7,5.4,76.0,59.2,53.6,32.6,13.7,96.62034464,0.72262368,0.038910506,0.011117287,56.91467003,4.229447528,46611.3
297.0,113,514.4,49040,35567,12.6,2755.363118,49.9,48.9,51.0,2.33,56.8,11.0,45.1,5.8,34.3,15.5,54.7,6.3,71.8,48.7,41.6,41.2,17.5,96.32289008,0.737665835,0.628278125,0.266457241,55.73650625,4.641415709,49534.0
276.0,114,457.1,50345,40877,10.1,0.0,47.3,46.2,48.6,2.33,57.1,13.8,47.6,7.8,38.6,13.7,57.3,5.5,75.6,55.9,50.3,35.3,15.4,95.64161119,0.966911229,0.354696079,1.518390749,55.11711088,4.504504505,49534.0
145.0,73,429.4,39933,29343,23.5,0.0,37.0,35.7,40.1,2.77,48.0,25.5,41.9,2.9,41.2,11.3,49.0,9.5,51.1,37.5,32.0,37.2,21.4,63.08526869,2.742837769,0.261061197,3.776911341,49.32366203,5.189317106,38888.25
203.0,80,487.8,32782,35509,28.9,112.6474978,39.1,36.8,40.9,2.59,38.9,20.9,31.0,2.7,34.0,10.1,39.3,15.5,47.7,33.6,28.0,48.3,32.2,46.05365691,38.45318936,0.768117555,1.185572749,40.22006771,6.79431748,28429.05
37.0,18,425.4,36642,6353,17.7,0.0,40.9,39.9,43.6,2.56,52.2,23.9,43.9,5.7,47.3,8.2,54.4,6.0,63.1,48.7,43.0,35.0,17.9,93.84213759,0.875307125,0.62960688,2.902334152,47.85031847,10.31227306,35815.95
29.0,16,372.0,36566,5651,20.9,0.0,42.3,39.8,43.8,2.51,52.6,24.0,45.2,4.8,42.8,9.4,50.4,9.1,48.2,48.7,25.8,41.5,22.3,71.92016518,0.481761872,0.172057811,1.531314522,49.43181818,4.588744589,35815.95
53.0,28,369.6,32826,8473,23.9,0.0,47.8,46.8,48.5,2.93,44.3,17.2,58.9,0.0,42.9,7.1,31.2,16.3,43.9,23.2,15.0,47.4,25.6,74.58309373,22.23116734,0.034502588,0.667050029,48.0222068,5.389980977,28429.05
160.0,51,417.0,66249,33381,9.5,59.91432252,43.1,42.2,44.0,2.79,56.7,14.2,25.1,8.3,27.4,15.7,56.9,8.0,73.7,56.0,47.0,28.8,13.6,78.50256285,16.30461313,0.89394679,0.430192824,62.51512532,5.808219178,93564.75
113.0,44,500.7,44408,18348,18.9,0.0,39.5,37.9,42.6,2.47,48.4,30.0,48.1,5.2,43.8,9.3,54.5,6.5,64.2,48.7,42.8,37.0,19.4,89.7499595,6.453529189,0.270022142,0.885672625,50.96695599,5.282802182,43962.7
37.0,13,482.7,44461,4862,12.7,0.0,46.8,45.8,47.5,2.11,60.2,34.3,21.1,9.9,33.7,14.0,59.4,3.4,70.3,48.7,40.4,36.6,16.6,96.95109474,0.122774708,0.184162063,0.73664825,51.09841828,5.315614618,43962.7
109.0,45,471.7,46839,16423,14.9,0.0,42.4,41.4,43.8,2.34,59.8,14.5,27.7,10.5,34.4,10.0,57.2,5.3,69.0,50.6,44.3,39.3,18.8,97.19118091,0.652370885,0.724856539,0.048323769,55.80008519,6.710020692,46611.3
22.0,12,472.9,60946,3294,7.4,0.0,43.6,43.4,44.0,2.28,63.2,11.4,44.3,6.7,30.0,16.7,67.1,1.8,86.2,65.0,48.6,24.5,5.7,95.56038497,0.124185036,0.0,2.390561937,55.84604212,9.935897436,58020.05
93.0,30,468.0,41209,14781,19.3,0.0,45.3,44.2,46.5,2.45,53.3,19.4,35.3,4.5,37.2,11.0,52.4,8.6,60.8,43.8,39.8,38.2,18.9,54.20510763,42.40540179,0.0,2.219548068,47.81021898,5.434122647,41543.55
43.0,18,432.6,26083,9150,42.6,0.0,32.7,30.7,33.6,2.74,26.2,9.9,33.0,2.3,29.8,8.5,32.3,17.5,37.9,26.6,23.5,52.9,36.7,13.6227224,84.86602358,0.921757771,0.182207931,25.50125313,5.663430421,28429.05
348.0,148,430.1,44780,76531,18.0,0.0,36.0,35.3,36.6,2.7,48.9,24.5,34.8,5.6,29.1,10.1,55.0,9.4,59.6,45.3,40.0,38.9,23.7,84.93705856,0.69978368,0.811853319,5.724673565,49.63051429,6.342209979,43962.7
280.0,137,457.0,36739,44997,21.4,0.0,43.2,42.0,45.1,2.47,50.9,17.3,49.3,4.4,44.4,8.4,42.6,9.2,53.4,36.1,34.0,47.8,27.8,93.37637809,5.160978609,0.103219572,0.230596917,49.88397759,6.526136485,35815.95
165.0,76,433.4,44551,25350,17.5,0.0,49.0,48.3,50.1,2.46,55.0,23.3,38.4,3.7,30.9,12.5,46.7,6.8,54.3,37.2,28.5,42.4,22.9,88.6629343,1.683681871,1.663098963,2.136505846,55.79425738,8.072153326,43962.7
47.0,16,310.5,59379,14615,10.4,0.0,42.5,42.4,42.6,2.69,54.6,25.9,38.6,17.7,25.5,26.9,68.9,5.7,64.1,55.6,39.3,23.6,14.5,91.72160155,1.408646173,1.894386233,3.240580112,55.46666667,1.309904153,58020.05
230.0,87,492.0,61195,57106,11.0,35.02258957,36.1,34.9,37.2,2.95,55.1,16.3,42.0,1.7,38.2,11.5,61.1,6.0,70.2,59.0,52.3,23.5,13.0,82.76404906,13.54933187,0.970162914,0.571114772,60.07486979,5.321944809,58020.05
81.0,39,492.5,30217,13682,34.4,0.0,40.8,40.5,41.0,2.54,55.1,24.3,40.3,1.7,42.2,5.4,42.2,8.4,49.1,36.9,33.5,47.6,30.9,98.22335025,0.261058738,0.072516316,0.478607687,53.7874558,3.777923784,28429.05
77.0,39,393.4,39158,15767,18.0,0.0,41.8,40.9,42.6,2.46,62.2,13.9,45.7,1.8,46.0,7.1,53.9,7.3,56.4,43.8,38.1,38.7,22.9,94.86689594,0.464908929,0.6177557,0.713284932,60.85515936,3.234421365,38888.25
323.0,151,492.7,40269,62577,22.0,0.0,35.7,34.7,37.2,2.7,47.3,24.6,35.9,2.9,39.2,7.6,52.0,10.1,56.5,44.6,38.9,37.4,23.1,78.97302254,17.43480849,0.19464955,1.000595209,47.0950042,6.938635585,38888.25
333.0,136,454.3,33876,63724,29.0,533.5509384,39.2,38.0,40.3,2.7,45.3,22.7,36.4,2.7,33.2,9.0,53.8,10.4,51.2,37.0,31.2,43.0,25.6,61.23401124,25.71195967,0.394532901,8.516900725,46.21993127,5.0513461,28429.05
167.0,67,500.1,38329,24548,21.0,0.0,42.4,40.6,44.5,2.43,49.0,27.9,20.9,0.8,33.1,9.8,49.3,13.0,55.0,37.0,32.7,51.2,30.4,93.13642416,3.675906872,0.629463745,0.044385264,47.33299849,6.192236599,38888.25
1962.667684,74,453.5494221,50685,32775,11.8,0.0,41.2,40.0,42.5,2.43,57.5,16.2,35.1,4.4,38.6,11.6,63.6,5.8,71.3,53.0,44.5,37.6,18.8,97.19980584,0.543049572,0.503610218,0.260906498,55.11533853,5.734925549,49534.0
272.0,106,499.7,46713,53835,18.0,0.0,36.7,35.5,37.7,2.77,49.5,19.8,37.3,0.6,42.1,9.4,57.9,7.2,60.9,48.7,40.7,36.3,21.3,65.83781952,29.74249896,1.033392313,0.739750781,50.31750197,6.463878327,46611.3
406.0,169,472.0,60735,88161,13.6,11.34288404,38.3,36.6,39.4,2.75,50.4,13.9,37.4,6.3,28.3,16.4,59.3,8.0,73.4,56.7,43.1,28.9,15.1,52.36238745,41.79430057,1.385407964,0.548825768,52.22007099,5.719705952,58020.05
929.0,355,507.3,42728,152692,18.0,438.7918162,41.3,39.9,42.8,2.36,48.0,10.2,21.9,9.5,34.9,15.6,56.1,7.8,63.3,48.7,42.4,39.4,20.7,95.20063609,0.825746072,1.099474051,0.158371188,48.02575315,4.133114215,43962.7
178.0,78,474.1,55190,33470,10.3,0.0,38.8,38.0,39.7,2.71,56.3,16.4,35.0,7.1,42.8,9.7,58.4,6.3,73.7,58.9,53.4,28.4,14.6,96.65749821,0.738459699,0.218249223,0.678665391,59.81993998,6.211096076,58020.05
240.0,120,421.4,38177,43760,23.7,0.0,41.6,40.5,43.6,2.69,47.7,29.0,40.8,2.0,40.8,8.8,44.5,11.1,48.9,33.0,27.0,47.9,27.4,82.76407845,13.53595596,0.318843904,1.167565088,49.34500607,3.38904364,38888.25
431.0,193,452.4,39268,81714,23.9,305.9451257,39.9,38.2,41.4,2.5,44.8,23.3,33.8,6.7,33.0,12.6,54.0,10.1,56.4,42.1,36.1,39.4,23.2,50.86846202,38.38884054,0.927912136,6.921954867,42.64912664,4.940815895,38888.25
1566.0,620,478.6,45476,278045,16.4,39.56194141,38.8,37.3,40.5,2.43,46.7,12.1,31.8,10.6,40.0,16.9,57.1,8.0,69.6,53.8,48.1,36.7,19.4,87.52474469,7.066798162,1.423221777,0.873657355,46.11948988,4.900650039,46611.3
16.0,7,436.8,45251,2542,14.7,0.0,43.0,41.4,44.3,2.15,55.4,22.6,40.0,3.0,28.1,17.5,54.5,1.6,67.9,45.6,38.0,34.7,13.3,93.20349762,0.278219396,0.635930048,0.755166932,52.15311005,6.042296073,46611.3
383.0,162,447.8,54068,78620,12.0,0.0,37.9,36.6,39.7,2.58,58.6,21.1,34.0,8.2,37.7,13.5,61.6,6.5,70.2,57.5,51.5,27.0,14.3,92.90871087,0.833514997,1.057922881,3.264814126,58.30122355,6.807405735,52796.0
207.0,85,478.1,46682,50803,13.9,0.0,30.0,28.8,31.4,2.82,55.0,11.5,47.2,5.7,35.8,13.6,44.8,7.5,69.3,49.3,24.8,31.8,15.8,76.97804711,14.26747466,1.716975379,1.301547374,55.90180473,7.229203118,46611.3
155.0,71,413.5,38344,31229,18.1,1216.817702,37.5,36.1,38.6,2.52,55.0,17.0,26.4,7.4,38.8,10.4,52.6,9.5,62.3,44.5,35.9,39.4,21.8,95.49619057,0.980486707,0.430771209,0.350403446,56.62865895,3.172641121,38888.25
144.0,64,386.3,49830,25110,10.9,0.0,47.6,45.9,48.9,2.55,55.7,16.5,48.2,3.0,36.9,11.5,54.5,1.8,66.5,49.8,43.9,32.8,14.9,90.03581633,7.231679343,0.112680591,1.93166727,56.87382298,5.062486761,49534.0
513.0,197,452.2,42840,87649,18.8,79.86400301,42.2,40.6,44.0,2.51,45.1,17.0,35.1,3.3,26.5,15.7,52.1,12.2,49.3,35.1,27.5,49.2,31.5,82.82920589,0.668235402,1.938453806,5.441834963,43.24014463,5.383139601,43962.7
13.0,4,402.3,44109,1921,11.8,0.0,47.1,44.6,47.2,2.34,55.3,12.6,19.3,3.0,36.3,11.5,65.3,4.3,67.3,48.8,38.4,35.5,15.6,95.94039054,0.0,0.102774923,1.593011305,50.3649635,2.873563218,43962.7
424.0,161,444.5,51003,92382,15.8,0.0,35.7,34.5,37.2,2.73,50.6,23.0,37.0,4.7,31.3,12.7,59.8,6.5,61.2,48.7,42.7,30.5,17.3,85.55033907,6.303066627,1.275263876,3.453978402,51.38418948,6.155041017,49534.0
1083.0,392,458.4,58205,274458,12.6,29.14835785,33.2,32.2,34.3,2.59,49.1,8.2,23.3,9.9,26.6,19.0,62.5,4.9,74.8,61.2,52.3,24.3,12.4,79.06922201,4.52545288,4.242519005,1.342819064,50.03827713,4.927709813,58020.05
121.0,49,450.9,48232,17629,15.0,0.0,46.6,45.2,48.6,2.51,47.6,6.2,39.8,4.7,36.3,11.5,51.0,9.7,64.7,45.8,38.6,38.0,16.8,67.81340776,28.22236145,0.575269123,1.509369482,47.27822581,3.666942377,49534.0
120.0,45,457.5,45533,22896,14.2,960.8665269,38.5,36.2,40.7,2.77,55.5,27.1,37.2,2.3,33.1,11.4,54.4,10.1,59.4,43.4,36.6,34.0,18.0,93.2907489,0.431718062,0.392070485,1.788546256,57.26034123,8.451001054,46611.3
1624.0,584,505.5,54208,274219,15.1,43.76064386,40.6,38.9,42.0,2.64,45.1,12.3,32.4,9.4,32.9,17.0,58.0,12.5,66.9,49.9,45.3,33.4,17.7,67.14492185,15.56381093,8.286488292,5.106835745,44.80543715,4.69661296,52796.0
8.0,4,416.6,59879,1426,6.3,0.0,44.6,44.0,46.1,2.34,60.3,21.4,13.6,2.9,35.6,20.5,67.4,1.7,78.6,62.1,46.6,25.7,10.0,98.02586794,0.0,0.0,0.0,55.46623794,13.62007168,58020.05
424.0,151,515.2,46938,66672,14.3,14.9988001,40.1,39.3,41.1,2.4,48.1,8.0,27.1,6.4,45.7,13.2,54.5,5.7,77.6,61.6,56.3,30.3,13.7,95.44326877,1.8770923,1.18663319,0.481229077,50.05348002,4.087548063,46611.3
68.0,36,392.5,37691,12472,18.2,0.0,41.7,38.5,43.1,2.39,49.1,9.5,37.5,10.6,40.6,7.1,47.3,8.8,58.8,41.7,36.9,42.0,22.6,73.76572327,20.6918239,0.0,2.625786164,45.9150638,2.657444485,38888.25
202.0,81,485.8,46895,28672,15.8,34.87723214,44.1,43.0,45.2,2.42,55.5,17.1,42.8,5.0,41.1,10.3,58.1,7.5,68.4,49.9,42.2,40.1,20.9,94.71999449,1.356142223,0.533507727,2.364643927,53.24203229,6.404437721,46611.3
139.0,58,493.2,30313,27387,34.6,0.0,35.8,35.3,36.9,2.82,34.4,26.3,40.2,2.2,36.2,9.0,38.2,19.8,41.7,32.2,27.2,48.8,33.5,38.44362438,57.51854108,0.437103651,2.429149798,34.75935829,5.055775459,28429.05
29.0,11,459.6,57148,3999,10.5,0.0,46.1,46.6,46.0,2.3,58.8,25.4,36.4,2.8,33.9,15.6,64.5,1.8,81.2,65.3,50.8,26.6,10.9,97.21254355,0.12444002,0.398208064,0.522648084,59.58385876,4.337050805,58020.05
1962.667684,40,453.5494221,54183,18989,10.1,0.0,39.0,38.2,39.6,2.43,56.8,12.6,48.0,4.8,35.2,15.4,63.4,4.6,77.0,61.2,52.0,31.6,15.5,93.69888866,2.783602432,0.760117425,0.79157056,56.88737201,6.458604248,52796.0
643.0,227,502.6,58577,126825,11.8,94.61856889,37.2,36.1,38.3,2.48,46.8,6.1,23.5,7.9,28.0,21.1,64.3,6.5,74.8,61.0,54.5,26.2,12.4,93.39362832,0.957907929,2.885697636,0.395935277,49.94167427,3.681800261,58020.05
221.0,91,466.2,52750,36827,11.2,27.15399028,42.2,40.1,44.7,2.41,54.0,16.3,37.8,7.3,39.7,14.5,58.3,5.4,76.1,57.3,51.2,34.0,14.8,96.16620378,1.475793716,0.57452486,0.138866198,54.27720441,6.996052811,52796.0
1962.667684,4,453.5494221,49109,1518,12.0,0.0,41.8,43.4,38.8,2.52,60.1,25.6,22.2,13.3,32.9,19.6,54.5,5.4,75.3,57.7,40.2,26.8,11.2,99.4984326,0.0,0.062695925,0.0,57.44,8.333333333,49534.0
31.0,11,579.7,58467,3876,7.3,3353.973168,45.3,44.6,46.0,2.22,60.9,16.2,38.7,7.3,32.8,16.7,65.9,1.2,88.8,48.7,55.7,25.7,5.0,96.07640681,1.084150749,0.567888487,0.851832731,54.80324074,6.284916201,58020.05
187.0,104,354.7,46475,43601,13.9,0.0,40.6,39.8,41.3,2.28,47.6,10.9,26.9,7.5,33.2,15.4,59.9,7.0,66.5,51.4,47.1,37.9,20.6,92.94732756,1.102764903,1.137012261,0.264846229,44.24412034,6.150455775,46611.3
113.0,55,497.9,31510,17896,27.8,3911.488601,40.1,35.6,44.1,2.63,34.5,24.2,43.6,3.8,39.8,8.0,41.4,14.9,53.4,38.1,33.5,46.8,26.2,32.93429392,64.81772385,0.043334597,0.157087915,38.43382929,6.288258208,28429.05
112.0,46,463.6,36137,20816,30.2,0.0,40.0,37.8,42.1,2.64,41.3,21.9,43.1,2.4,41.5,9.4,44.5,12.2,56.9,43.4,36.5,38.4,22.6,45.59057012,52.61005533,0.519605485,0.27904739,43.6791148,5.967408768,35815.95
225.0,105,459.0,35558,37731,23.0,53.00681138,41.7,41.3,42.3,2.53,42.9,31.7,39.1,2.5,37.9,8.8,49.2,12.4,48.8,34.4,28.3,45.3,29.0,57.7570782,38.38543311,0.036838228,1.089359015,40.72695275,6.084407972,35815.95
1962.667684,23,453.5494221,57243,9811,13.7,0.0,39.4,38.4,40.3,2.71,44.8,23.9,47.1,4.3,34.5,8.8,43.8,10.6,67.6,51.7,48.4,31.9,13.7,86.56506918,4.170844195,0.741929015,0.922398235,53.24756825,5.470459519,58020.05
83.0,31,463.1,37072,10703,18.5,0.0,50.5,49.9,51.6,2.33,62.3,27.2,42.5,0.0,29.3,12.3,44.3,12.3,55.3,48.7,25.1,46.6,23.0,97.7759009,0.525525526,0.121996997,1.210585586,57.09251101,4.295098535,35815.95
54.0,18,410.8,49380,10103,11.7,0.0,49.4,49.4,49.4,2.99,50.9,19.5,44.4,0.0,28.6,21.1,53.1,5.7,59.7,40.3,32.6,40.3,19.4,98.29218107,0.041152263,0.164609053,0.051440329,55.92848181,1.604584527,49534.0
13.0,5,382.0,35875,2110,19.5,0.0,46.5,48.4,43.9,2.34,57.7,52.4,36.7,0.0,36.4,14.0,54.4,3.4,63.4,47.4,29.2,34.1,16.7,96.02836879,0.0,0.0,0.236406619,53.89830508,5.066666667,35815.95
50.0,21,448.0,50802,8328,12.6,0.0,43.4,43.7,43.1,2.34,56.0,34.2,52.3,0.2,29.3,15.0,58.7,6.8,66.8,49.3,43.8,32.2,13.9,91.23809524,0.678571429,0.166666667,4.142857143,51.70842825,5.37037037,49534.0
219.0,95,443.1,52606,40968,8.9,0.0,40.1,39.3,41.1,2.54,58.7,14.8,39.6,10.9,49.1,9.9,64.6,5.5,79.3,63.2,57.8,27.6,12.1,97.42799109,0.435601889,0.259403372,0.37686905,57.88052013,6.325515281,52796.0
97.0,35,365.5,65489,37928,9.6,0.0,29.7,29.3,30.0,3.22,57.2,15.6,49.3,4.6,34.7,11.8,61.7,5.1,72.0,60.4,53.7,21.1,10.2,87.81389099,0.596287898,0.447915792,1.198174743,60.49540115,9.686539644,93564.75
32.0,12,462.9,39342,6753,29.9,0.0,31.0,31.2,30.9,2.97,41.4,21.9,36.4,6.2,32.5,10.8,52.3,6.1,47.6,38.1,30.4,42.4,30.8,42.71415955,0.0,0.073594348,0.647630262,42.4122807,9.492753623,38888.25
8450.0,2549,514.3,98312,1361350,6.7,263.7088185,41.3,39.6,43.0,3.03,53.2,8.7,24.2,20.0,24.2,23.7,61.0,6.4,79.6,65.3,59.2,25.3,11.3,70.2302209,11.39219201,8.506642492,6.440072877,60.66267248,4.449778611,93564.75
17.0,6,482.9,40436,2028,11.8,0.0,51.4,53.1,50.9,2.1,57.0,4.1,21.1,28.5,39.5,11.8,62.7,3.5,70.2,46.9,26.3,41.8,16.8,97.98241076,0.620796689,0.0,0.310398345,49.16943522,3.095975232,41543.55
38.0,18,394.3,31820,6432,21.5,0.0,46.6,45.3,47.6,2.4,55.6,31.7,36.6,0.0,44.0,5.7,45.7,11.1,52.3,38.1,32.9,48.6,25.9,96.18425053,1.429005777,0.045606567,0.212830648,53.32581736,6.022187005,28429.05
4431.0,1477,507.1,70074,776043,10.7,73.44953823,40.6,38.9,42.2,2.59,48.6,14.7,32.0,13.4,26.2,22.3,62.5,7.7,71.6,57.0,52.0,37.2,21.4,79.79692321,3.912684313,3.4547404,10.18211715,48.51378199,4.825363357,93564.75
88.0,34,486.0,59399,14844,9.7,0.0,41.9,41.3,43.2,2.63,58.6,22.3,29.1,1.1,35.9,16.0,60.4,3.8,76.7,48.7,50.8,32.1,12.8,97.53734356,0.719956937,0.080742834,0.040371417,61.64104464,3.293509848,58020.05
130.0,48,480.9,41268,22043,17.5,0.0,40.1,38.9,41.8,2.63,49.6,25.3,30.7,2.4,40.0,8.7,54.5,10.4,58.7,40.0,35.5,43.8,24.5,93.2101554,4.210336104,0.655041561,0.257499096,55.01868316,6.596537366,41543.55
2082.0,759,487.1,46831,446753,18.4,346.947866,33.2,31.7,34.7,2.57,39.0,12.8,22.8,11.8,26.7,21.6,60.9,7.6,65.9,55.2,47.8,30.3,19.0,48.64130068,45.53374261,3.206278531,0.851154737,38.79198202,4.474235159,46611.3
43.0,22,381.4,56298,7091,8.9,141.023833,47.2,45.7,48.4,2.14,60.2,13.4,41.4,14.9,38.6,15.2,63.1,3.5,79.7,48.7,46.9,30.4,10.7,94.85151263,0.235914516,0.083263947,1.082431307,52.69406393,8.209538702,58020.05
823.0,293,502.3,41770,142799,16.7,245.0997556,40.5,39.7,41.4,2.59,52.9,19.8,33.7,4.7,35.1,10.6,56.2,9.0,59.2,47.6,41.1,34.2,21.1,87.470675,5.993537964,1.00582988,3.276673456,51.94562166,5.037284569,41543.55
1962.667684,18,453.5494221,47351,6838,13.9,146.2415911,43.1,41.5,48.2,2.32,46.2,26.0,23.2,1.2,28.0,12.7,51.6,1.9,72.8,53.2,42.1,32.8,15.2,90.65258284,4.847344813,0.0,1.620604833,45.76802508,1.121656601,46611.3
103.0,42,506.7,40339,18201,21.3,0.0,38.6,39.1,37.9,2.62,45.3,19.8,27.4,0.8,37.9,11.4,46.5,15.6,58.4,43.4,34.4,36.9,20.6,65.46317765,30.55095506,0.645909241,0.104891244,49.75897994,4.34410443,38888.25
254.0,89,495.8,67342,48626,6.3,226.2164274,38.4,37.2,39.5,2.54,56.6,9.3,25.1,7.8,32.6,20.4,68.0,4.8,81.4,65.6,60.0,27.4,12.4,96.82806781,0.50271339,0.384922805,0.372302385,57.88772281,4.428405952,93564.75
67.0,25,426.7,52616,10832,11.5,0.0,43.7,42.1,45.9,2.41,59.7,18.1,41.3,6.6,44.2,11.3,62.9,3.2,73.4,48.7,43.9,34.8,14.3,98.80133804,0.139379298,0.092919532,0.111503438,57.41165672,6.073648972,52796.0
58.0,26,449.2,41446,10283,15.8,0.0,39.9,39.4,40.2,2.49,55.4,25.7,55.3,2.4,35.1,15.0,62.8,3.0,62.1,43.3,32.4,36.0,17.5,94.61717839,0.068013991,0.097162845,0.563544501,52.14513361,2.718894009,41543.55
100.0,41,466.5,34910,16006,22.4,0.0,41.3,40.4,42.6,2.51,48.7,16.6,31.1,4.3,34.4,9.9,48.9,11.7,55.1,41.7,38.3,43.9,25.7,64.18530742,35.02628041,0.073340667,0.067228945,47.61023743,6.761177754,35815.95
52.0,22,492.4,33776,7929,23.6,0.0,43.7,41.6,45.0,2.4,52.3,10.6,62.4,6.7,41.4,8.0,44.5,9.5,52.7,38.4,31.7,41.3,23.9,94.90081384,2.797558494,0.139877925,0.0,49.0700558,9.322033898,28429.05
112.0,37,422.0,56160,20366,8.9,0.0,43.5,42.8,44.6,2.49,57.7,17.6,32.0,8.0,44.2,11.9,63.4,4.7,78.6,62.5,54.2,31.6,13.9,97.10491627,0.31245423,0.390567788,0.488209735,57.66773163,4.802328402,58020.05
12694.0,4410,418.6,76061,3169776,12.9,145.7516241,37.1,35.8,38.4,3.04,50.1,11.5,27.0,11.2,17.7,24.4,60.9,7.6,65.0,56.3,47.4,27.9,18.3,63.22067964,1.662864333,18.94508754,11.8168115,54.60626758,4.827807522,93564.75
1962.667684,20,453.5494221,40714,4478,19.0,0.0,48.7,48.0,49.2,0.0225,41.8,6.1,42.3,0.0,31.2,6.8,48.1,15.4,58.1,39.6,36.4,43.2,21.6,66.68856767,1.314060447,4.095488392,4.358300482,34.42211055,9.518477044,41543.55
1962.667684,79,453.5494221,43706,45672,18.5,1050.972149,33.3,31.8,34.7,2.59,44.2,12.8,24.7,6.9,26.1,17.4,58.5,10.6,58.6,45.4,39.6,40.5,26.1,74.08988863,0.818770084,0.87159396,0.261918387,44.60242547,6.561704535,43962.7
26.0,14,334.7,36627,5977,24.1,0.0,38.2,37.4,38.6,2.71,53.8,26.7,41.0,0.0,30.7,9.2,54.7,10.0,43.8,33.6,28.0,40.3,28.3,89.99500583,3.878808057,0.0,3.712335608,52.67245318,4.238618524,35815.95
696.0,273,459.5,40581,135727,21.0,7.367730813,37.4,36.6,38.3,2.47,41.4,9.3,25.7,6.5,25.2,18.5,52.3,10.5,55.1,48.7,33.3,41.4,24.2,81.32840618,1.27079106,2.638594724,3.561325296,40.60826608,5.240578994,41543.55
929.0,305,485.2,52387,175268,13.2,262.4552114,41.9,40.9,42.8,2.49,54.6,16.5,28.3,7.0,22.9,20.7,55.5,9.4,64.4,48.5,37.2,35.8,19.1,93.2775984,0.453721597,1.212925064,1.692453578,53.44377949,4.744289032,52796.0
150.0,64,482.6,41302,26096,17.2,76.6400981,39.2,37.8,40.1,2.58,48.6,25.4,47.2,4.2,46.9,7.4,51.8,8.8,64.3,48.9,44.7,35.2,18.2,89.52410503,6.566342163,0.139626886,0.682620331,50.32891189,5.293680297,41543.55
1021.0,339,488.8,76365,164063,7.9,115.8091709,44.2,43.1,45.5,2.4,52.2,9.2,31.0,11.7,26.8,22.2,64.2,6.0,80.1,65.4,59.3,27.2,12.7,88.98798172,5.07553053,2.759664578,0.931190022,52.46457038,4.041212898,93564.75
769.0,276,494.2,47175,127253,14.7,15.71672181,511.2,41.0,43.9,2.51,55.8,15.4,40.6,5.7,34.9,15.0,54.5,7.8,68.7,51.7,45.4,35.1,17.5,94.15519059,2.902035339,0.754065885,0.270792728,55.66863133,4.324151185,46611.3
1962.667684,30,453.5494221,53838,15770,9.2,0.0,41.2,41.1,41.3,2.44,59.7,18.9,40.7,3.6,37.3,14.2,69.1,2.7,80.4,62.6,55.1,29.6,12.5,93.61511367,0.685238553,2.670509126,0.236951649,56.07787274,6.330669945,52796.0
105.0,52,425.4,44446,17524,13.0,0.0,46.1,45.8,46.6,2.36,47.7,13.3,53.1,7.6,41.2,11.1,49.3,12.3,63.7,48.7,38.4,38.4,17.3,97.35622318,0.772532189,0.417739628,0.0,45.14153511,4.090035685,43962.7
1962.667684,9,453.5494221,49256,2968,10.5,673.8544474,45.2,45.2,45.3,2.27,60.9,16.3,29.2,14.4,30.7,15.0,61.3,2.0,68.1,51.9,39.4,30.6,15.5,93.78134403,0.902708124,0.300902708,3.443664326,55.96546311,4.210526316,49534.0
160.0,65,465.6,42684,31333,23.6,2553.218651,30.7,29.4,32.5,2.29,40.4,4.6,15.8,7.5,29.2,18.5,52.1,9.4,74.5,57.3,46.3,31.9,15.9,90.33709269,5.05482833,2.071292449,0.346777469,43.78761646,3.098048116,41543.55
125.0,47,510.4,48135,18186,15.4,0.0,45.5,43.4,47.3,2.35,49.1,19.7,42.7,9.0,38.9,10.1,53.2,6.4,64.5,49.4,44.5,39.7,21.8,96.64856056,1.118957089,0.488864747,0.092341119,47.72313297,4.740817921,49534.0
22.0,8,424.9,40258,2759,13.0,0.0,53.4,51.4,56.4,2.06,62.2,40.3,11.1,12.5,31.5,14.4,58.2,1.2,83.9,51.4,35.4,41.6,10.0,96.73794853,0.326205147,0.507430228,0.0,55.62451513,4.662004662,38888.25
211.0,89,515.0,33640,31709,24.0,0.0,41.8,40.5,43.2,2.4,52.3,9.3,37.7,10.0,42.3,8.3,45.4,8.2,61.0,46.6,40.0,41.6,23.6,96.258032,1.052034774,0.447272269,0.125992188,51.74340811,3.502840141,28429.05
34.0,12,392.3,55204,10594,11.4,0.0,30.0,26.8,32.6,3.29,59.4,18.4,31.1,7.8,35.0,11.5,61.7,3.8,70.6,48.7,53.0,25.5,13.0,94.57692308,0.105769231,0.278846154,2.673076923,67.64327109,6.440382942,58020.05
102.0,38,421.7,37131,17689,19.8,0.0,43.7,41.7,46.3,2.22,53.3,14.4,26.3,4.3,30.5,11.1,45.0,6.9,58.3,39.8,30.9,37.8,18.1,89.3303193,4.170669681,0.486012998,2.198361119,56.4916924,6.046511628,35815.95
115.0,50,502.6,50750,14616,12.6,0.0,47.5,46.3,48.5,0.0222,56.1,15.2,40.6,7.7,43.3,11.2,55.7,8.1,70.5,50.6,43.0,38.6,17.6,95.74567868,1.226048506,0.422082273,0.850864264,51.66994106,4.903978052,49534.0
378.0,157,400.2,55798,78593,11.7,0.0,41.5,40.6,42.3,2.57,57.0,13.0,42.3,7.1,35.5,14.4,61.3,5.4,72.9,58.7,50.2,27.2,13.0,94.25467635,1.824259176,0.723789934,1.400012856,58.19746835,4.834403227,58020.05
267.0,108,464.1,41319,52521,22.9,476.0000762,33.3,32.5,34.1,2.31,42.0,6.4,14.8,11.2,32.2,14.1,55.9,9.7,69.2,53.8,45.8,34.3,19.1,92.93323529,3.459848785,1.004958802,0.182891189,43.22746048,4.437890116,41543.55
70.0,28,506.1,49125,9027,13.2,2658.690595,45.1,43.1,47.3,2.3,61.0,18.8,34.6,10.0,35.7,14.1,61.0,5.6,75.1,54.7,44.9,38.7,17.6,97.90712884,0.054501853,0.436014825,0.0,55.33486122,9.971346705,49534.0
151.0,70,452.9,52491,28701,10.7,34.84199157,40.4,38.9,41.7,2.58,57.3,17.7,38.7,4.4,44.9,11.6,58.1,7.4,75.1,48.7,55.5,28.1,13.4,97.05368377,0.475325038,1.076471411,0.492800224,58.48365534,5.038143675,52796.0
88.0,40,416.1,41101,13801,16.5,0.0,49.3,48.8,49.7,2.3,55.1,21.7,41.0,6.4,35.4,11.1,44.6,12.0,65.3,42.1,37.0,47.6,21.6,96.2504498,0.460597337,0.582943505,0.690896006,52.92240511,3.797949107,41543.55
2812.0,1119,472.2,48195,678889,19.9,849.9180278,34.2,33.5,34.9,2.41,40.5,10.8,27.5,17.0,24.1,23.6,64.5,7.2,64.3,54.1,46.5,29.1,18.5,62.43709245,27.59109256,3.205589623,3.999507977,37.31146697,5.788303646,49534.0
157.0,64,500.4,39561,24186,21.2,82.69246672,41.5,41.1,42.0,2.6,51.8,21.8,47.6,3.8,42.0,9.2,46.2,10.6,57.2,48.7,34.2,39.8,20.3,70.46766744,16.74777301,0.408281095,0.453645661,50.00545197,6.366608963,38888.25
42.0,19,462.6,40251,8042,17.5,0.0,40.2,37.4,42.4,2.65,49.2,27.6,46.8,7.0,42.8,6.6,54.0,10.5,60.3,49.3,36.7,35.5,23.6,85.89548453,11.96093354,1.230339929,0.0,52.050581,9.777777778,38888.25
125.0,53,494.6,39546,22583,18.1,929.9030244,38.9,37.8,40.4,2.95,49.0,25.3,33.1,1.2,42.1,6.1,45.2,8.3,64.8,48.7,43.8,39.4,22.7,76.65457441,21.43868342,0.092903911,0.03096797,57.33598975,4.179860671,38888.25
42.0,16,447.8,46208,6104,13.9,0.0,44.8,44.7,44.8,2.5,58.3,25.4,36.1,3.5,34.3,16.5,56.3,5.1,63.6,39.3,30.0,40.2,18.1,95.22555153,0.082318077,0.312808693,0.79025354,58.64304235,8.581138488,46611.3
110.0,54,417.0,40267,20826,17.5,0.0,40.6,39.1,41.9,2.5,53.3,16.2,38.4,3.0,41.0,10.1,57.9,5.4,59.7,44.3,37.8,37.4,18.6,96.17779481,0.905259124,0.694510968,0.086215155,51.61691542,5.078698846,38888.25
317.0,123,472.1,48166,63710,15.4,0.0,40.2,38.8,42.2,2.58,51.6,18.5,34.0,3.7,31.3,13.6,54.0,9.9,60.4,46.8,38.8,35.4,20.9,67.37511237,25.69346346,0.431809426,3.197637087,52.38662469,3.545493379,49534.0
69.0,28,549.9,34073,9899,22.1,0.0,41.1,38.4,42.7,2.45,52.8,9.1,25.8,2.1,34.5,12.1,45.4,11.2,55.6,43.5,37.4,39.9,23.5,78.80788079,19.6419642,0.180018002,0.190019002,49.6785361,6.736458807,28429.05
106.0,40,521.3,31616,17328,24.7,0.0,37.7,36.0,39.3,2.63,43.4,24.5,30.1,4.1,37.3,7.4,48.6,12.2,54.1,37.2,31.6,45.2,24.9,54.75245817,43.40750963,0.379506641,0.36800644,44.69463294,7.273181705,28429.05
1019.0,423,472.8,38840,156791,18.5,344.4075234,44.3,43.2,45.6,2.32,53.9,13.0,38.0,6.5,34.8,13.6,51.3,8.2,64.3,46.3,41.1,40.2,20.3,94.64440645,1.933627641,0.58372461,0.79616209,50.28831243,4.794040316,38888.25
91.0,40,630.4,32783,12269,26.7,0.0,38.4,38.1,38.9,2.56,45.4,30.1,40.9,2.4,40.7,6.1,44.5,8.3,52.9,40.7,36.2,46.2,29.8,96.93098739,0.409737286,0.345464771,0.626657026,42.68932243,5.682216766,28429.05
442.0,165,452.9,51003,73435,11.3,2178.797576,43.4,42.1,44.8,2.3,55.3,12.2,39.4,10.1,39.2,12.9,61.2,6.6,72.8,54.7,48.5,37.5,18.7,94.99675728,0.532346106,1.991568935,0.614765173,51.03572217,4.989577905,49534.0
337.0,121,512.4,46387,48844,16.7,0.0,43.8,42.6,45.0,0.0249,50.2,16.6,36.4,5.8,39.2,9.5,53.6,7.1,66.0,48.8,44.9,40.7,20.8,96.24210378,0.849663969,0.534824114,0.478314396,49.42212718,5.052412881,46611.3
609.0,216,470.4,41375,121691,19.5,295.8312447,35.4,33.5,37.9,2.53,46.9,8.3,17.8,7.1,32.0,13.1,51.3,9.2,67.6,54.8,47.6,31.1,17.4,88.66671107,6.672271986,1.665778695,0.965668809,50.25982171,4.192927752,41543.55
1962.667684,119,453.5494221,76512,91705,7.2,0.0,35.3,34.9,35.7,2.89,57.2,16.4,34.3,7.0,26.6,19.2,69.6,5.2,82.3,48.7,64.5,22.3,11.6,93.96466853,1.973429497,1.205738875,0.255528147,62.64473082,6.543533237,93564.75
31.0,14,451.5,50348,4995,12.4,0.0,41.5,38.3,43.4,2.57,59.1,35.8,31.3,2.0,42.3,17.6,54.9,2.7,63.8,48.7,39.9,32.8,19.1,88.73123586,0.185070944,0.863664405,0.123380629,59.69746083,2.164502165,49534.0
182.0,79,424.4,41065,35862,17.1,0.0,40.1,38.2,42.1,2.6,50.0,24.9,42.4,3.8,42.7,7.7,50.4,9.4,65.3,48.8,44.3,37.4,19.7,91.38659523,5.142083897,0.328629422,0.626881334,53.56274689,5.13318535,41543.55
36.0,12,484.6,35740,6577,25.2,0.0,34.5,33.7,36.1,2.87,46.6,23.7,27.1,2.0,28.1,15.9,53.3,13.4,43.0,48.7,22.6,35.4,22.4,47.90845711,0.242497727,0.0,0.454683237,44.28060769,8.100358423,35815.95
125.0,66,424.7,36391,21714,21.1,0.0,42.8,42.4,43.8,2.48,50.7,13.8,41.7,3.3,43.7,9.9,49.4,8.1,57.1,40.0,34.6,44.7,24.6,93.16394709,1.849915913,1.986273351,0.481796282,50.79567894,8.799648892,35815.95
171.0,63,385.2,77764,40384,8.3,0.0,43.6,42.2,45.0,2.72,60.0,19.7,33.3,4.7,21.1,26.7,55.9,4.5,75.6,48.7,43.5,28.3,11.0,92.39046064,0.88595059,0.655764032,2.601643425,61.07585596,3.026544282,93564.75
51.0,21,486.8,32171,8214,31.7,0.0,38.0,35.2,43.3,2.63,41.8,30.6,20.2,0.3,35.9,7.9,44.9,12.5,44.7,32.2,29.3,43.3,25.5,55.6128568,40.98105061,1.151355241,1.259294795,41.98473282,0.476758045,28429.05
3367.0,1260,412.6,43338,974861,27.5,82.06298129,31.4,30.5,32.3,3.17,44.2,17.4,27.7,4.8,22.8,13.0,52.8,13.2,49.4,39.2,34.2,43.1,30.8,59.623893,5.069145617,9.77257358,20.2889159,46.81324986,6.004383506,43962.7
183.0,75,456.7,49846,35074,12.1,0.0,41.2,40.4,41.8,2.73,57.0,21.7,33.7,7.2,46.2,8.9,58.7,7.0,71.3,55.4,51.2,32.9,16.8,97.47399703,0.405760658,0.125728655,0.085724083,59.05511811,4.83615222,49534.0
3240.0,1365,453.1,46185,687623,16.5,578.8055373,36.5,35.3,37.7,2.44,43.3,14.2,31.5,13.2,29.1,18.2,61.1,7.6,66.0,54.0,46.8,29.7,17.2,66.56640794,23.75103722,1.753254859,4.197354991,39.58795563,5.730193853,46611.3
175.0,85,439.5,38329,29862,19.0,0.0,42.0,40.7,43.3,2.43,53.7,17.2,38.5,4.6,39.9,8.9,51.1,9.1,58.0,48.7,35.2,41.7,21.4,97.20481282,1.49478835,0.036866977,0.157522539,50.1535907,7.254779066,38888.25
59.0,21,379.5,40593,11543,18.3,0.0,40.9,40.1,41.8,2.49,55.5,26.1,32.8,2.7,29.5,14.0,54.9,8.1,53.9,40.7,33.0,41.2,26.6,84.45295871,0.808854832,0.374627501,10.68539804,53.51960147,4.941176471,41543.55
219.0,89,449.1,40801,37585,17.2,0.0,42.9,41.5,44.1,2.45,53.1,13.9,44.3,3.5,34.3,8.4,51.4,8.3,60.3,43.0,37.5,39.4,21.8,91.39343183,3.381528008,0.055305365,3.149772195,49.89264103,6.549178376,41543.55
290.0,133,430.4,38641,43554,21.1,160.7200257,47.8,45.9,49.0,2.26,52.1,13.9,35.9,6.0,24.9,15.5,44.8,12.7,53.4,34.6,28.7,50.9,28.7,85.94828568,1.41473972,1.57648935,1.496753617,47.95902368,4.740349554,38888.25
409.0,178,415.7,43731,104216,20.7,0.0,34.8,33.2,36.6,2.96,52.2,20.5,31.4,7.4,28.9,8.5,58.0,10.3,54.4,44.8,40.7,31.8,20.8,88.33127127,3.981402722,1.381263532,4.22401794,54.74475777,6.314687286,43962.7
235.0,101,506.1,30078,39956,30.5,0.0,36.7,34.6,39.2,2.65,40.4,26.7,32.6,0.5,34.5,10.1,47.5,9.5,50.8,36.8,30.8,46.2,28.0,45.61946351,52.47161572,0.426699938,0.551466001,39.61676485,5.009078287,28429.05
47.0,21,399.5,54240,8115,9.2,0.0,44.7,42.1,47.7,2.26,60.8,22.7,24.9,2.0,39.9,11.2,65.5,4.2,79.4,59.1,46.5,30.1,10.1,96.82655039,0.641957364,0.557170543,1.138565891,56.49986022,11.30834977,52796.0
777.0,291,475.2,49061,150346,12.9,525.454618,39.4,37.6,41.3,2.54,55.3,16.0,36.8,4.8,28.4,15.7,57.0,7.9,67.8,51.8,41.5,31.6,14.9,94.37488797,0.364711885,0.878342043,0.375053431,54.14650573,7.001795332,49534.0
211.0,91,446.9,53026,38352,11.7,0.0,39.7,37.9,41.1,2.49,53.5,13.2,38.1,8.6,44.2,11.1,59.1,8.4,73.3,55.0,50.9,32.7,14.7,92.0039308,1.869714759,0.33877266,3.323075332,52.12383009,6.066465257,52796.0
39.0,17,373.2,36055,8761,25.9,0.0,500.4,41.4,42.1,2.83,44.1,29.4,41.2,6.8,37.5,7.0,45.9,14.3,56.5,37.1,30.2,36.4,17.3,58.77102643,31.53678911,0.125872525,5.675706603,43.53518822,12.64845606,35815.95
2350.0,941,473.9,47024,436275,15.8,430.9208641,38.7,37.2,40.2,2.57,43.1,17.6,31.8,8.7,31.1,16.5,60.1,6.7,58.6,47.3,40.8,34.3,22.1,63.8563798,26.48635231,4.160269552,3.043494249,41.56296102,5.165714506,46611.3
703.0,305,445.1,41948,121707,15.9,188.9784482,41.3,39.0,43.4,2.4,48.2,21.2,40.9,4.6,41.2,10.5,51.4,8.7,65.4,46.9,43.1,40.1,21.1,87.02253254,7.479233436,0.710478122,0.530610243,47.42739538,4.974134501,41543.55
369.0,168,451.3,35640,67548,25.3,0.0,40.8,39.0,42.2,2.52,45.1,21.3,33.6,6.1,36.5,11.6,48.1,15.9,55.5,41.9,37.6,40.9,24.6,56.63260799,40.62306764,0.593327641,0.472600925,43.48336299,6.092582124,35815.95
250.0,60,718.9,45890,46597,25.9,364.8303539,29.8,29.3,30.3,0.0239,30.1,4.9,22.2,18.0,22.2,23.3,60.6,4.3,76.1,67.1,52.9,20.3,11.9,70.72797445,19.23742348,6.663117736,0.310531452,30.49233889,2.753790712,46611.3
5182.0,1744,456.3,80338,1126745,10.5,332.817097,38.8,37.5,40.1,2.82,51.5,12.7,29.5,10.6,18.7,25.2,58.9,8.8,73.2,60.0,52.5,28.4,14.9,60.52598926,8.88065339,15.25589653,8.13681268,53.83079507,5.114550334,93564.75
484.0,207,387.2,54232,114625,11.4,8.724100327,40.0,39.2,40.8,2.67,58.1,17.5,41.0,4.8,38.3,14.5,58.1,6.1,72.0,54.2,49.3,32.5,17.4,94.46546789,1.519005291,0.747095368,0.935863236,60.28214738,5.293976097,52796.0
507.0,205,428.7,43841,144705,24.0,69.10611244,28.4,27.6,29.3,2.36,36.0,3.9,17.5,13.4,22.3,22.3,57.3,6.9,76.6,64.6,54.1,21.6,11.0,86.84657734,2.928288531,6.131148001,0.766832392,38.45841411,3.932688732,43962.7
486.0,187,501.8,32150,91332,31.7,306.5738186,34.2,32.6,35.7,2.52,33.6,23.8,26.1,3.8,29.3,11.1,47.0,18.0,48.9,35.8,30.6,41.3,26.8,28.88114886,67.73872039,0.714821563,0.905583539,32.24368918,6.218730618,28429.05
105.0,47,518.6,37130,15858,24.6,0.0,39.6,37.8,42.2,2.49,46.1,30.0,43.3,3.6,41.9,8.4,43.0,6.9,55.6,39.1,33.6,45.6,26.1,67.96200881,30.16947048,0.173815879,1.098764666,46.82013912,4.002444241,35815.95
309.0,120,396.2,43484,97653,24.8,256.00852,27.5,26.2,29.6,2.48,39.1,2.7,11.3,13.7,21.8,23.2,55.0,5.6,82.4,70.1,58.2,19.9,8.7,86.72084754,4.348637358,6.119191019,0.910155805,43.44441603,3.135414054,43962.7
814.0,360,471.1,42029,135959,18.2,478.0853051,41.0,39.8,42.0,2.44,48.4,16.1,34.7,5.1,36.4,11.5,54.1,10.0,64.9,47.8,43.6,40.9,23.2,86.24101968,8.512939698,0.724272256,1.196401295,46.15847762,5.319358009,41543.55
1142.0,407,373.7,91886,451721,7.2,19.92380252,34.0,33.3,34.7,3.17,55.0,13.1,33.9,10.0,21.7,23.2,68.5,5.4,78.0,65.7,54.5,17.1,8.6,61.4488498,20.4657981,7.773897652,4.59188924,60.21316724,6.857756326,93564.75
43.0,17,417.2,52030,8878,14.9,0.0,40.5,36.4,43.8,2.55,56.9,30.2,44.1,0.6,40.5,7.2,45.1,5.6,60.7,45.0,36.7,33.0,16.6,92.48826291,5.130784708,0.044712721,1.419628884,62.55361267,6.95970696,52796.0
7334.0,2355,420.0,97219,1918044,8.5,410.3138406,36.8,35.9,37.8,2.95,53.2,10.6,25.8,16.8,15.2,26.1,61.9,7.7,74.1,48.7,57.3,24.8,14.2,48.30471231,2.585982167,33.76090451,9.834279814,56.30311056,5.541784514,93564.75
4132.0,1539,470.3,65217,818963,11.5,69.60021393,39.8,38.4,41.0,2.6,48.3,10.9,32.7,13.8,28.9,21.3,61.8,7.8,74.7,60.9,56.0,34.3,19.4,84.97536794,4.641309106,4.469408769,3.03094576,49.56736261,4.642829838,93564.75
482.0,219,406.9,41256,156993,25.2,6.369710751,30.3,29.2,31.7,2.54,43.6,7.3,17.1,10.9,25.5,19.5,56.3,7.3,74.0,61.2,50.2,25.2,13.6,69.88780119,23.24449272,3.276549522,1.724046575,44.56280282,4.40533728,41543.55
62.0,26,508.2,43111,9014,16.2,0.0,42.3,41.4,43.5,2.39,58.6,33.0,37.0,1.3,44.0,13.4,54.6,5.2,70.1,54.5,46.2,33.7,16.6,96.62005945,0.759660905,0.253220302,0.308268193,55.45087483,7.368995633,43962.7
326.0,130,392.2,58883,71735,12.3,655.1892382,41.6,40.3,43.0,3.07,51.8,7.1,43.3,2.7,30.0,18.8,61.0,5.4,72.8,57.4,52.1,32.5,17.6,33.28837296,0.670100874,35.64018309,0.665796157,54.70653872,4.798813776,58020.05
7913.0,3100,501.2,52385,1230459,13.1,624.1573267,40.9,38.8,42.9,2.26,45.4,10.2,25.0,19.1,29.8,22.1,59.8,7.1,76.9,48.7,53.6,31.2,14.0,80.81200833,13.00667265,3.274756426,0.404988852,42.45865232,5.044224477,52796.0
176.0,74,368.3,62752,47520,11.0,0.0,40.4,39.3,41.3,2.9,56.0,17.6,35.2,4.3,34.8,13.5,54.5,5.8,71.4,55.3,47.0,27.0,12.0,93.36394999,1.612867784,0.263684106,1.900722934,61.43309427,5.291214215,93564.75
249.0,90,519.0,53918,36671,11.9,0.0,41.3,40.2,42.7,2.32,49.9,24.5,42.9,3.7,40.5,9.4,52.0,6.3,71.8,48.7,44.5,37.6,18.9,92.48321792,5.420679774,0.286555759,0.854360689,50.54618363,7.034382214,52796.0
85.0,38,460.7,40418,15018,17.0,0.0,41.3,41.0,41.5,2.57,56.7,18.7,42.1,6.9,38.3,6.9,51.1,8.3,59.9,48.7,38.8,40.4,22.0,93.97413678,2.94627383,0.353286229,0.566591121,55.86911357,4.221954162,41543.55
494.0,187,442.5,48379,108702,14.1,450.7736748,37.1,35.8,38.7,2.46,49.9,12.9,31.0,5.7,28.1,18.6,64.6,4.8,69.1,50.9,40.2,32.9,15.7,82.96460386,1.282933497,1.081208465,0.623085262,47.95056395,5.830321072,49534.0
273.0,102,475.7,57142,42967,10.4,0.0,45.1,44.4,46.3,2.44,50.9,17.4,44.0,6.6,37.0,16.4,60.6,5.8,69.6,53.7,48.8,33.3,15.6,96.40431204,0.519299872,0.883273444,0.442795873,49.85074627,3.657874742,58020.05
61.0,31,326.4,29244,16400,33.7,0.0,40.3,39.2,43.4,2.37,40.1,33.2,50.9,1.2,49.3,5.4,32.4,4.4,41.8,33.3,29.9,46.0,32.8,57.87646199,40.36306043,0.060916179,1.169590643,44.56418983,2.772573998,28429.05
1962.667684,106,453.5494221,60869,46435,9.6,0.0,43.0,41.3,44.4,2.42,55.8,14.8,36.9,9.4,33.0,16.8,63.9,5.3,77.2,48.7,51.6,31.3,13.9,95.17001962,1.11262048,0.571403929,0.280311361,54.15846326,6.13624545,58020.05
191.0,76,471.0,57046,33294,11.1,0.0,39.2,38.1,40.1,2.43,57.7,8.2,25.2,7.0,35.7,17.5,65.3,4.0,81.2,63.7,55.9,30.4,12.7,96.29150626,0.547401347,1.0466795,0.41807026,57.94421328,4.504381161,58020.05
101.0,49,422.5,33644,20049,23.8,0.0,39.7,37.6,42.3,2.53,42.7,24.4,39.9,4.0,41.8,6.7,47.3,11.0,53.1,39.8,35.1,44.1,29.4,42.51941582,53.84164509,0.112343086,2.29570654,42.20451527,4.650635209,28429.05
103.0,52,501.8,29344,15808,30.6,0.0,42.1,40.8,43.3,2.44,58.7,17.9,25.2,0.7,37.4,5.1,46.6,9.0,48.3,38.2,31.6,44.4,28.9,97.19192679,0.796038611,0.250720822,0.300864987,55.74874687,5.148741419,28429.05
258.0,100,434.1,49552,41666,12.8,0.0,46.4,45.4,47.3,2.41,55.5,17.7,40.1,7.0,46.7,10.8,54.4,7.7,71.5,53.0,45.8,34.3,14.9,97.86400434,0.545209941,0.276145295,0.302107673,54.01155144,4.344746163,49534.0
487.0,178,435.5,56353,89320,11.6,78.36990596,41.9,40.5,43.1,2.35,48.5,6.6,25.6,10.9,28.6,20.2,59.7,5.0,72.3,57.3,51.0,29.4,14.0,93.24050548,0.871940095,3.210172261,0.146629207,49.5875553,6.078496198,58020.05
2573.0,853,500.9,44828,517600,17.3,183.5394127,36.9,35.7,37.9,2.46,45.3,12.6,25.5,10.9,24.6,22.4,58.4,8.8,65.3,48.7,46.2,30.0,18.5,56.7557221,33.37615414,4.4290921,2.759869998,43.52861582,5.372916101,43962.7
280.0,114,460.9,45065,46351,13.8,0.0,44.7,44.2,45.4,2.43,56.0,19.0,32.7,5.4,38.1,10.2,52.2,9.3,65.2,49.7,43.3,35.3,18.6,93.13988127,4.119071602,0.315038255,0.720087439,54.66048081,4.962317706,43962.7
25.0,10,555.7,34936,5685,27.2,0.0,349.2,28.9,29.3,3.36,34.6,35.2,35.5,0.9,35.4,9.1,54.5,24.6,29.6,48.7,18.4,39.6,32.9,21.72432336,0.035848718,0.0,0.035848718,36.82926829,6.625097428,35815.95
1962.667684,8,453.5494221,47025,2679,13.2,0.0,46.2,45.0,47.6,2.34,54.4,15.9,47.7,6.8,33.5,16.5,54.1,2.9,72.9,48.7,44.3,35.3,14.0,95.77516532,0.881704629,0.0,0.440852314,51.44144144,5.031446541,46611.3
39.0,14,398.9,48456,7131,11.8,0.0,43.6,41.4,45.5,2.55,55.9,12.4,72.1,5.9,28.8,15.5,55.7,7.0,64.5,43.2,35.7,33.4,13.5,93.77950569,0.180505415,0.124965287,0.402665926,51.45213338,4.954367666,49534.0
17.0,6,432.0,46633,2337,13.2,0.0,46.9,41.6,49.5,2.16,52.4,6.5,59.2,1.1,34.3,17.5,60.9,0.7,80.1,58.0,34.6,31.0,10.4,97.15981348,0.0,0.127172531,0.0,51.73501577,15.65656566,46611.3
205.0,82,332.9,29497,76708,35.8,0.0,30.8,29.0,32.3,3.97,33.5,25.1,35.8,2.9,33.1,6.7,42.4,15.5,25.0,19.6,16.8,47.9,37.6,16.93289008,0.814886889,0.968945107,3.735236087,39.14033281,7.322096363,28429.05
120.0,49,385.4,40680,32623,20.6,0.0,33.8,33.5,34.2,3.08,53.0,18.3,39.7,3.0,29.4,9.8,57.6,7.5,54.7,48.7,38.4,33.4,21.0,74.56762818,9.805547876,0.814057076,12.34602034,56.88748686,6.467919637,41543.55
57.0,22,452.4,42204,8908,19.7,0.0,43.7,40.8,50.3,2.47,46.6,16.7,29.0,1.0,40.2,8.8,41.2,8.7,70.6,53.0,43.7,35.6,17.9,66.49237958,28.82411837,2.180442763,0.645233063,50.22608696,8.755129959,41543.55
53.0,19,475.3,58995,8014,8.9,0.0,41.4,39.9,43.1,2.35,54.6,6.5,19.6,5.1,25.2,19.5,63.0,2.7,83.1,64.9,53.0,28.2,10.4,96.3724155,0.58189922,0.259997524,0.272378358,51.40329469,4.19412822,58020.05
84.0,29,492.9,61215,12435,6.7,0.0,42.2,40.5,44.0,2.37,62.7,9.0,24.5,14.7,35.3,17.4,54.5,3.9,82.9,63.5,54.9,30.3,10.8,98.29934714,0.411058274,0.378818409,0.10477956,58.69187729,6.03588907,58020.05
1332.0,473,460.3,62692,246338,9.1,105.5460384,40.8,39.4,42.1,2.38,52.6,11.5,22.8,8.6,35.0,20.3,61.4,5.6,81.4,64.6,57.6,26.6,10.5,89.63744734,3.413039967,3.362092889,1.092669834,52.66284523,4.691477538,93564.75
436.0,160,438.7,51629,83632,11.9,0.0,40.9,39.7,42.4,2.45,57.2,13.1,34.5,8.8,29.6,19.4,55.6,8.5,76.5,58.6,53.6,31.9,13.4,93.6549316,1.381182436,2.330670621,0.611068593,55.87649106,5.762837089,52796.0
1691.0,583,465.2,74220,385590,6.8,59.64884981,37.4,36.3,38.7,2.65,57.1,9.2,28.8,10.1,26.1,23.3,68.1,5.1,84.0,48.7,65.7,19.2,8.2,90.34724724,4.490068169,2.298261763,0.551486773,59.06748802,5.121121033,93564.75
53.0,28,472.7,34018,7604,21.0,0.0,43.4,41.4,45.3,2.26,52.3,22.1,43.5,0.6,50.5,9.4,48.6,8.3,55.1,48.7,36.3,44.5,24.9,55.42704626,41.21759024,2.249618709,0.686324352,46.49014778,1.704199635,28429.05
193.0,73,468.2,48718,31330,15.9,31.91828918,43.3,42.7,44.2,2.46,48.6,9.1,33.8,7.1,38.5,11.2,53.0,10.5,71.1,52.5,48.0,38.4,18.6,95.9796948,1.416350703,0.764578698,0.394823426,49.62527198,3.499365035,49534.0
238.0,107,493.2,38183,39187,21.5,0.0,39.2,36.8,41.2,2.53,46.1,15.0,32.2,3.1,37.0,10.6,48.4,10.4,55.4,39.3,34.5,41.9,23.8,66.05739492,8.211225473,0.268721797,0.438574253,45.09386234,6.833686191,38888.25
428.0,152,505.4,52313,61023,15.6,180.259902,45.4,43.5,48.0,2.58,50.4,29.9,35.1,4.5,30.4,11.9,44.1,12.9,60.0,38.8,32.6,43.2,20.2,84.88263065,1.653205244,1.53805662,3.31463539,51.22035959,4.964476021,52796.0
46.0,15,424.0,46328,7659,12.4,130.565348,45.5,44.4,46.4,2.26,60.5,25.8,43.5,10.7,37.8,14.1,62.0,2.6,64.0,45.2,34.9,40.4,19.9,86.44582289,0.158374027,0.197967533,0.158374027,55.44764795,5.681818182,46611.3
50.0,29,382.4,28006,9650,39.3,0.0,40.6,37.9,44.7,2.34,34.4,13.9,44.4,0.0,39.5,5.5,35.2,17.3,39.9,29.0,24.0,53.7,34.7,42.7252659,56.41180012,0.040136464,0.491671684,38.91816921,12.36017897,28429.05
418.0,159,534.1,47547,62230,14.6,0.0,42.9,41.7,44.4,2.45,49.1,21.2,38.0,6.8,41.6,11.7,55.5,9.5,68.5,50.0,45.2,39.3,19.7,94.01754386,3.231259968,0.473684211,0.622009569,50.60032182,4.671621417,46611.3
418.0,178,523.2,32767,63782,26.0,0.0,42.0,40.8,43.3,2.45,52.1,16.0,31.7,5.8,41.2,8.6,50.4,9.1,60.1,34.5,28.8,45.0,23.8,96.26149132,0.98687829,0.634870747,0.572012257,49.29082171,6.00624025,28429.05
317.0,140,443.3,43057,54354,16.7,202.37701,42.2,40.7,43.7,2.43,51.1,20.8,31.3,3.5,34.5,11.3,48.2,9.0,67.2,48.7,43.9,37.5,18.3,79.55146573,15.57196385,0.326941444,1.261847035,48.16699694,3.673864003,43962.7
51.0,24,430.6,39649,8341,18.9,0.0,44.2,40.8,45.7,2.59,55.8,11.6,59.4,1.4,31.3,10.7,56.5,4.3,58.2,37.6,33.7,41.8,22.3,88.891575,1.643901849,0.0,2.308715097,53.16375199,3.525835866,38888.25
42.0,17,473.4,43305,5539,16.3,0.0,48.0,46.4,48.9,2.15,56.2,16.8,51.3,9.9,38.8,12.7,59.1,3.9,65.4,45.6,29.9,40.7,20.4,88.19864721,0.0,0.462798149,0.053399786,48.91433083,8.546059933,43962.7
2696.0,1089,490.1,39860,343254,17.8,107.7918975,48.2,46.6,49.6,2.48,49.5,23.4,37.4,4.4,36.6,11.7,41.1,12.0,54.1,33.8,27.3,47.9,25.2,81.68230848,12.91466134,1.502029328,1.293900734,49.44098815,5.222619682,38888.25
100.0,40,481.5,42166,17642,14.0,0.0,38.6,34.7,42.4,2.47,50.6,28.1,38.2,3.7,41.4,13.9,55.8,5.7,72.7,56.1,49.1,31.1,14.4,89.31961576,6.081964418,0.318308418,0.801455124,52.6972873,4.315304948,41543.55
296.0,134,439.8,43466,61703,16.6,0.0,38.8,37.9,39.8,2.58,58.0,15.7,46.0,1.6,38.7,10.1,52.5,7.9,57.4,44.9,40.1,38.5,24.0,90.93897778,1.13202047,1.65349485,1.196799896,56.79732758,5.975420257,43962.7
47.0,22,379.0,26732,11514,41.4,0.0,34.6,32.9,36.5,2.55,34.6,32.4,40.2,0.4,39.6,7.8,42.7,16.9,36.8,48.7,23.5,39.8,24.0,36.18293607,61.97254274,0.07580224,0.699065106,34.2364532,4.463336876,28429.05
21.0,9,425.0,42977,2659,12.2,0.0,49.1,46.9,50.9,2.13,62.2,31.4,15.1,24.4,45.3,10.8,57.2,4.6,70.5,48.7,33.6,35.1,10.6,99.08290536,0.0,0.0,0.0,54.32196669,1.111111111,43962.7
338.0,128,505.7,52597,47625,11.1,0.0,45.2,43.4,46.7,2.55,48.2,24.8,37.0,5.9,36.3,12.2,48.3,9.1,70.6,48.7,48.7,37.9,17.9,89.66509356,6.346249379,0.968703428,0.732737208,50.69751616,4.626911005,52796.0
1962.667684,56,453.5494221,61665,27663,8.9,36.14936919,41.3,41.2,41.3,2.52,58.4,12.8,38.9,8.7,35.5,15.4,66.9,5.3,78.7,63.2,56.1,29.6,14.3,95.36579204,0.591908182,0.483632295,1.945356769,57.7359535,7.140456989,93564.75
1962.667684,1854,453.5494221,64490,1223149,13.0,690.0222295,36.1,35.3,37.2,2.39,47.2,12.1,22.5,19.9,17.8,30.3,67.9,6.0,75.4,63.3,56.1,27.3,15.2,74.27382081,12.16571379,6.796429382,2.530105796,43.89529902,5.881342381,93564.75
136.0,70,358.9,45174,25788,14.4,1318.442687,46.4,45.0,47.5,2.31,54.0,28.3,33.0,4.2,39.9,15.0,52.3,7.0,71.2,50.1,43.5,39.8,17.4,96.60156851,0.488236199,0.618945102,0.084576349,50.68270187,6.088280061,43962.7
49.0,21,523.3,30689,10343,27.9,0.0,32.2,30.3,33.8,2.6,35.3,17.8,31.7,0.0,30.6,12.3,54.5,12.4,46.6,36.1,31.2,43.9,29.6,21.08427985,75.53689033,0.744487926,1.603512456,32.56455252,6.144623454,28429.05
455.0,200,427.6,41883,93389,20.1,0.0,37.7,36.0,39.6,2.63,46.6,17.3,40.9,3.2,36.0,11.9,49.0,8.5,59.7,48.7,40.3,36.1,19.6,69.25339488,24.27030218,0.984380871,2.232837744,47.41046585,7.433542774,41543.55
252.0,114,460.6,50753,45386,17.0,176.2658088,40.7,39.7,41.8,2.42,54.2,19.0,43.5,4.7,49.4,10.2,58.1,7.6,69.2,48.7,48.4,33.3,17.1,95.12575851,1.963327764,0.743118459,0.270424765,50.84227468,6.601566473,49534.0
400.0,179,483.4,41015,69699,22.2,0.0,37.8,36.4,39.0,2.53,48.9,20.0,40.8,2.4,35.8,13.2,49.6,8.2,52.4,39.1,34.5,39.3,23.2,60.69434951,11.08452951,0.694919116,1.720209615,46.70006452,6.694613026,41543.55
69.0,28,492.4,32459,12277,22.6,0.0,40.1,37.7,43.0,2.75,48.2,31.0,28.0,0.7,41.3,6.1,42.8,12.9,48.0,48.7,29.1,41.6,24.1,77.46779355,21.31779765,0.073849184,0.139492902,48.11020036,4.821037253,28429.05
3895.0,1519,400.1,49147,701982,16.0,279.2094384,46.9,45.6,48.2,2.59,50.4,20.7,32.7,6.0,31.6,16.2,47.6,10.1,57.6,38.7,31.1,41.4,20.9,84.54122876,8.636004068,1.594003089,3.223113723,50.79532437,4.725806822,49534.0
197.0,82,457.2,34620,27178,21.0,73.58893222,50.0,47.9,51.3,2.51,53.0,15.0,28.5,5.5,33.2,11.6,41.1,8.4,51.8,32.1,24.6,47.3,24.4,93.69924701,1.616713421,0.369112653,0.668093902,53.94637462,2.533172497,35815.95
378.0,143,478.7,43104,60636,18.9,362.8207665,41.6,41.0,42.2,2.36,46.1,7.8,24.2,5.7,34.5,14.2,54.3,7.1,71.5,54.3,47.9,36.3,18.6,94.03084741,1.918598023,1.247577322,0.786657763,48.46420714,4.59877366,43962.7
145.0,64,457.0,44693,24253,13.2,0.0,44.2,43.6,44.9,2.38,56.8,20.5,39.6,8.9,36.6,13.5,54.6,8.2,68.4,49.8,44.4,39.2,19.0,95.80796156,0.381094404,0.625491902,0.381094404,54.27882684,3.216430924,43962.7
140.0,59,461.7,53288,19787,13.8,0.0,46.2,44.2,47.4,2.39,47.0,7.8,27.3,5.5,33.2,16.4,53.2,7.2,68.1,47.6,40.9,42.6,22.0,82.2868042,15.37920996,0.968729609,0.135521759,48.49160546,4.528650647,52796.0
1024.0,438,457.4,58976,224124,10.6,0.0,38.6,37.7,39.6,2.68,54.3,15.3,31.9,4.1,33.6,12.1,61.5,8.3,73.9,62.2,55.4,26.0,14.2,96.2694684,0.978440903,0.718034814,0.278458504,55.85803147,5.258811102,58020.05
48.0,18,448.8,50893,7787,10.4,0.0,43.8,43.3,45.2,2.28,60.9,12.0,43.5,3.8,34.5,12.1,67.1,5.2,75.6,55.3,42.0,33.7,12.1,96.33487654,0.488683128,0.102880658,0.694444444,55.93984962,4.215304799,49534.0
224.0,78,474.1,49117,40444,13.1,0.0,39.3,37.9,40.7,2.62,52.7,12.6,31.0,3.6,46.0,10.0,60.0,5.0,70.1,53.9,48.9,29.6,13.4,96.81116716,1.011336962,0.684213155,0.471957249,58.05982551,4.883318928,49534.0
269.0,127,496.1,30292,48130,35.1,41.55412425,36.2,33.1,38.3,2.69,33.7,28.3,33.8,4.8,30.1,12.3,45.1,21.7,40.6,31.3,25.5,47.1,32.4,27.16418514,71.1630538,0.71314572,0.244449383,32.20469411,5.86461126,28429.05
127.0,58,533.9,34382,16129,21.4,1922.003844,46.1,45.1,47.3,2.37,52.1,14.5,55.3,1.1,46.1,6.2,43.3,14.3,54.5,37.6,29.5,45.7,25.8,95.2155464,3.462271693,0.52272308,0.104544616,49.10109048,5.264732276,35815.95
47.0,19,427.3,46750,8769,15.4,0.0,38.0,37.1,38.6,2.73,60.6,42.9,27.3,3.8,37.4,11.8,59.3,4.2,57.2,40.6,34.7,32.0,15.2,98.5129261,0.205902539,0.308853809,0.0,60.75829384,8.783008037,46611.3
56.0,26,370.9,48413,11431,15.6,0.0,43.2,41.3,44.9,2.65,53.7,11.2,45.0,5.6,37.5,8.8,51.3,12.2,65.5,48.7,43.6,37.7,21.6,64.16751962,33.60627772,0.16206073,0.366769021,56.79236711,6.274356976,49534.0
39.0,22,364.1,32225,6996,27.5,0.0,45.0,43.3,46.4,2.52,41.5,15.4,44.4,6.5,43.3,9.4,42.7,12.5,49.6,48.7,25.5,48.0,26.9,60.88033012,38.19807428,0.247592847,0.041265475,41.97879859,3.516921035,28429.05
110.0,46,456.4,36666,20523,24.9,0.0,38.0,35.7,40.4,2.59,49.5,25.8,35.0,4.8,41.0,9.4,49.7,9.6,46.5,33.9,30.5,35.4,20.9,62.46330077,36.12648602,0.173268518,0.47167541,49.86218664,3.43803056,35815.95
46.0,19,578.2,38331,6618,17.2,0.0,33.8,33.6,34.3,2.26,48.1,0.5,46.3,11.4,40.5,11.0,51.8,7.3,59.9,45.6,38.3,34.7,21.2,90.2790279,1.050105011,7.095709571,0.0,45.92619657,11.88769415,38888.25
169.0,75,493.1,34116,28024,24.8,0.0,41.0,40.2,41.5,2.56,52.8,16.5,47.2,3.5,43.6,6.4,46.0,13.4,49.6,37.2,34.6,46.4,31.0,97.4281767,0.382585285,0.109816147,0.092103865,50.47890956,4.079365079,28429.05
3648.0,1186,447.0,100806,765135,7.5,218.2621367,39.5,38.2,40.8,2.85,51.9,11.7,25.5,16.2,16.5,27.1,64.1,6.7,76.0,63.8,55.7,25.8,13.2,54.97635332,2.596259538,26.55813637,9.447451755,53.65425415,5.015576324,93564.75
75.0,33,482.9,34679,10724,18.8,0.0,45.1,44.6,45.6,2.42,44.7,19.6,28.9,0.0,37.6,5.1,54.5,17.0,55.9,37.3,31.2,45.3,24.2,67.35286116,30.68831051,0.0,0.0,43.25842697,2.504393673,35815.95
304.0,137,447.5,39528,52639,17.4,0.0,42.7,42.2,43.1,2.58,52.1,14.1,45.6,4.7,42.7,9.8,48.9,9.3,62.5,45.0,40.0,39.6,21.5,92.57608654,4.04906106,0.457090618,0.681826839,53.20852938,4.451140766,38888.25
219.0,89,522.6,49012,35757,16.0,0.0,41.7,39.6,43.0,2.49,52.6,13.7,38.3,5.5,35.2,13.8,55.8,7.9,64.4,50.2,44.8,37.2,20.9,92.94107749,5.250021034,0.572117677,0.218750876,50.3774783,4.293271005,49534.0
242.0,108,399.9,46427,53070,16.6,18.8430375,38.5,38.1,39.0,2.75,47.6,23.8,34.5,2.3,33.7,9.9,50.0,4.9,56.4,45.0,39.7,32.5,19.6,79.21319939,17.52249472,0.559328058,1.062536244,51.25894215,6.74359899,46611.3
2864.0,853,470.3,66970,741334,13.0,148.3811615,36.0,34.9,37.1,2.64,51.2,16.0,26.1,13.7,19.5,29.2,65.5,8.0,70.2,60.9,53.1,20.8,12.1,61.53103807,26.51540118,4.90326546,4.492910213,50.53198618,4.671194475,93564.75
54.0,24,464.7,41395,9383,24.0,0.0,37.3,35.7,38.8,2.78,47.5,23.7,38.9,6.0,37.9,13.2,56.8,5.1,56.8,48.7,27.5,36.8,20.6,63.91384349,0.043294729,0.184002598,0.422123606,48.94355093,6.866002215,41543.55
1962.667684,126,453.5494221,65549,79315,10.9,0.0,37.3,36.4,38.6,2.7,53.1,13.3,30.5,8.1,30.9,16.4,54.7,5.9,80.2,60.3,42.7,26.7,10.6,83.88535927,8.462551293,1.574903806,1.127487952,56.92974913,5.174510519,93564.75
257.0,104,531.3,42452,36068,16.4,0.0,42.9,41.5,44.2,2.54,56.3,10.7,38.9,3.7,37.4,10.9,54.5,10.1,61.9,48.7,41.4,41.0,22.6,97.01455712,0.778572799,0.411218028,0.120623955,55.91549296,4.286441109,41543.55
54.0,24,444.5,33293,10787,26.6,0.0,35.3,35.5,35.1,0.026,47.6,15.2,33.7,2.3,37.9,10.3,48.6,10.3,52.1,38.5,34.3,41.8,27.5,58.39652303,30.16460144,0.841501757,10.15350472,45.90657961,7.363601679,28429.05
326.0,137,495.5,38465,55191,19.3,0.0,40.7,39.5,41.9,2.61,51.9,14.0,32.2,1.1,31.4,9.6,46.2,12.1,55.9,41.9,36.8,37.6,21.3,84.08399159,13.55714182,0.143126314,0.710196391,51.86838785,4.728190104,38888.25
452.0,191,465.9,39999,80862,22.5,0.0,40.9,40.1,41.5,2.49,47.0,21.1,32.7,3.5,36.3,8.2,46.9,13.8,59.9,42.0,37.4,42.9,23.6,64.66471014,31.95476258,0.451883051,0.75150116,45.51298371,4.578696343,38888.25
239.0,91,446.1,47018,75503,14.8,0.0,30.6,29.1,32.3,2.86,50.4,11.5,45.6,2.6,30.3,10.5,39.0,9.5,77.7,52.0,27.4,26.9,10.6,71.52033417,15.15211223,2.004518705,2.614018495,57.96875716,6.044769217,46611.3
94.0,40,426.9,35078,18963,26.7,0.0,39.0,37.1,41.4,2.71,51.1,26.1,41.4,3.6,38.0,7.2,43.0,13.8,49.2,34.6,27.0,37.8,22.0,84.13691572,11.43067459,0.741363899,1.077869499,49.42512216,5.015887426,35815.95
78.0,30,492.1,57682,10974,8.4,0.0,44.0,43.1,45.7,2.33,60.3,17.0,29.7,10.4,36.4,13.2,63.7,1.5,79.4,60.4,48.7,33.2,13.9,97.08799135,0.64911648,0.306527227,0.4056978,56.73015194,6.274509804,58020.05
7.0,4,234.0,44235,1978,15.4,0.0,39.9,37.6,48.6,2.64,52.7,12.3,14.0,33.3,37.8,16.9,54.2,4.6,59.9,41.6,32.3,44.8,24.0,96.18689581,0.0,0.0,0.107411386,50.56657224,2.105263158,43962.7
177.0,69,435.2,41035,29991,15.8,0.0,44.9,44.1,45.6,0.0248,51.3,10.2,30.4,5.3,36.9,16.4,56.7,7.7,63.4,48.7,40.5,42.0,21.1,97.02980067,0.440760476,0.470363792,0.171041379,52.41955916,3.482221569,41543.55
1962.667684,79,453.5494221,55074,35073,12.8,1881.789411,38.6,37.7,39.3,2.47,58.4,13.0,23.7,11.5,29.6,17.3,60.8,4.4,75.1,59.4,51.2,29.9,14.4,92.91517152,1.636285345,0.680350222,1.805655232,57.58044327,5.858531317,58020.05
19.0,8,348.6,51201,3348,10.0,0.0,48.8,47.6,51.1,2.19,58.9,21.0,30.4,4.9,33.6,17.0,64.2,1.7,79.3,58.8,36.3,32.0,9.9,98.81481481,0.0,0.296296296,0.0,53.31125828,3.64298725,52796.0
344.0,124,519.2,49342,58674,15.9,34.08664826,41.4,40.5,43.0,0.0268,46.3,25.0,28.8,6.0,31.1,12.6,51.5,8.3,64.6,45.7,40.9,35.4,20.3,61.82519059,31.08296477,0.478411262,3.142370373,49.76017406,5.909161131,49534.0
74.0,23,402.1,58487,16510,9.4,0.0,49.4,49.7,49.0,2.2,59.2,16.9,41.4,13.0,25.5,20.4,63.8,5.6,71.8,48.7,45.9,28.1,15.2,95.8860955,0.0,0.963617271,0.148248811,53.94179533,4.06824147,58020.05
113.0,47,408.9,31176,22881,32.5,0.0,38.4,35.6,40.3,2.64,45.3,27.6,29.4,1.6,35.7,8.9,47.7,15.5,46.7,35.3,30.5,44.5,29.3,53.8903663,43.16290641,1.162391696,0.403191216,45.87134773,5.115327381,28429.05
272.0,123,375.8,38403,65764,23.4,0.0,34.8,32.9,36.7,2.72,48.1,23.1,28.7,1.7,27.0,11.9,52.9,7.6,49.6,36.6,32.2,44.9,29.4,79.57636261,1.747428241,0.791660969,13.69679841,48.11288532,8.496374333,38888.25
176.0,73,392.9,36945,35458,29.7,0.0,40.1,38.4,41.8,2.78,44.2,40.4,37.9,1.6,40.9,6.8,43.2,9.4,39.1,48.7,20.1,47.9,30.9,82.08084218,13.22767972,0.303229682,2.883542638,48.09574657,8.085035152,35815.95
37.0,15,374.1,37527,7533,20.9,0.0,36.1,34.5,37.8,2.73,54.8,20.3,52.8,0.0,35.0,11.2,46.8,6.4,55.8,42.5,36.4,40.0,25.3,83.76766498,6.365875794,0.350058343,2.787501621,57.40169622,7.342657343,38888.25
114.0,44,475.1,52526,19823,10.0,0.0,38.3,37.6,39.4,2.58,57.7,29.6,29.7,7.1,36.2,13.5,61.5,6.1,64.6,48.7,43.3,31.4,15.8,96.44406335,0.48421265,0.640572985,1.144961162,55.88080861,6.28798504,52796.0
5438.0,1716,486.7,83152,976396,10.4,283.6963691,40.3,38.6,41.9,2.75,50.2,11.9,26.6,17.3,20.3,23.7,60.4,7.6,73.6,60.3,54.8,28.0,14.8,66.58389459,14.42136222,5.689873516,9.880649013,51.96451241,4.871361927,93564.75
260.0,105,446.7,42431,70698,28.3,99.01270192,26.3,26.3,26.1,2.61,34.9,5.1,17.0,5.6,31.8,15.5,55.9,11.3,72.6,58.7,51.3,27.1,14.2,88.56075507,2.585291995,1.693811997,0.305650285,40.69583553,3.814938787,41543.55
588.0,206,477.5,47201,186311,14.3,203.9600453,26.1,24.6,29.0,2.75,54.5,7.6,45.5,3.6,28.9,13.5,43.6,11.6,73.1,53.3,19.0,26.8,12.7,74.33184764,15.50722981,1.822011069,2.663357877,55.8526976,9.215177413,46611.3
239.0,107,391.3,57007,57578,14.1,0.0,36.5,35.3,37.7,2.66,50.3,23.4,35.6,2.2,34.0,10.7,60.1,5.8,62.3,49.5,44.6,34.9,21.3,89.60119336,1.324562822,0.517603925,5.422260563,49.8110282,9.558702453,58020.05
1940.0,729,427.8,56443,449144,11.8,22.26457439,39.1,37.1,40.5,2.85,46.6,11.2,24.9,10.2,24.1,23.6,59.4,9.4,67.8,57.1,47.7,26.3,15.0,79.60950826,11.57916158,4.155062582,1.696825854,50.37632996,4.236255854,58020.05
59.0,23,490.1,36886,8390,28.1,0.0,45.6,44.2,47.1,2.79,44.8,28.8,46.3,0.2,38.7,6.0,36.8,6.7,54.7,41.3,36.7,42.1,23.6,55.85850276,42.02609002,0.0,0.0,50.03309067,5.235294118,35815.95
240.0,95,501.4,49897,37519,16.5,0.0,502.8,40.7,43.5,2.33,49.4,10.7,42.9,8.1,47.3,11.6,46.6,6.4,71.4,54.5,49.9,36.2,17.0,92.21624756,5.071432337,0.218778006,0.548262955,50.06252605,6.037875061,49534.0
231.0,86,516.3,42414,35173,16.7,398.0325818,39.8,38.1,41.5,2.38,52.2,22.8,21.0,5.7,36.7,11.1,57.1,8.0,67.9,49.8,44.7,38.9,18.9,92.01189296,2.061446977,0.897635566,3.508424182,49.41006003,6.180279523,41543.55
27.0,7,431.7,40777,3843,14.9,0.0,51.3,51.2,51.3,2.39,55.3,36.7,48.4,2.4,35.4,13.1,45.4,11.3,58.4,32.4,24.8,43.8,16.4,96.46907216,0.0,0.128865979,0.412371134,53.20351759,9.375,41543.55
1962.667684,13,453.5494221,41434,2932,13.9,0.0,52.3,51.9,52.8,1.91,54.4,11.3,40.6,18.1,37.6,18.5,57.1,3.8,67.8,45.5,35.6,40.0,16.1,96.5232358,0.413080895,0.0,0.413080895,42.70196877,7.127429806,41543.55
1085.0,352,453.3,75200,298695,10.0,565.7945396,32.5,31.7,33.4,2.77,47.7,13.7,34.2,7.4,24.1,20.9,54.5,6.7,69.5,48.7,45.9,24.5,12.9,64.94465191,5.854426677,8.800529576,1.747200834,48.36130259,5.994293642,93564.75
21.0,6,542.1,67172,2954,8.8,0.0,40.1,38.1,42.9,2.34,60.1,9.0,63.5,0.0,34.7,15.5,72.4,1.4,74.6,59.4,47.7,29.3,14.2,89.33153275,0.0,0.0,0.0,53.62776025,10.5345912,93564.75
1962.667684,6,453.5494221,53447,2157,11.5,0.0,35.7,34.5,40.5,2.79,60.6,36.9,20.6,16.3,29.6,12.5,67.4,3.1,71.7,46.4,32.8,33.2,12.9,94.32849365,0.0,0.317604356,2.903811252,57.49039693,7.061503417,52796.0
984.0,259,424.0,107250,322387,3.7,843.706477,37.6,36.9,38.2,2.76,65.6,14.9,28.8,12.7,12.9,37.8,70.3,4.1,88.9,78.9,69.2,13.8,5.6,90.51255155,1.080221778,4.062559044,1.125502486,66.6645667,4.964771639,93564.75
134.0,65,463.9,38998,22477,22.0,0.0,41.7,40.3,43.4,2.6,50.1,25.2,42.7,4.0,44.9,8.2,45.0,7.7,56.1,40.6,36.4,42.4,24.5,71.29543336,25.89535348,0.18639329,1.189366707,50.46377833,4.316239316,38888.25
45.0,18,360.0,50545,13074,10.8,0.0,32.4,32.0,32.9,3.03,65.0,24.0,49.1,1.3,33.4,14.1,60.5,5.0,69.1,48.7,45.7,28.4,14.3,96.38376955,0.077435341,0.077435341,1.36286201,68.22474032,9.856115108,49534.0
25.0,10,473.1,45000,3634,12.0,0.0,46.1,44.2,48.8,2.55,62.4,28.6,30.8,0.0,38.1,20.0,54.5,0.9,72.5,54.2,42.1,33.6,14.6,95.95375723,0.192678227,0.715661987,0.0,62.55319149,9.191759113,43962.7
89.0,21,380.7,63490,21592,10.6,46.31344943,43.0,42.4,43.6,2.35,59.8,17.5,40.5,8.1,18.0,30.6,70.8,4.1,68.6,52.8,32.4,23.3,13.8,89.8024309,0.089164203,1.243605988,7.358393167,51.75930076,7.863131656,93564.75
1962.667684,26,453.5494221,47164,9271,12.2,0.0,42.3,39.9,44.5,0.023,59.2,22.5,31.1,2.9,36.0,14.0,62.8,4.2,69.1,48.7,37.0,37.8,19.4,93.60701304,1.250801796,0.406243318,1.26149241,52.63819095,5.622270742,46611.3
116.0,41,476.9,48675,19858,12.3,0.0,38.4,34.8,41.6,2.2,54.2,13.7,28.2,10.7,26.9,19.8,66.1,3.3,79.2,61.0,51.4,27.5,11.1,94.03143478,0.480113206,0.146560873,0.515489968,48.07692308,5.713596914,49534.0
748.0,187,480.8,86413,212438,6.3,47.07255764,38.0,37.3,38.4,3.14,62.6,19.3,30.2,11.3,19.3,31.1,63.7,6.2,79.6,69.9,61.5,16.8,8.1,84.90389123,2.905684992,8.280335922,1.704580199,70.02327635,5.246691229,93564.75
106.0,48,486.5,43659,19295,15.0,0.0,41.6,40.6,42.7,2.53,59.1,13.8,43.9,3.8,48.0,6.2,53.9,5.2,64.4,50.9,44.4,36.5,22.4,95.5215301,2.257525084,0.151546823,0.381479933,57.31479005,3.646563815,43962.7
122.0,60,403.3,35772,25402,22.0,39.36697898,36.9,36.3,38.2,2.72,48.0,26.9,30.9,8.6,35.7,9.6,52.0,7.9,48.7,38.3,31.7,36.2,22.3,79.35082604,17.63654033,0.882410107,1.321671526,47.5308642,9.509579891,35815.95
86.0,35,378.2,56067,21559,12.3,0.0,36.1,35.2,37.6,2.7,52.9,24.5,39.2,5.9,39.7,11.9,57.4,5.1,73.6,59.1,52.9,30.3,15.4,91.60869151,0.628990756,0.119127037,1.048317926,55.50427582,3.668042182,58020.05
156.0,48,418.0,43615,48368,22.1,310.122395,28.1,27.8,28.3,3.07,54.2,14.9,24.8,3.5,24.7,18.7,56.3,10.5,63.8,51.6,43.5,28.1,15.6,91.07108763,0.659750949,0.706421434,2.100171832,58.66180855,9.572250479,43962.7
1470.0,542,501.5,48350,232500,17.7,38.70967742,41.2,39.4,42.9,0.0243,44.0,13.2,27.4,10.6,33.4,13.9,54.9,7.4,66.4,49.6,45.8,42.2,23.7,85.98849108,6.021202442,3.61666053,1.564065457,43.49984589,5.551134489,49534.0
1436.0,564,391.5,42360,459863,28.1,0.0,30.3,29.6,30.9,3.36,47.5,21.1,33.5,3.3,25.2,9.5,52.5,12.0,43.1,35.2,31.6,46.3,35.0,80.86791048,1.728068224,3.397770647,9.105505547,52.4099723,6.825864335,41543.55
183.0,83,454.6,34964,33048,20.9,0.0,39.1,37.9,40.3,2.53,51.9,27.3,35.9,2.4,41.6,9.2,48.3,8.3,43.0,31.3,27.7,44.7,29.1,65.5462692,8.321515856,0.096551308,1.647406692,48.78370003,4.988383217,35815.95
108.0,51,396.8,54086,22872,11.1,87.44316194,41.2,39.8,42.7,2.57,61.6,24.7,27.4,7.3,42.6,12.9,61.6,6.4,73.6,60.3,54.6,29.0,15.1,98.0117724,0.239808153,0.553738827,0.318290822,62.51130199,3.468663776,52796.0
75.0,35,425.0,37954,12516,18.6,1518.056887,43.3,42.2,44.3,2.53,55.2,27.7,28.8,0.5,34.7,9.4,45.3,12.7,56.7,37.1,33.9,42.4,21.5,69.07874016,23.11811024,0.023622047,4.551181102,53.67379895,8.245481928,38888.25
35.0,12,493.0,49689,4899,12.1,0.0,46.9,45.7,48.2,2.37,65.4,17.6,19.0,16.8,43.5,10.2,54.5,5.4,70.3,48.8,43.7,44.8,22.7,98.09961992,0.120024005,0.020004001,0.0,64.42074649,6.910994764,49534.0
363.0,131,514.7,46908,61061,15.1,818.8532779,38.7,37.9,39.6,2.53,52.3,12.3,31.8,3.1,41.2,14.6,54.5,6.6,68.5,48.7,47.7,32.0,17.2,96.46416628,1.054029244,0.36063209,0.155727493,53.82925436,5.615628604,46611.3
186.0,81,387.6,52785,48435,16.9,454.2169918,35.5,34.5,36.6,3.04,52.1,19.4,36.3,5.0,36.0,9.3,56.9,6.5,57.7,46.3,39.0,32.6,20.5,91.7194474,0.784272051,0.312433581,4.055260361,53.23829981,5.556068297,52796.0
224.0,127,376.4,38292,42899,19.2,23.31056668,43.1,40.8,46.1,2.38,53.9,14.6,41.1,3.7,35.8,8.5,46.2,8.0,59.0,43.4,38.9,41.7,23.6,94.73672213,2.924549806,0.394346934,0.091178482,52.52355316,6.033920417,38888.25
106.0,44,508.0,37996,15673,24.3,0.0,41.5,41.0,43.9,0.0254,42.7,26.7,40.2,0.0,37.1,10.5,43.8,10.8,59.2,41.6,35.6,44.1,24.5,56.82006238,39.55827127,0.566482083,1.082044427,44.24762927,7.331771008,38888.25
87.0,37,488.4,39738,13241,16.2,0.0,42.6,41.0,43.5,2.43,51.6,20.3,38.4,4.2,40.9,9.0,54.5,9.4,62.0,45.1,39.4,44.1,25.2,97.71885647,0.955414013,0.051844171,0.481410161,50.0,5.104572847,38888.25
65.0,26,439.7,53175,12622,9.5,79.22674695,41.9,40.3,44.2,2.38,55.2,11.0,13.4,4.9,32.0,24.0,65.5,4.4,78.6,60.7,48.9,28.0,12.4,95.87953003,0.620552706,1.07562469,0.297865299,55.73047859,4.12979351,52796.0
62.0,27,423.0,38607,10551,18.1,0.0,41.9,40.0,44.3,2.76,51.1,21.0,46.6,6.7,38.8,13.3,52.0,3.4,58.9,42.7,37.1,37.7,20.2,91.63235998,2.077549067,0.603159406,3.303015797,52.36294896,3.956148713,38888.25
48.0,18,443.6,49625,7008,12.9,0.0,47.3,46.2,47.8,2.18,56.4,7.8,40.6,10.8,38.9,14.2,60.6,4.9,73.7,48.7,39.6,37.3,15.8,96.50624386,1.361021468,0.126280342,0.575277115,49.32749453,6.177606178,49534.0
573.0,252,419.8,45559,136051,15.9,169.0542517,32.0,30.8,33.3,2.59,48.1,9.7,31.3,6.5,29.1,16.8,57.9,5.9,63.8,48.7,37.1,31.4,16.6,81.17454532,7.612600885,1.750288243,6.202997731,48.06370766,6.232108779,46611.3
22.0,11,405.5,38023,3694,15.0,0.0,44.1,43.6,44.7,2.43,54.2,24.7,27.9,15.8,50.1,9.1,57.0,4.6,59.9,43.3,37.9,35.0,16.5,97.17590102,0.72619688,0.591715976,0.457235073,51.36393879,4.787961696,38888.25
1962.667684,85,453.5494221,57405,42542,11.5,1504.395656,39.9,37.7,42.2,2.48,57.7,18.7,24.0,8.4,27.9,15.1,64.9,4.8,70.7,48.7,44.6,36.1,19.3,90.42738667,2.916784469,0.652624635,4.026481953,55.81102928,5.730234678,58020.05
250.0,103,494.9,36996,35516,21.1,0.0,45.3,44.6,46.7,2.28,52.2,22.4,36.6,13.3,44.0,11.2,48.2,7.2,61.9,43.3,39.1,43.0,22.1,94.14288118,2.299108395,0.38692312,0.42617619,47.48027903,4.354354354,35815.95
67.0,26,527.7,48381,10226,13.5,0.0,42.5,41.4,43.8,2.42,50.3,15.3,23.1,8.6,43.1,6.6,57.8,6.1,68.0,52.9,47.1,32.1,16.7,97.61255116,0.292340674,0.633404794,0.077957513,47.01261604,6.417359187,49534.0
225.0,88,487.1,44077,37927,17.4,26.36644079,39.2,35.3,41.8,2.4,48.5,11.2,30.2,2.6,37.8,9.7,57.7,6.1,66.2,50.8,46.6,34.1,18.7,94.45115864,2.974094898,0.578004309,0.514949293,48.58921443,3.923660503,43962.7
141.0,63,484.4,33595,26936,24.8,0.0,37.1,35.2,39.3,2.5,41.0,24.2,54.3,3.6,44.5,5.8,41.8,13.4,50.8,38.0,33.6,45.2,29.6,61.85875232,35.09315638,0.477631531,1.122981004,41.51020408,5.484147386,28429.05
69.0,24,492.2,36459,11885,25.1,0.0,42.9,41.5,45.5,2.17,38.4,18.1,39.0,1.4,42.3,4.6,33.5,6.4,65.8,48.7,45.5,37.8,20.2,39.50680272,58.04421769,0.170068027,0.68877551,47.70510614,1.886792453,35815.95
110.0,54,502.9,46927,14327,14.1,0.0,44.5,43.4,45.4,2.28,59.4,20.3,25.5,3.5,35.1,8.7,52.5,8.8,65.5,47.4,42.5,42.4,23.1,98.17477876,0.400995575,0.373340708,0.013827434,54.14033382,4.019073569,46611.3
40.0,17,426.5,48707,6709,12.9,0.0,47.5,47.1,47.8,2.56,53.2,25.8,44.0,14.0,29.2,15.4,56.2,10.7,65.2,50.4,42.3,31.4,17.1,52.39630661,45.06815184,0.820753334,0.747471787,53.5982009,4.897660819,49534.0
12.0,5,371.2,37911,2408,19.1,0.0,44.8,41.8,47.3,2.52,56.5,29.1,18.9,0.0,22.1,18.7,49.8,4.5,71.2,46.2,29.8,33.9,13.0,96.20092866,0.0,0.0,0.802026171,57.98611111,5.027932961,38888.25
406.0,153,444.5,92446,90595,7.2,0.0,40.6,39.8,41.7,2.87,52.7,8.1,38.4,8.6,31.5,17.4,63.9,7.6,82.1,66.2,58.4,24.3,11.0,81.8696318,12.7072375,1.401558027,0.489380119,57.54132563,3.454078056,93564.75
109.0,40,409.0,47366,23886,13.7,0.0,36.2,35.7,37.0,2.71,56.6,27.0,34.6,2.5,33.4,9.7,67.6,4.8,68.3,48.7,46.4,30.4,16.5,89.22265154,4.661597906,0.070630271,3.639536333,54.01484866,8.05433327,46611.3
1630.0,692,414.6,42722,298563,17.3,110.529436,43.9,42.6,45.0,2.64,49.1,21.8,32.6,4.7,33.4,12.8,48.0,12.4,53.6,37.7,31.6,42.8,24.5,73.1630591,19.29994514,1.760032777,3.082227454,49.87210143,5.736951023,41543.55
39.0,15,392.0,53290,9367,13.6,0.0,30.1,27.2,32.2,2.33,53.9,3.6,17.7,2.4,20.5,25.8,66.8,3.0,82.7,66.6,57.2,22.2,9.1,95.25729443,3.342175066,0.021220159,0.732095491,58.74285714,5.981533521,52796.0
214.0,90,533.3,51475,39741,12.7,0.0,39.8,39.5,40.2,2.7,54.6,7.9,40.9,4.8,36.6,13.7,59.7,7.8,66.9,48.7,47.0,30.5,18.7,94.82015118,1.615849018,0.41347471,1.504236213,56.67977102,4.803398323,52796.0
1962.667684,138,453.5494221,49246,118053,19.4,660.720185,28.8,28.0,29.7,2.43,39.5,2.8,13.1,13.9,20.0,26.3,54.5,6.0,79.3,66.9,55.3,19.6,8.7,84.29288405,3.999408526,4.407351675,0.607130742,41.84408516,4.146877226,49534.0
70.0,33,404.1,37548,12299,22.4,0.0,44.7,43.2,46.6,2.48,45.7,21.3,31.4,7.7,34.9,8.1,43.8,7.3,58.5,40.5,34.4,41.3,22.6,61.81716834,34.03408186,0.286669852,1.727982163,47.05491585,7.48049564,38888.25
20.0,9,373.5,65192,7752,23.2,0.0,26.1,26.4,25.8,3.97,37.2,28.2,56.4,1.8,43.6,6.9,49.4,21.9,33.4,27.3,26.8,39.1,31.5,12.27366787,0.323331609,0.763062597,0.581996896,44.92905938,12.39291833,93564.75
3322.0,1373,454.5,48226,776864,17.9,390.0296577,34.2,33.0,35.5,2.53,46.7,17.1,29.6,9.8,25.3,19.8,60.8,6.0,61.5,48.9,42.0,31.4,18.7,68.89592832,14.79376524,3.242365603,3.267150885,43.15419198,6.473896102,49534.0
1962.667684,17,453.5494221,48449,5771,10.2,0.0,46.5,45.1,48.4,2.25,59.1,17.9,31.6,11.3,40.5,15.8,63.9,2.8,78.6,58.2,45.0,33.7,12.2,97.2107438,0.378787879,0.154958678,1.136363636,54.22507008,5.539070228,49534.0
4146.0,1677,467.1,48973,807598,17.6,633.9787865,37.0,35.4,38.7,2.37,42.5,12.6,31.3,13.0,27.1,21.5,60.2,8.8,68.1,56.1,50.8,32.7,20.4,68.75480295,25.64530449,2.242991119,0.735021649,39.24670876,5.234779851,49534.0
412.0,142,490.8,49476,53709,14.3,18.61885345,48.6,46.4,51.1,2.28,51.8,16.7,28.6,3.5,29.7,13.7,42.3,12.9,64.0,48.7,36.3,46.2,21.3,88.05636199,1.832504299,1.377614231,3.08437656,50.57606289,3.962223187,49534.0
21.0,12,415.8,33324,3138,24.5,318.6743149,536.4,42.8,45.2,2.71,49.1,27.4,41.8,0.0,27.9,8.9,47.5,11.5,42.6,48.7,20.4,42.7,26.9,81.67343116,7.461754605,0.312207306,6.244146113,51.51515152,8.121019108,28429.05
134.0,69,447.8,34419,22151,22.8,0.0,42.8,41.5,44.2,2.48,55.7,23.3,33.7,3.6,46.0,4.5,34.6,10.1,54.6,38.3,36.7,49.9,28.7,97.72588122,0.782821657,0.0,0.126825855,54.03848244,6.018614271,35815.95
73.0,24,429.0,53679,15385,24.0,0.0,40.4,40.5,39.9,3.04,36.1,10.1,20.8,0.0,33.7,14.8,38.5,8.5,68.3,51.9,47.7,32.0,18.0,52.90301654,45.71521246,0.038923127,0.253000324,54.43620557,6.799830004,52796.0
16.0,9,312.8,47293,2967,13.8,0.0,54.5,54.4,55.1,2.38,52.4,40.7,39.8,0.0,34.5,14.8,42.4,8.0,58.8,36.3,31.2,49.0,25.5,96.42502483,0.099304866,0.033101622,0.397219464,51.91693291,2.073732719,46611.3
50.0,26,437.1,30744,7771,24.0,0.0,46.9,45.8,48.3,2.37,59.9,22.8,35.5,7.6,44.7,6.9,42.5,7.2,49.6,32.9,26.7,52.8,31.1,96.61953728,1.645244216,0.347043702,0.179948586,57.86551511,2.134146341,28429.05
1962.667684,46,453.5494221,49934,15471,12.4,0.0,43.2,41.7,45.0,2.43,54.0,17.3,35.1,10.0,37.9,13.0,61.8,4.0,71.6,52.4,39.4,36.5,17.1,89.44221841,0.712332252,3.281816447,0.400686892,51.81544316,5.74439157,49534.0
95.0,44,459.4,41321,16804,18.5,0.0,40.9,38.9,43.3,2.75,52.4,25.5,42.3,1.6,46.1,6.7,41.8,20.0,59.8,41.0,36.4,40.2,20.2,65.63511208,24.85144437,0.370653645,0.623639466,56.57916191,6.039551042,41543.55
1962.667684,108,453.5494221,60322,47710,10.3,0.0,49.4,48.7,50.0,2.37,58.9,17.3,38.6,5.0,24.7,16.4,51.5,8.5,70.7,48.9,39.6,35.8,12.9,89.15127277,0.554391756,1.305571426,3.49986246,56.13529501,5.193753615,58020.05
71.0,35,423.4,34452,10160,23.1,0.0,49.1,49.4,48.5,2.26,55.1,19.8,37.5,5.9,37.6,8.7,45.7,8.0,50.0,35.3,29.9,42.9,22.1,74.74629196,22.92154567,1.619828259,0.087822014,51.3107775,1.660795169,35815.95
2688.0,894,486.2,85613,515939,7.3,149.2424492,40.1,38.8,41.2,2.66,55.9,11.4,28.6,14.4,23.2,29.3,64.7,5.9,82.4,68.9,61.6,21.9,9.3,86.42420414,5.913334131,4.472956883,1.107499652,58.35469775,4.919274098,93564.75
296.0,139,496.9,37433,39832,21.2,0.0,46.6,45.4,48.0,0.0253,48.5,22.0,36.1,2.9,40.9,7.0,44.1,11.1,46.7,30.8,25.0,47.8,26.3,87.34587278,9.148439266,0.494713844,0.323949675,47.36401134,6.101525381,38888.25
796.0,333,480.8,36014,153721,28.2,377.3069392,35.6,34.1,37.5,2.59,37.7,17.6,35.2,5.8,32.6,14.5,50.2,12.4,55.9,43.6,37.9,38.0,24.1,42.94775734,53.09076581,1.719460521,0.480570484,36.90882667,5.466863951,35815.95
522.0,207,484.3,62198,102382,10.6,419.9957024,40.1,39.5,40.5,0.0273,52.5,17.2,34.7,8.4,37.8,13.9,60.7,7.5,72.9,60.0,54.7,30.4,17.5,88.88289525,6.758532758,1.287759906,0.932718713,54.36451753,4.297102051,93564.75
367.0,139,451.0,57427,82178,10.4,462.4108642,36.0,35.4,37.1,2.44,50.6,17.3,33.0,5.4,27.5,14.5,65.7,5.1,69.6,56.1,50.2,26.8,13.4,92.55102423,1.114846709,0.947369737,1.261076602,47.12271638,5.340540541,58020.05
12.0,4,318.9,60810,3569,10.6,280.1905296,34.4,31.0,39.0,2.87,56.4,21.7,34.6,1.2,37.2,14.2,62.1,5.0,67.6,54.4,45.9,22.6,10.3,86.27619868,0.373241459,0.775193798,8.297444732,58.43071786,10.1488498,58020.05
26.0,10,414.3,47006,4349,11.5,0.0,43.7,38.8,45.2,2.52,61.4,22.7,37.8,3.1,29.1,14.8,57.8,5.3,64.4,48.0,31.2,38.0,18.8,95.08121711,0.16014642,0.823610158,0.686341798,58.44535359,10.87248322,46611.3
223.0,107,427.0,41611,43026,19.3,0.0,40.1,38.6,41.4,2.55,51.4,15.1,45.2,3.6,43.1,7.5,50.3,11.5,56.3,41.6,37.8,44.1,26.7,96.22886264,1.380588372,0.34977994,0.039379199,49.87422137,6.779300818,41543.55
1962.667684,88,453.5494221,47537,39116,12.1,0.0,39.0,37.7,40.8,2.51,53.1,27.4,23.4,3.7,32.6,13.8,62.5,6.5,73.4,54.8,49.0,35.0,16.0,92.21709537,3.023427741,2.024116043,0.879496265,50.11345219,6.166646274,46611.3
560.0,222,493.0,39275,88842,20.5,22.51187501,42.9,41.4,44.4,2.53,48.1,24.2,31.4,3.6,29.8,10.7,49.7,11.6,57.5,48.7,38.0,41.1,23.6,84.81149774,5.928663957,3.634922053,3.251887256,47.70626097,4.608459925,38888.25
76.0,31,479.1,52376,11099,10.3,0.0,42.8,41.1,43.9,2.07,58.0,12.1,15.5,9.2,31.3,19.4,64.1,2.4,81.6,62.4,46.2,27.5,8.9,94.51203028,0.937190232,2.018563576,0.765972785,51.52294304,8.043956044,52796.0
25.0,8,395.0,51246,4333,10.1,0.0,44.6,43.5,45.8,2.25,64.9,29.8,38.4,11.3,40.8,16.3,66.6,3.1,78.4,60.9,43.8,29.6,13.8,99.00944483,0.691085003,0.0,0.0,57.21052632,6.575682382,52796.0
37.0,15,321.0,26336,12235,31.0,163.4654679,30.5,29.1,32.7,3.26,40.2,19.0,29.9,0.0,27.0,7.0,48.6,12.2,32.9,24.6,22.2,48.6,35.5,91.16086235,0.456053068,0.0,7.76119403,42.01819686,4.962779156,28429.05
253.0,98,451.7,35807,47731,25.4,62.8522344,38.5,37.1,39.7,2.65,45.0,24.3,41.3,3.8,43.6,7.7,45.5,6.6,57.4,43.9,40.0,39.0,22.8,61.32690139,36.13373429,1.052499687,0.325773713,45.14172336,4.598218303,35815.95
61.0,23,639.7,41910,8321,18.6,0.0,41.0,39.8,41.5,2.54,53.4,22.3,35.6,0.7,43.4,9.2,54.5,8.3,66.7,48.7,48.2,37.4,22.3,98.93175074,0.023738872,0.0,0.913946588,49.89403573,6.52995143,41543.55
2013.0,823,399.1,51673,363369,14.1,19.26416398,46.7,45.2,48.2,2.52,52.0,20.2,37.9,6.3,30.7,16.8,49.5,8.6,61.1,48.7,33.2,39.8,19.3,84.61927856,9.281439739,1.835457584,2.572084404,51.46038226,4.574507344,52796.0
31.0,15,404.5,32536,6785,27.1,0.0,42.8,43.5,42.2,2.38,41.6,28.4,45.9,0.0,41.6,10.5,48.8,5.4,51.8,36.6,31.0,46.3,26.8,70.14196983,29.11860396,0.0,0.310559006,41.11153407,1.448321264,28429.05
74.0,27,355.1,43953,14326,16.3,0.0,50.2,50.6,49.0,2.45,51.6,30.3,34.0,0.0,52.1,5.7,54.5,7.0,64.3,48.7,42.7,42.1,21.0,92.60408051,5.714088779,0.0,0.46870692,59.02578797,6.422798809,43962.7
98.0,40,424.4,49583,18372,15.1,0.0,39.0,36.7,41.0,2.31,55.7,34.7,32.7,4.8,33.3,15.6,66.0,2.9,69.8,48.7,43.6,34.6,18.2,87.89630119,0.253192426,7.7553941,1.854909731,50.25776603,6.529752501,49534.0
707.0,237,467.5,69346,133674,5.9,44.88531801,42.1,40.8,43.0,0.0249,60.5,12.0,36.9,8.3,30.0,20.9,68.5,4.5,82.8,68.2,62.4,25.2,11.0,95.78697121,1.035953687,0.993823399,0.410770307,59.83515133,5.225693273,93564.75
7637.0,3091,485.0,44138,1255921,19.6,555.7674408,40.4,38.4,42.1,2.31,40.5,17.1,29.6,12.6,28.3,18.0,56.4,10.6,65.3,51.7,47.2,37.3,22.5,63.60774199,29.68819393,2.775277492,1.207261938,36.95193176,4.879604208,43962.7
15.0,7,412.8,50361,3211,13.6,0.0,35.5,36.2,35.1,3.0,59.0,5.4,44.5,9.2,23.6,14.2,63.6,4.1,59.5,48.8,45.8,25.0,12.4,75.46526055,0.093052109,0.186104218,23.6662531,57.63500931,5.007153076,49534.0
146.0,54,507.4,44469,22251,18.3,44.94180037,42.6,42.0,43.4,0.0256,45.3,34.2,22.9,1.9,41.7,9.7,51.4,8.3,59.2,45.2,40.1,37.7,21.7,62.05440484,35.90096898,0.320028447,0.68006045,45.65665826,4.275724276,43962.7
21.0,9,307.1,38012,7631,28.1,0.0,31.7,33.4,28.8,3.19,47.0,28.5,34.0,1.8,32.7,10.1,42.9,8.1,41.2,23.4,21.1,41.8,27.5,80.00278125,1.001251564,0.0,17.78612154,49.9238965,11.31436314,38888.25
574.0,232,481.6,39444,96879,21.1,113.5436988,41.4,39.8,42.6,2.55,48.6,14.6,33.0,6.4,34.6,9.8,52.2,12.6,58.4,43.9,39.5,39.8,22.7,75.80933956,20.84834016,0.981703678,0.621539855,47.84396444,4.050285512,38888.25
46.0,21,393.5,43453,13964,24.9,572.9017474,25.2,25.6,24.8,2.21,36.6,3.5,22.0,11.9,27.8,23.4,63.1,6.8,74.5,48.7,49.0,24.5,13.0,90.06494897,1.484547855,2.069802298,1.077724645,39.62511715,2.566452796,43962.7
19.0,8,349.5,46503,4281,13.9,0.0,39.0,38.4,39.6,2.66,61.0,17.1,61.3,1.6,38.4,10.1,54.5,6.7,74.6,55.1,46.8,32.9,11.7,96.91401649,0.0,0.0,0.376914016,60.68268015,5.384615385,46611.3
38.0,16,391.4,47987,6985,15.2,0.0,42.9,40.6,48.3,2.23,50.0,17.8,50.0,6.9,37.5,13.7,48.0,0.9,80.7,52.9,36.7,35.4,12.2,90.43205476,0.9981463,0.456295451,0.855553971,55.04032258,11.87558907,46611.3
219.0,132,362.3,36627,49605,24.0,0.0,39.7,38.3,40.9,2.67,52.6,22.5,42.7,1.4,39.8,8.5,46.6,9.4,49.4,36.7,31.7,39.5,23.7,75.39429648,2.416882102,0.438886551,2.711477184,52.40585774,5.913091309,35815.95
1015.0,377,487.3,51340,240098,15.1,79.13435347,34.0,33.0,35.0,2.55,44.6,15.2,24.7,8.5,28.7,20.8,63.9,6.3,67.8,57.1,47.9,26.3,15.6,69.85518375,25.68428591,1.561185621,0.634568679,43.47659981,5.986172971,52796.0
122.0,49,487.9,53277,17367,11.7,115.1609374,44.7,42.1,46.9,2.37,55.2,12.0,32.9,12.5,34.9,13.1,58.8,4.9,78.1,60.7,52.7,31.3,12.4,95.77991146,1.023400218,0.960156385,0.983154142,54.84009752,4.732327714,52796.0
306.0,139,443.3,51958,67357,15.8,0.0,35.5,34.0,36.9,2.87,51.5,22.5,39.2,2.8,31.1,10.3,57.0,5.2,58.1,46.9,42.6,31.4,19.0,92.21431815,2.096261541,0.976237324,2.445890722,53.95285545,8.977719528,52796.0
1160.0,439,475.4,44548,193307,17.4,460.4075383,40.3,38.3,42.0,2.44,45.5,15.6,27.8,5.7,34.2,13.6,51.3,11.1,67.0,47.8,43.4,41.3,21.1,75.27013065,18.40400246,1.174171285,1.688730093,44.57106192,5.433100881,43962.7
45.0,23,383.9,37173,7595,18.5,0.0,47.1,45.5,48.6,2.34,54.7,15.0,31.8,7.4,41.3,9.0,52.9,7.9,54.2,39.3,33.5,43.1,25.0,95.55001313,0.485691783,0.144394854,0.380677343,51.64319249,3.627311522,35815.95
218.0,72,572.8,41211,21387,14.8,187.0295039,52.6,52.1,53.1,1.99,59.8,14.9,28.3,6.8,31.4,16.7,49.3,8.0,65.6,39.2,30.2,50.4,22.5,86.56988996,0.398033247,0.51510185,0.355888551,50.64813075,4.69334869,41543.55
2899.0,1078,419.5,47451,882176,24.5,47.6095473,31.1,30.5,31.7,3.21,46.5,19.7,36.6,3.7,27.3,10.3,51.3,12.7,51.8,42.5,37.8,40.1,29.5,74.69748284,5.662349723,4.568367262,10.47189905,50.96534463,6.627706717,46611.3
106.0,39,502.9,46067,18102,13.3,0.0,39.6,39.2,40.4,2.61,57.9,12.1,42.9,3.6,43.1,11.4,52.7,9.4,67.7,52.1,46.7,35.9,19.5,93.82408331,3.799711975,0.542815996,0.376647834,59.25061962,5.539429124,46611.3
107.0,51,400.5,58024,25263,11.2,0.0,42.6,41.8,43.3,2.62,60.7,19.3,49.0,3.8,29.3,15.6,60.6,6.6,71.4,55.1,40.3,25.1,10.4,90.27845827,6.197942185,0.449126245,0.440960314,60.02150538,3.284671533,58020.05
298.0,139,417.5,34321,56694,24.3,0.0,41.5,39.8,43.2,2.47,45.0,25.0,27.5,4.6,31.7,8.2,45.3,9.0,50.7,36.7,30.8,44.4,25.9,61.72986196,30.44557051,0.325004368,2.645465665,42.47477961,5.168210629,35815.95
19.0,9,358.2,42348,2946,12.8,339.443313,47.6,46.8,50.0,2.0,64.0,62.7,20.0,7.3,41.2,10.2,63.3,0.7,67.1,44.3,32.3,39.8,17.0,97.46588694,0.032488629,0.194931774,0.0,53.1436135,0.363636364,41543.55
91.0,42,358.5,42753,22666,21.2,0.0,39.9,38.4,40.9,2.76,47.9,28.6,33.2,0.5,29.5,11.3,47.2,14.4,53.8,36.8,32.0,43.3,26.5,70.88980554,0.974570509,0.775123521,7.044104982,48.66094644,6.839517211,43962.7
239.0,111,489.6,48368,44069,14.9,0.0,38.3,37.7,39.3,2.57,54.4,20.0,42.5,4.5,48.1,9.8,58.5,7.3,70.3,55.7,50.9,29.0,14.2,92.58126107,0.786731384,1.391732419,3.623105059,54.50824606,6.627918833,49534.0
72.0,31,392.1,45721,13383,14.3,0.0,42.9,41.6,44.7,2.35,52.9,13.3,39.2,1.8,29.9,14.1,55.0,6.8,67.1,47.0,40.1,37.8,16.1,91.92262256,0.361783816,0.243650325,4.282339043,52.80460624,7.372914241,46611.3
97.0,41,375.5,39551,16272,16.3,0.0,48.9,47.5,50.4,2.38,58.4,25.8,53.6,1.8,37.3,14.9,48.5,6.4,63.1,41.3,31.4,42.1,17.5,93.86341344,0.147130947,0.275870525,0.232957332,57.72444174,5.367647059,38888.25
572.0,239,420.5,86703,156118,7.2,0.0,37.7,36.2,38.9,2.84,50.0,11.5,35.7,10.9,32.2,17.2,64.2,6.3,82.3,66.1,57.3,24.3,11.3,48.40069654,42.24570224,3.26276235,0.955785119,52.66592692,4.693221178,93564.75
61.0,23,497.6,51839,11190,16.3,0.0,37.4,36.9,38.2,2.96,56.8,29.6,41.5,2.0,35.4,7.9,54.5,8.6,63.5,49.4,45.2,34.6,20.3,86.2906105,0.437343806,0.383791503,8.38093538,59.65005302,9.868141217,52796.0
169.0,65,513.2,35314,28773,26.0,0.0,38.1,36.1,39.5,2.82,43.7,15.3,39.0,2.8,31.5,10.2,45.4,14.3,48.7,37.6,32.6,42.3,27.5,46.04266796,51.28799142,0.452958058,1.320839528,46.62601626,4.448742747,35815.95
15.0,7,437.3,39870,2953,20.7,0.0,34.9,34.6,35.4,2.79,52.0,41.7,26.6,0.0,29.7,7.4,52.8,8.5,43.6,31.8,25.4,35.3,21.6,85.73337788,3.942532576,0.033411293,6.014032743,52.91262136,7.357357357,38888.25
2635.0,846,436.7,70687,565524,8.3,282.923448,40.4,39.0,41.9,2.44,52.4,15.5,28.5,12.1,21.3,26.4,65.5,5.9,77.1,64.8,55.9,24.2,12.2,90.81785988,1.088995264,2.576655128,1.770997784,50.66310141,4.465658687,93564.75
310.0,122,495.6,48544,46045,12.9,65.15365403,42.6,41.3,44.0,2.42,54.6,14.9,30.1,6.9,37.3,12.2,55.7,9.6,70.7,52.4,46.2,38.0,18.7,97.18000171,0.685253181,0.429083767,0.121680471,53.28205669,5.090116855,49534.0
2131.0,880,449.3,47745,375165,14.9,389.162102,41.8,40.3,43.1,2.43,49.4,13.6,32.1,7.6,38.3,14.4,57.9,8.5,70.4,54.2,49.8,34.9,18.6,88.7249686,7.151867171,0.780043682,0.234679809,48.35389168,5.285174738,46611.3
520.0,197,388.7,74811,161077,9.9,80.70674274,32.1,31.1,33.0,2.83,53.0,18.3,37.4,6.9,23.6,18.3,67.8,3.4,67.6,56.8,51.0,20.5,10.3,82.40663626,6.34014145,1.612135634,6.905281248,51.81577454,7.101472818,93564.75
198.0,78,487.4,41574,33115,16.6,0.0,41.7,40.8,42.5,2.46,54.4,16.1,37.9,6.8,40.6,7.7,47.0,9.8,66.5,48.7,43.8,36.4,18.9,77.3477044,11.45715477,0.11016495,0.059548621,52.38235946,4.830100247,41543.55
1962.667684,22,453.5494221,45368,7808,14.3,0.0,41.7,40.4,42.7,2.37,59.5,12.7,30.5,6.7,39.1,10.5,59.0,5.9,67.7,45.5,33.9,37.6,16.9,95.14944276,0.113981763,0.0,0.0,55.73170732,8.419023136,46611.3
1962.667684,40,453.5494221,59900,18773,8.4,0.0,45.0,43.6,46.4,2.35,58.1,11.8,30.3,8.9,34.3,14.9,64.4,4.9,76.7,58.9,50.6,34.2,15.0,97.24643844,0.302998086,0.223261748,0.154156921,55.63023079,3.366021733,58020.05
3222.0,1302,401.9,71904,909535,10.3,21.98925825,35.8,34.0,37.7,2.86,38.5,12.6,28.9,9.6,26.1,18.1,65.5,8.7,68.6,56.1,50.6,27.3,16.3,20.39233168,63.44722765,4.270084766,8.909674558,39.11619384,5.044283329,93564.75
781.0,314,470.4,53945,168437,15.4,100.9279434,37.4,36.4,38.3,2.62,47.6,12.0,40.2,7.2,32.8,16.3,60.7,9.7,69.8,57.2,52.4,32.0,18.6,87.4768985,7.381153942,1.393244226,1.275202995,47.54051019,4.702469467,52796.0
139.0,56,412.6,51182,27964,10.7,0.0,41.2,39.6,42.4,2.52,58.4,16.8,34.9,4.8,41.8,11.8,61.9,4.1,72.7,56.8,49.2,31.1,15.2,96.82328393,0.69074687,0.604403511,0.859835948,57.92632259,5.617591479,52796.0
12.0,6,464.8,28716,1639,32.3,0.0,47.9,44.4,49.9,2.42,40.0,16.8,50.3,7.2,43.9,6.3,54.5,12.1,51.4,27.4,21.0,46.2,22.1,40.03486345,58.86112725,0.522951772,0.290528762,37.34087694,0.56980057,28429.05
59.0,24,477.0,33428,13647,31.8,0.0,31.3,30.6,31.8,3.07,41.3,20.3,34.2,3.4,37.8,13.7,46.7,14.4,33.0,48.7,21.6,36.4,27.9,33.62346401,0.336454067,0.519309538,0.241369222,40.92846992,7.119948685,28429.05
71.0,27,433.1,51958,13628,10.2,0.0,39.8,38.7,40.8,2.62,58.1,11.2,29.6,4.8,46.6,12.6,62.0,2.9,78.6,63.4,57.2,27.4,12.2,98.34278238,0.828608809,0.058147987,0.341619421,60.89830838,3.887915937,52796.0
335.0,155,445.7,41608,61109,17.5,32.72840334,41.2,39.8,42.0,2.6,50.0,16.4,41.8,6.1,43.1,9.3,49.6,8.0,62.6,48.7,42.4,42.6,23.4,95.39845052,2.154398564,0.448024326,0.106749478,49.736708,5.379259802,41543.55
106.0,41,550.7,39453,11182,18.1,0.0,52.4,50.7,54.0,2.34,55.0,7.1,19.2,4.5,34.9,13.9,39.4,10.0,61.9,37.9,29.0,45.5,19.7,95.7962963,0.87037037,0.231481481,0.175925926,55.95126523,7.575757576,38888.25
8287.0,3265,422.3,52225,1422789,14.9,151.1116546,44.1,42.3,45.8,2.54,46.9,17.7,28.9,8.8,25.5,21.1,54.3,9.5,60.5,45.8,36.5,35.5,19.5,74.98799686,17.97243412,2.503905553,2.180944963,45.4432712,5.134424767,52796.0
138.0,50,467.8,45522,20257,14.4,0.0,43.1,40.7,45.1,2.31,52.7,9.6,31.6,7.6,39.5,12.6,60.3,5.1,68.2,50.0,40.5,39.6,20.1,96.119287,1.083102628,0.762543106,0.189421536,50.91164095,7.378451014,46611.3
1407.0,556,488.4,50155,264052,19.1,98.46545377,37.7,36.1,39.1,2.57,45.4,15.3,30.0,5.9,28.1,16.0,55.6,8.9,65.5,50.1,41.2,36.0,22.2,65.18730175,29.9132304,1.31371499,0.754225197,44.55885085,4.939849972,49534.0
435.0,159,438.5,57192,97121,10.8,175.0393839,36.7,35.2,38.2,2.51,53.3,13.6,36.0,6.4,26.3,17.8,61.3,5.0,74.6,48.7,47.9,27.8,12.2,87.85929101,2.909955884,1.165239807,3.984030347,51.75899609,5.053669323,58020.05
135.0,48,570.8,41651,19696,20.4,0.0,41.8,40.9,43.5,2.43,42.5,32.8,28.8,2.9,43.5,8.9,43.6,6.5,60.3,45.8,40.7,39.0,23.5,53.7446487,44.91060186,0.090657265,0.161168471,46.95113161,4.203655352,41543.55
1962.667684,9,453.5494221,52001,6634,18.5,0.0,41.3,39.5,44.1,2.29,44.8,38.0,28.9,0.0,35.4,7.5,36.9,9.5,59.9,43.8,38.1,34.7,19.1,86.35822672,4.819994049,0.163641773,2.915798869,51.4162266,14.62113127,52796.0
89.0,39,438.4,37923,14777,18.1,0.0,43.9,43.3,44.7,2.41,58.4,16.3,52.1,1.2,47.5,7.2,47.1,9.3,58.6,41.0,38.6,43.1,24.0,93.20726883,3.540535104,0.127405619,0.268222356,57.0751634,5.657937278,38888.25
107.0,49,450.4,51422,12232,14.3,0.0,55.1,54.8,55.7,2.1,61.0,8.2,50.7,0.7,31.1,16.1,47.2,8.7,76.1,47.6,39.7,43.4,13.5,70.46488947,28.6979844,0.056892068,0.0,54.34226241,7.278020378,52796.0
155.0,49,403.5,72604,44626,9.8,0.0,33.6,33.9,33.4,2.64,55.2,16.9,35.5,4.0,35.4,13.8,68.4,5.4,74.2,62.7,59.0,21.9,11.3,92.13347628,0.866613062,0.857678906,1.684088269,54.38575454,8.929775551,93564.75
82.0,34,538.7,36255,11854,20.3,0.0,43.5,41.0,46.2,2.49,57.3,10.0,63.6,0.0,43.2,8.4,50.8,7.7,57.8,43.2,34.3,40.9,23.6,94.26490288,1.59912927,1.942397857,1.013060951,54.15959253,4.558176729,35815.95
22.0,7,389.1,32570,5562,40.5,0.0,35.5,38.6,30.1,3.78,30.9,17.3,31.6,5.7,39.1,7.8,32.7,27.0,44.7,33.8,27.2,52.9,37.2,84.03891191,5.260313457,0.378310214,5.854800937,47.21984602,10.31111111,28429.05
89.0,32,447.2,61802,17110,8.2,0.0,458.4,36.3,40.7,2.46,58.1,4.3,22.7,6.2,29.5,18.0,63.4,3.5,83.4,67.6,55.0,24.3,9.0,96.47605601,0.352982704,0.482409695,1.194258148,60.49149338,9.675645959,93564.75
2000.0,778,481.1,61028,467711,13.1,1231.529727,35.0,34.1,35.9,2.5,51.1,12.6,29.1,14.2,25.3,25.1,68.3,5.8,74.6,48.7,55.6,29.9,16.5,85.38405594,6.242912313,3.942577851,1.506292429,48.58203096,6.46314994,58020.05
230.0,111,396.3,44780,45941,16.6,0.0,42.0,41.5,42.5,2.5,54.0,14.0,28.7,5.1,40.2,9.6,52.1,9.0,65.0,47.9,42.8,38.1,18.9,97.14582702,0.634501278,0.324830006,0.129932002,54.65468838,6.309693152,43962.7
74.0,38,431.5,37417,11660,19.9,0.0,45.3,44.2,46.1,2.3,56.1,15.0,38.9,4.7,44.6,7.5,48.1,10.1,58.4,42.8,35.7,44.3,23.9,94.10405614,2.781105596,0.265274688,0.795824063,50.74327039,4.422498927,38888.25
564.0,237,483.4,34887,96844,21.9,330.4283177,38.5,36.9,39.9,2.32,43.0,9.7,28.2,11.5,31.9,14.8,50.3,6.8,63.3,48.2,44.4,39.0,21.7,91.06936297,4.818020326,1.189787656,0.228249194,40.76501639,4.521925134,35815.95
564.0,221,532.1,51927,102370,16.9,224.6751978,35.5,34.4,36.7,2.62,44.7,8.6,26.1,10.1,31.9,16.3,59.0,8.8,66.7,53.1,46.6,35.2,21.3,68.69403649,24.14362238,3.04797296,1.019944259,47.13293141,5.35618844,52796.0
482.0,206,469.6,40270,77510,17.7,12.90156109,41.6,40.0,43.4,2.4,51.3,11.9,41.1,8.3,39.5,12.0,45.5,6.6,60.6,36.8,33.6,44.6,24.0,88.30214159,8.28099321,1.188641025,0.52488757,49.67065294,3.77850558,38888.25
102.0,38,473.5,35385,16295,28.2,0.0,42.2,39.8,45.8,2.51,37.0,38.2,41.4,0.4,40.7,8.6,39.8,13.5,49.4,34.2,30.0,47.1,27.2,46.52923854,50.16527436,0.030049883,0.270448945,39.73000684,8.809020437,35815.95
19.0,8,358.0,39601,5168,20.1,0.0,38.4,38.1,38.5,2.7,53.4,15.6,28.3,0.0,34.4,9.4,51.0,12.4,51.7,38.1,34.5,38.1,21.1,73.64998029,23.94560505,0.157666535,1.773748522,51.72964343,6.255585344,38888.25
11.0,4,359.8,62376,3792,11.2,0.0,35.9,35.8,37.1,2.93,63.1,12.5,60.2,6.3,37.1,8.1,65.1,2.2,56.2,47.0,39.3,18.3,10.1,58.75486381,1.8065592,0.0,38.74374653,60.23007395,3.469640644,93564.75
789.0,295,437.3,59382,164427,13.2,395.3122054,37.7,36.2,39.1,2.41,51.4,7.4,20.3,12.0,25.6,19.4,56.9,7.6,76.6,48.7,49.9,29.4,15.2,86.12965309,7.22751413,2.995882869,0.417803547,52.00990932,4.699355673,58020.05
123.0,54,450.0,36852,25683,22.5,0.0,38.5,37.6,40.4,2.66,41.6,31.5,45.6,4.0,44.0,6.9,40.4,8.9,58.0,43.7,39.8,40.2,23.8,72.49834327,20.01715199,0.810821346,0.732857755,45.16008471,5.988023952,35815.95
590.0,218,461.3,55915,117460,8.7,187.2978035,38.7,38.2,39.3,2.66,55.6,16.4,31.2,6.9,33.9,15.4,59.6,5.3,70.0,53.4,47.1,33.8,17.1,90.41314909,5.832227913,0.954907628,0.523574008,55.44575522,5.129672006,58020.05
54.0,27,423.5,28730,11043,31.3,0.0,36.8,34.3,40.0,2.69,39.4,21.2,33.6,6.7,30.5,7.3,44.6,19.0,41.5,28.8,22.2,49.2,30.5,27.76631069,71.93753926,0.0,0.143587903,39.93115318,4.965357968,28429.05
788.0,232,443.4,97936,211672,5.6,118.1072603,38.9,37.9,39.6,2.86,66.0,16.2,30.4,18.8,16.4,35.8,65.5,4.2,86.6,75.7,64.0,16.5,7.4,89.77218033,4.374899727,3.560685063,0.64074282,69.98906129,4.474464442,93564.75
1962.667684,4,453.5494221,53739,1670,10.9,0.0,535.2,44.7,44.4,2.07,55.9,25.2,31.1,3.0,29.7,15.5,67.9,2.4,78.2,56.7,48.6,29.2,11.2,98.32735962,0.358422939,0.0,0.0,47.82608696,10.02949853,52796.0
57.0,24,394.4,42720,11318,16.7,0.0,43.7,43.7,43.8,2.55,61.2,38.9,39.3,0.3,36.8,10.0,44.7,4.7,51.5,36.5,26.2,38.2,22.3,94.04251437,0.237204635,0.182465104,0.77547669,57.58499414,5.523535062,41543.55
75.0,32,407.5,42839,22255,14.6,0.0,31.1,30.2,31.6,3.21,59.0,31.0,29.7,1.4,26.1,9.5,67.4,4.1,59.4,50.7,46.5,26.8,18.1,79.58798977,2.948700687,8.482563619,5.637089897,63.00594806,10.43646945,43962.7
44.0,20,516.0,45483,8636,16.7,0.0,37.8,38.3,36.6,2.73,53.0,12.7,66.2,3.9,44.2,7.1,58.0,6.0,59.7,48.7,48.1,33.6,23.1,94.12863313,1.120578966,0.606980273,2.43959379,48.75686148,9.86273513,46611.3
100.0,42,437.7,50548,19183,11.6,0.0,39.7,38.9,40.8,2.54,59.5,17.0,40.6,5.0,44.4,10.9,62.1,4.2,76.1,61.5,54.5,29.4,13.3,97.31413613,0.790575916,0.356020942,0.204188482,58.87762001,5.280764636,49534.0
1082.0,396,474.8,62700,219916,9.3,386.5112134,37.1,36.0,38.0,2.42,51.2,9.9,23.8,10.6,27.2,21.6,67.0,4.8,78.1,63.0,56.9,28.8,13.8,89.7465842,4.222211965,1.986244461,0.938884786,48.9784466,5.753829407,93564.75
612.0,246,490.4,56326,110879,14.7,234.4898493,37.3,36.1,38.5,2.61,46.7,10.7,32.2,6.9,34.1,11.5,56.6,9.8,68.0,53.8,48.8,35.0,19.8,80.25948797,15.0265993,1.11209132,1.447144474,47.87181996,4.551301453,58020.05
398.0,150,524.4,35991,58106,22.1,722.8169208,42.1,39.9,43.9,2.47,44.0,21.5,37.7,2.3,31.8,8.8,51.1,13.1,53.2,48.7,30.1,45.3,24.7,55.20397401,40.24531319,0.634547991,1.568507366,41.64131133,6.174096999,35815.95
232.0,82,444.2,51389,60618,14.2,16.49675014,34.0,32.5,35.1,2.68,52.4,12.7,22.4,10.5,23.9,23.5,59.5,8.5,65.5,48.7,44.5,28.5,16.9,75.8002887,20.08321304,1.399337692,1.020633438,52.42167848,5.380501321,52796.0
1962.667684,22,453.5494221,55705,8384,10.9,0.0,44.1,42.9,44.6,2.33,58.5,16.1,31.8,5.9,36.8,15.6,62.1,5.1,73.0,56.7,50.2,32.1,14.6,96.16930716,0.780326318,0.638448806,0.106408134,55.11347716,7.435158501,58020.05
847.0,317,511.3,45438,155854,19.5,128.3252275,36.9,35.6,38.8,2.86,39.6,17.6,40.9,7.5,39.4,10.5,51.0,11.1,59.4,46.5,43.4,38.4,24.0,63.05218582,20.47441653,1.346833508,10.27796351,43.66264295,5.846434788,46611.3
1208.0,509,441.7,44835,212567,18.1,103.4967798,42.8,41.6,43.9,2.45,49.7,16.8,36.5,4.9,27.4,15.9,51.8,10.8,57.9,48.7,34.1,43.4,24.4,91.66838642,0.7352553,1.038572107,1.486348344,47.72838885,5.016549209,43962.7
45.0,19,334.6,54421,8564,10.4,0.0,44.8,42.8,46.7,2.39,64.4,14.0,28.4,10.8,40.6,13.1,67.5,2.2,83.7,48.7,43.6,28.0,8.9,98.67435159,0.080691643,0.023054755,0.080691643,60.67132867,6.343283582,52796.0
1591.0,629,455.7,49782,407051,16.1,191.62218,32.7,31.1,34.6,2.53,38.7,8.4,27.3,10.1,22.5,22.1,57.6,9.4,69.5,48.7,45.5,30.1,16.4,46.89255314,45.85636053,2.680579745,1.575525447,39.41986227,4.618133504,49534.0
41.0,16,426.4,53489,7208,10.0,0.0,41.3,39.8,42.9,2.4,64.3,9.6,25.6,9.6,36.0,15.9,54.5,4.7,80.2,64.0,48.5,26.9,11.3,97.99554566,0.139198218,0.236636971,0.194877506,59.31972789,9.160305344,52796.0
106.0,47,403.1,86354,35294,6.9,0.0,32.6,31.8,33.5,2.4,55.3,14.4,41.0,4.6,28.5,15.2,70.6,1.7,81.3,68.7,60.6,19.4,7.3,88.99017523,1.850163746,0.286977953,2.24855667,50.28968714,9.9672438,93564.75
225.0,82,503.5,59282,35385,10.7,0.0,42.6,41.0,44.0,2.66,54.7,10.7,47.3,4.5,34.7,15.2,53.8,7.9,69.9,51.4,45.9,33.9,15.7,82.58469187,12.74135738,0.994334605,1.008787143,56.73692428,2.100668394,58020.05
18.0,5,501.1,61945,3385,8.1,0.0,35.5,35.4,35.9,2.96,60.8,28.1,17.2,3.6,34.4,19.0,69.5,1.1,83.3,66.8,55.0,23.6,8.5,93.73892499,3.48493798,0.177200236,0.0,70.26515152,4.96350365,93564.75
80.0,32,486.6,61388,12444,10.1,0.0,42.5,40.5,44.8,2.42,58.8,16.5,40.7,6.8,37.2,16.8,62.1,5.7,75.7,48.7,51.3,35.4,17.3,97.24843391,0.896043137,0.412338435,0.15066212,55.9681182,5.225019069,58020.05
88.0,42,369.9,44395,14977,13.6,0.0,50.8,50.5,51.1,2.16,58.5,14.2,28.8,4.5,30.2,18.9,54.1,7.2,65.9,48.7,37.2,44.1,21.0,86.37873754,0.664451827,0.445182724,0.252491694,52.79664691,5.547054323,43962.7
6146.0,2183,544.1,50134,922578,15.2,121.3989495,40.4,38.4,42.3,2.33,44.3,10.5,26.9,14.9,28.4,17.3,58.6,7.0,71.9,48.7,51.7,36.6,19.7,78.6541433,13.30947586,3.150879356,2.151621556,41.89674177,4.815862717,49534.0
3540.0,1056,417.3,62536,1107314,11.9,345.8820172,31.8,31.3,32.3,3.03,52.1,14.1,31.5,7.7,22.8,20.8,66.9,5.8,73.1,63.5,56.6,20.2,11.0,82.34111059,1.677822492,3.667798005,7.179426817,54.8037466,6.633919132,93564.75
1962.667684,148,453.5494221,91688,141660,5.5,444.7268107,35.5,35.2,35.9,2.9,60.3,15.6,27.9,14.9,23.4,28.1,73.2,4.6,85.5,75.5,68.0,16.8,8.0,85.67236131,2.941262143,5.920391489,1.580227495,64.00598227,6.064705544,93564.75
64.0,35,317.9,31805,13373,23.0,0.0,47.3,46.2,47.8,2.54,58.6,20.6,45.8,2.3,42.4,5.8,44.6,9.0,53.1,37.3,31.6,43.7,25.3,98.37969814,0.059189109,0.022195916,0.651080201,57.15368581,6.128904705,28429.05
134.0,60,386.3,53645,27816,10.2,0.0,41.2,39.7,41.7,2.52,56.2,15.7,39.4,9.5,43.9,10.2,54.5,6.7,76.8,58.4,53.9,31.8,14.8,94.25664822,0.585400678,0.424772443,2.880599679,55.8861106,7.870216306,52796.0
499.0,215,457.8,40921,79545,20.2,0.0,43.4,41.4,44.8,2.61,54.7,13.8,48.2,3.0,34.3,11.5,48.1,7.8,54.3,48.7,33.4,39.3,21.8,89.31102562,6.80368533,0.592285107,1.157993318,55.24848892,5.769695505,41543.55
22.0,13,368.6,34644,4436,18.2,0.0,41.3,39.0,41.9,2.52,57.8,28.6,28.3,5.0,45.9,7.9,54.9,7.4,57.9,39.8,34.9,38.1,18.7,97.99772469,0.3185438,0.273037543,0.0,55.69105691,7.524536532,35815.95
340.0,117,451.8,52128,96021,19.5,1614.23022,25.9,24.8,27.7,2.35,41.5,1.6,11.4,12.1,18.8,27.3,63.9,5.5,86.7,73.3,62.5,18.7,7.8,88.01957558,2.429850619,6.55226209,0.338725878,44.69791928,3.565762635,52796.0
120.0,62,414.9,37495,24114,24.1,0.0,36.0,33.7,37.6,2.37,47.2,10.9,19.9,7.3,38.2,13.3,53.3,10.1,60.5,46.5,39.9,38.8,22.6,60.04850578,35.59419575,0.702922679,1.623710281,47.35854955,6.776379477,38888.25
4383.0,1638,504.4,46013,913010,18.2,359.2512678,36.0,34.6,37.6,2.58,43.2,17.1,32.4,8.9,28.6,18.7,57.9,10.0,63.5,50.9,41.7,32.0,19.3,61.47665866,29.39720863,4.356256449,1.135545818,41.79490974,5.094111629,46611.3
25.0,14,431.6,37581,3910,19.4,0.0,523.2,42.4,45.4,2.34,58.7,26.9,27.6,13.1,41.9,11.0,53.8,7.4,56.0,39.7,28.4,37.4,18.6,96.6047088,0.570012392,0.0,0.470879802,54.64772054,5.076142132,38888.25
94.0,44,462.8,44676,14233,15.8,0.0,45.1,44.2,45.5,2.35,56.6,15.1,25.2,15.5,30.1,9.4,48.8,8.4,62.3,42.8,34.5,38.8,18.4,89.8877193,8.792982456,0.540350877,0.0,52.82673761,4.195088677,43962.7
1962.667684,9,453.5494221,58543,6133,8.3,0.0,36.1,36.8,35.0,2.78,64.8,33.5,25.6,4.5,25.6,14.3,70.8,2.9,76.1,48.7,48.4,22.1,11.4,98.35119538,0.0,0.131904369,1.071723001,64.88372093,6.199261993,58020.05
106.0,49,520.2,30721,13405,26.4,0.0,46.7,46.0,47.2,2.43,51.7,24.8,40.2,0.0,36.6,7.7,43.2,9.5,52.1,33.0,25.9,49.6,24.3,97.07397178,0.5822199,0.082107935,0.089572292,50.2842472,6.199460916,28429.05
18.0,7,405.8,27512,3141,37.3,0.0,40.3,37.5,43.4,2.57,38.4,43.3,40.2,0.0,44.8,2.7,35.6,19.2,35.2,22.2,19.6,51.9,34.2,31.79768041,61.05025773,0.0,0.193298969,33.8123415,14.87889273,28429.05
875.0,288,452.9,69432,208713,9.6,158.111857,37.9,37.2,38.6,2.66,57.4,13.1,27.8,12.5,21.4,26.9,63.7,5.5,80.5,67.4,58.5,21.5,9.5,81.3079153,11.76239375,2.037537464,3.332678229,58.76956073,4.49704142,93564.75
397.0,149,438.8,38869,78524,21.7,0.0,37.5,35.1,39.8,2.56,42.8,17.9,34.9,6.2,30.9,12.1,52.2,9.6,58.4,45.3,37.4,37.9,23.2,54.46688045,42.45540635,0.845525604,0.711494138,41.78310495,5.340297394,38888.25
227.0,109,467.3,40038,42255,17.6,0.0,37.5,36.2,39.0,2.56,53.9,20.0,31.1,5.1,32.2,11.5,57.1,6.4,61.6,47.7,39.7,35.7,20.1,90.38019661,2.847329148,0.407438114,2.8970745,52.40220693,6.924516532,38888.25
1962.667684,33,453.5494221,51274,12109,11.5,0.0,43.0,42.5,44.3,2.36,56.4,22.7,29.7,4.9,36.0,11.8,65.6,2.6,68.5,48.7,40.2,39.5,21.4,93.8785585,0.814546651,0.246832319,0.970873786,53.27640985,8.914100486,52796.0
286.0,125,345.3,60650,77390,10.0,0.0,39.7,38.7,40.5,2.64,54.7,9.3,21.9,11.7,27.9,19.1,59.1,6.5,80.6,63.1,57.7,28.0,11.3,93.60379689,1.56816852,1.388726351,0.607242702,56.7383997,4.540884719,58020.05
228.0,100,448.5,41678,31883,14.1,0.0,48.0,46.6,49.2,2.3,55.7,13.6,35.4,7.5,44.3,9.5,51.9,7.8,69.4,45.8,38.6,42.0,17.8,97.48219263,0.396407557,0.603902137,0.300402601,52.9590728,5.169018707,41543.55
393.0,150,476.0,44888,59736,13.5,100.4419446,45.5,44.3,46.9,2.29,49.4,9.1,35.9,11.9,34.2,18.1,59.3,6.6,65.3,47.8,42.7,44.4,24.2,96.93375186,0.632744094,0.731868495,0.219725756,47.86519502,4.093296262,43962.7
89.0,39,434.7,38419,15871,23.1,0.0,43.3,41.3,46.2,2.52,44.8,29.4,34.7,3.7,34.7,11.5,41.0,10.2,58.7,42.2,34.0,37.2,18.9,77.94741844,17.97275895,1.672473868,0.411783339,50.17760329,4.887361588,38888.25
2134.0,925,475.8,42943,415395,19.6,209.4392085,37.0,35.7,38.3,2.62,44.8,19.7,32.2,8.1,32.8,14.6,52.6,9.8,62.4,48.6,41.6,35.1,20.6,60.00371755,35.04517792,1.966923435,0.671332115,44.46454977,5.219663305,43962.7
1269.0,557,452.5,36383,141058,20.1,42.53569454,55.4,54.4,56.1,2.25,54.6,24.1,42.3,3.2,38.2,11.1,35.8,13.1,57.6,31.6,24.7,54.3,24.4,93.29127701,2.992395492,1.593939307,0.279977659,51.06536419,3.923080412,35815.95
522.0,208,483.8,48925,122851,18.3,32.55976752,32.8,31.9,33.8,2.48,47.2,8.0,29.6,8.1,30.9,17.2,59.9,7.9,68.2,56.0,49.6,30.5,17.8,82.10760824,9.374527112,3.065153426,3.034047919,47.69427369,5.172199041,49534.0
620.0,248,471.7,40429,93246,15.9,0.0,525.6,41.6,46.2,2.27,50.4,22.0,40.2,7.9,50.3,9.4,52.7,7.2,71.8,48.7,46.5,37.0,16.0,95.23966555,2.855136906,0.346786375,0.371252899,47.97968254,5.713833492,41543.55
271.0,117,533.4,44289,38339,18.6,991.1578288,41.7,40.3,43.4,2.4,51.4,19.0,35.0,4.6,35.4,9.6,55.6,9.6,59.7,41.9,37.9,46.0,26.1,92.99624984,3.680331049,0.760377602,0.439674124,47.34207692,6.338625621,43962.7
827.0,327,469.1,41296,158276,17.9,164.2700094,470.4,37.7,40.5,2.45,49.0,17.3,26.0,6.7,28.5,14.8,57.6,7.9,61.3,47.9,41.3,35.1,20.7,70.77960556,18.32562573,1.475608342,6.150407708,46.79502803,4.493936752,41543.55
747.0,234,460.5,97802,193013,4.8,554.3668043,37.8,37.4,38.3,2.78,62.7,12.8,29.2,12.3,20.6,33.3,67.9,3.2,87.4,76.5,70.2,17.1,7.5,88.96690449,3.596447234,4.770456176,0.586195553,65.7719961,4.830467049,93564.75
15.0,8,425.6,49159,2236,12.4,0.0,43.5,41.4,46.0,2.24,60.6,19.5,35.0,14.6,39.1,17.7,65.9,4.1,75.8,55.5,42.7,32.9,14.8,96.27059844,0.954032958,0.0,0.346921075,54.47316103,10.3626943,49534.0
89.0,41,449.2,33041,14435,23.1,0.0,44.2,43.2,45.0,2.48,53.9,26.0,45.8,10.0,46.5,8.2,41.3,8.9,51.6,36.0,32.9,51.8,32.6,97.9365947,0.020497404,0.12981689,0.204974037,52.19686649,2.353331124,28429.05
1825.0,688,435.6,67676,452745,8.6,88.34995417,35.0,33.5,37.0,2.63,50.1,8.8,31.9,9.3,22.4,22.2,60.4,6.1,80.0,48.7,42.2,22.1,9.2,67.74074818,19.30826028,6.463003859,1.417162997,50.40904224,5.841796248,93564.75
17.0,9,530.3,37281,2138,23.0,0.0,46.7,47.3,46.3,2.31,53.0,5.0,54.8,0.0,36.1,9.8,44.1,6.7,55.8,43.4,38.6,46.3,32.4,99.0942029,0.0,0.0,0.0,52.25806452,1.204819277,35815.95
27.0,13,458.2,36027,3618,18.3,0.0,48.5,46.4,50.0,2.06,56.5,34.1,42.9,0.0,31.7,19.6,54.5,1.4,64.2,44.2,31.0,32.9,13.3,93.10915105,1.901874311,0.0,1.323042999,48.63609983,6.068601583,35815.95
92.0,43,508.2,34837,13735,23.4,0.0,40.2,36.8,44.9,2.7,45.5,23.6,40.9,1.8,38.0,8.2,54.5,7.1,50.7,48.7,32.4,41.4,23.3,68.32789264,5.817918027,0.036271309,0.776206021,51.41445891,4.598628479,35815.95
179.0,63,485.3,48658,31587,12.5,63.31718745,37.8,35.5,39.6,2.35,51.9,7.7,20.7,4.6,32.0,14.9,63.5,5.5,75.6,60.6,51.1,27.5,12.1,94.92716748,0.963679155,1.237198651,1.052732015,49.86582478,5.432887856,49534.0
139.0,52,536.7,45889,19414,15.2,0.0,42.4,40.8,44.7,2.37,52.9,18.1,29.3,5.7,33.6,11.9,52.1,6.8,68.1,50.2,43.4,38.3,19.7,92.93792539,3.561741978,0.404278184,0.204697815,53.84514436,3.962879358,46611.3
80.0,41,411.4,36865,18455,21.7,0.0,39.0,37.7,39.6,2.79,53.0,22.8,37.6,2.7,45.6,4.7,47.5,10.9,43.9,32.8,28.5,39.4,25.8,94.51549967,3.186646434,1.110990679,0.075872534,55.37152408,4.942780618,35815.95
463.0,201,437.3,54359,88502,9.9,0.0,42.0,40.4,43.7,2.51,51.1,15.0,45.6,6.2,40.2,11.5,60.1,6.0,77.7,57.6,51.7,30.3,13.9,93.82361909,2.096061978,0.603069556,0.927191209,53.53820299,4.49736915,52796.0
1337.0,550,459.6,46388,268441,17.2,972.2806874,36.5,35.3,37.6,2.5,46.6,13.5,31.9,10.2,31.2,16.9,58.7,8.5,68.4,55.5,50.0,30.2,17.1,79.52859912,12.9214282,2.013126483,2.037074456,46.38007941,5.453791069,46611.3
1962.667684,16,453.5494221,35502,3115,18.4,0.0,47.4,46.9,48.6,2.08,53.6,7.8,46.1,5.0,38.8,12.7,59.7,4.6,63.1,44.1,35.8,38.5,17.5,94.67455621,0.529430084,0.155714731,0.311429461,44.93794905,6.818181818,35815.95
1285.0,539,508.7,43936,188332,16.8,191.1517958,42.8,40.9,44.3,2.28,47.9,20.4,33.0,7.6,37.3,14.7,54.1,7.0,66.0,48.6,45.4,39.4,20.4,88.72214738,4.475812581,1.100738543,0.189222197,43.74346505,4.091266719,43962.7
101.0,55,396.7,32205,21725,27.0,0.0,39.8,38.7,41.1,2.61,42.8,19.5,37.5,2.2,37.5,9.1,54.5,14.7,54.8,48.7,30.7,43.4,25.6,51.71961263,44.97692099,0.705946239,1.520499593,41.15532119,5.998421468,28429.05
412.0,147,460.5,49676,81035,16.0,567.6559511,42.0,41.1,42.7,2.62,57.7,15.7,36.0,4.3,30.4,14.3,54.5,10.2,64.8,51.3,46.4,33.5,18.6,89.26713413,5.409786624,0.468722511,2.367488502,58.69781973,4.703203954,49534.0
332.0,130,525.0,40224,48325,23.1,269.0118986,41.9,40.5,43.4,2.41,51.7,22.2,32.7,3.6,35.9,10.3,46.3,10.5,61.7,43.3,40.2,42.4,23.0,94.74415847,2.727068299,0.400678701,0.130833861,50.45658567,4.636200208,38888.25
77.0,36,498.8,30872,13275,30.4,0.0,40.7,39.4,42.9,2.45,51.9,23.5,40.2,0.9,36.2,6.6,54.5,9.6,47.3,36.2,32.7,51.8,33.7,94.28805481,3.232052428,0.305332142,0.223413762,56.8843594,6.742424242,28429.05
301.0,85,519.6,92097,64875,5.5,0.0,39.6,39.2,39.9,2.98,57.5,17.4,32.6,7.9,23.0,24.1,60.5,4.3,85.1,72.5,64.4,20.0,8.5,90.34852547,4.2229167,1.365864492,1.521328743,68.27869684,4.704009263,93564.75
19.0,9,254.7,81209,12826,8.6,0.0,32.2,32.4,32.1,2.93,51.1,17.6,31.0,8.9,28.4,17.6,54.5,3.0,70.1,59.7,48.4,19.3,9.2,78.31513261,0.800832033,0.364014561,0.405616225,53.57809583,8.189655172,93564.75
592.0,241,446.6,50935,193479,13.9,0.0,30.3,29.5,31.1,2.76,54.2,7.7,37.0,8.7,30.8,16.6,52.1,9.7,72.1,54.5,28.7,29.0,14.9,71.70072051,19.2257232,2.115818905,1.715238198,53.62200682,6.724977636,49534.0
152.0,68,484.1,35964,25548,24.7,0.0,39.7,38.0,41.1,2.7,48.8,23.9,35.2,1.3,36.2,8.9,47.5,8.4,49.4,36.8,32.5,40.7,24.8,68.44707822,4.99195479,0.192300145,0.784898552,48.61986525,6.579419147,35815.95
180.0,68,401.6,63646,33347,7.8,0.0,46.4,45.5,47.2,2.55,61.4,17.7,30.3,12.1,35.0,17.7,59.9,4.6,82.5,64.9,56.5,28.2,11.0,94.00995325,3.456492233,0.153822953,0.551952948,63.82715093,3.635817308,93564.75
1962.667684,76,453.5494221,45179,28706,15.7,0.0,48.3,48.0,48.6,2.19,61.1,18.0,44.2,3.6,35.4,14.2,52.6,7.4,61.7,39.9,31.9,49.5,25.9,85.19232792,0.361162734,0.497913672,0.126231635,54.46484132,7.941812463,43962.7
152.0,74,483.4,39232,21737,18.3,0.0,44.1,42.9,45.3,2.29,55.6,18.9,44.5,4.9,41.3,10.2,53.0,7.4,62.0,48.7,34.7,41.0,19.8,96.1423255,1.720068984,0.158845421,0.013615322,50.39924354,5.062186341,38888.25
